input_id,link,title,category,address,open_hours,popular_times,review_count,review_rating,reviews_per_rating,latitude,longitude,cid,data_id,place_id,images,menu
3043499d-f7a0-4139-b121-07920cff8870,https://www.google.com/maps/place/Kise+Coffee/data=!4m7!3m6!1s0x2de423b110e26c1d:0xaf430d778a3c8d!8m2!3d-3.3243907!4d114.603467!16s%2Fg%2F11tx6f5lqz!19sChIJHWziELEj5C0RjTyKdw1DrwA?authuser=0&hl=en&g_ep=EgoyMDI2MDkwMi4wIJJjKgBIAVAD&rclk=1,Kise Coffee,Coffee shop,"Melayu (Di Arena Suzuki Bagian Kiri, Jl. A. Yani km 2 No.6, Melayu, Kec. Banjarmasin Tengah, Kota Banjarmasin, Kalimantan Selatan 70122","{""Friday"":[""9.00 am–12.00 am""],""Monday"":[""9.00 am–11.00 pm""],""Saturday"":[""9.00 am–12.00 am""],""Sunday"":[""9.00 am–11.00 pm""],""Thursday"":[""9.00 am–11.00 pm""],""Tuesday"":[""9.00 am–11.00 pm""],""Wednesday"":[""9.00 am–11.00 pm""]}","{""Friday"":{""10"":68,""11"":81,""12"":84,""13"":75,""14"":78,""15"":71,""16"":75,""17"":68,""18"":68,""19"":65,""20"":59,""21"":53,""22"":53,""23"":59,""6"":0,""7"":0,""8"":0,""9"":59},""Monday"":{""10"":50,""11"":59,""12"":56,""13"":62,""14"":59,""15"":62,""16"":59,""17"":59,""18"":46,""19"":50,""20"":43,""21"":59,""22"":50,""23"":0,""6"":0,""7"":0,""8"":0,""9"":46},""Saturday"":{""10"":71,""11"":81,""12"":81,""13"":84,""14"":75,""15"":84,""16"":81,""17"":75,""18"":56,""19"":46,""20"":50,""21"":53,""22"":62,""23"":59,""6"":0,""7"":0,""8"":0,""9"":59},""Sunday"":{""10"":31,""11"":34,""12"":34,""13"":37,""14"":43,""15"":31,""16"":25,""17"":28,""18"":34,""19"":56,""20"":56,""21"":46,""22"":40,""23"":0,""6"":0,""7"":0,""8"":0,""9"":28},""Thursday"":{""10"":50,""11"":65,""12"":84,""13"":96,""14"":100,""15"":100,""16"":96,""17"":84,""18"":62,""19"":56,""20"":62,""21"":59,""22"":43,""23"":0,""6"":0,""7"":0,""8"":0,""9"":53},""Tuesday"":{""10"":68,""11"":71,""12"":81,""13"":81,""14"":78,""15"":71,""16"":56,""17"":50,""18"":40,""19"":53,""20"":71,""21"":87,""22"":81,""23"":0,""6"":0,""7"":0,""8"":0,""9"":53},""Wednesday"":{""10"":53,""11"":87,""12"":96,""13"":90,""14"":71,""15"":68,""16"":59,""17"":50,""18"":46,""19"":43,""20"":37,""21"":46,""22"":46,""23"":0,""6"":0,""7"":0,""8"":0,""9"":34}}",153,4.8,"{""1"":7,""2"":0,""3"":3,""4"":3,""5"":140}",-3.324391,114.603467,49331846043548813,0x2de423b110e26c1d:0xaf430d778a3c8d,ChIJHWziELEj5C0RjTyKdw1DrwA,"[{""title"":""All"",""image"":""https://lh3.googleusercontent.com/gps-cs-s/AHRPTWnC9v0PKge0mg0tfCJc2LIRYKL6Zy_ymjsm7MkR5Duo8rk-F7_G3_bT6N19XhXdhvDSbD6EWVRiA47_e0-l-zIDTZ3qSpNXp1pZz3zL-xEzLQNDAVwkf0JqK4FjNz8uhVkQg23HT0LI7z4X=w397-h298-k-no""},{""title"":""Latest"",""image"":""https://lh3.googleusercontent.com/gps-cs-s/AHRPTWmc9TlbUhoHc7jUmRti5-_dEdCipa5baF6nvDOPYPwsPCC_Dv5E9c25P8gKOcHzYeu0xGkSsgLHCr-f_K3cywxf-YeqvxDfYU4NAJUW4RT9Ko6VplwKb6XhoFEo1BX-liS8RJLpb9qYS80=w224-h298-k-no""},{""title"":""Videos"",""image"":""https://lh3.googleusercontent.com/gps-cs-s/AHRPTWldrO2cg2rzQNOJjOOzDefFrbZdHWurftzJ8NNRe6pTi4ki2mu4zncPCaJS7DBWTeX033N6n5y9N7cJphtcY3dHPieckPuXADW2FrLDL6RIo4PI5u_Z2iRGtUiSsjrggCJnd40A7_mAGAjI=w224-h398-k-no""},{""title"":""Menu"",""image"":""https://lh3.googleusercontent.com/gps-cs-s/AHRPTWlCq7D9wciDvGv274EatDTJr5w4LUNKRwbT2Z-4CTTj8lnCbVt9hTpbu3zze0ltGMvv7d94mfLYqywp2nFsIr8aoxs_9WVNSqf2q6oeqFsOxKurHhAnx6GTp7Ly-7ebJTEzJ8yV=w397-h298-k-no""},{""title"":""Food \u0026 drink"",""image"":""https://lh3.googleusercontent.com/gps-cs-s/AHRPTWlJNaFz1UN0Bz5k3iPXfA9eu0dG0VJKcdyPh6m-wQl7lYIIV1I1qH3Dljj8sb77Rf8o7LN2B1AxKKqW4HwaHgQQbwHOeWjruTZiwnuteROVwjOAwD4Ma00gxTImTI4S6_aD_eQySCek6HM=w529-h298-k-no""},{""title"":""Vibe"",""image"":""https://lh3.googleusercontent.com/gps-cs-s/AHRPTWn_j9ujwbZWqKUkZSeDeTN_2u0IeYgxtzlihYgK161wQ4RGH5C6syAmaHmWKzvNmB1RfgvE4viVKGqOD5VwbuJ8LMLc66F51-N2Ggi-yFWQcc3I8HyxYlyuIl2JnYuyR84zlpeyHmep51iW=w224-h298-k-no""},{""title"":""By owner"",""image"":""https://lh3.googleusercontent.com/gps-cs-s/AHRPTWlfRdtxKtK5FKgdpyryCwVkT9Nw-nG9IXS3zVFmQh3CJTIyzqZGLtXBSgQxVcPO8i0hPtOLV_10aYVwEPByO6Oo3cVFrvVtYTyOqrZXSHiYG-7L3u7Vg90y7hENaOjgmd2vZFJFwQ=w224-h398-k-no""},{""title"":""Street View \u0026 360°"",""image"":""https://streetviewpixels-pa.googleapis.com/v1/thumbnail?panoid=6IQOwMCSVRB9jrePBDE_2w\u0026cb_client=maps_sv.tactile.gps\u0026w=224\u0026h=298\u0026yaw=33.148643\u0026pitch=0\u0026thumbfov=100""}]","{""link"":"""",""source"":""""}"
3043499d-f7a0-4139-b121-07920cff8870,https://www.google.com/maps/place/Berdua+Coffee/data=!4m7!3m6!1s0x2de423005a56fbaf:0x65e28e8099e655e!8m2!3d-3.3279576!4d114.6078452!16s%2Fg%2F11nvt62_bb!19sChIJr_tWWgAj5C0RXmWeCegoXgY?authuser=0&hl=en&g_ep=EgoyMDI2MDkwMi4wIJJjKgBIAVAD&rclk=1,Berdua Coffee,Coffee shop,"Jl. A. Yani No.147, Karang Mekar, Kec. Banjarmasin Tim., Kota Banjarmasin, Kalimantan Selatan 70236","{""Friday"":[""7.30 pm–2.00 am""],""Monday"":[""7.30 pm–2.00 am""],""Saturday"":[""7.30 pm–2.00 am""],""Sunday"":[""7.30 pm–2.00 am""],""Thursday"":[""Closed""],""Tuesday"":[""7.30 pm–2.00 am""],""Wednesday"":[""7.30 pm–2.00 am""]}",{},1,5.0,"{""1"":0,""2"":0,""3"":0,""4"":0,""5"":1}",-3.327958,114.607845,458849189097268574,0x2de423005a56fbaf:0x65e28e8099e655e,ChIJr_tWWgAj5C0RXmWeCegoXgY,[],"{""link"":"""",""source"":""""}"
3043499d-f7a0-4139-b121-07920cff8870,https://www.google.com/maps/place/Caffeinated/data=!4m7!3m6!1s0x2de42300441b1215:0x276aead9f9d63872!8m2!3d-3.3224155!4d114.610258!16s%2Fg%2F11vp_pjhdt!19sChIJFRIbRAAj5C0RcjjW-dnqaic?authuser=0&hl=en&g_ep=EgoyMDI2MDkwMi4wIJJjKgBIAVAD&rclk=1,Caffeinated,Coffee shop,"Jl. Manggis No.19a, RT.17/RW.02, Kuripan, Kec. Banjarmasin Tim., Kota Banjarmasin, Kalimantan Selatan 70122","{""Friday"":[""3.00 pm–1.00 am""],""Monday"":[""3.00 pm–12.00 am""],""Saturday"":[""3.00 pm–1.00 am""],""Sunday"":[""3.00 pm–12.00 am""],""Thursday"":[""3.00 pm–12.00 am""],""Tuesday"":[""3.00 pm–12.00 am""],""Wednesday"":[""3.00 pm–12.00 am""]}",{},2,5.0,"{""1"":0,""2"":0,""3"":0,""4"":0,""5"":2}",-3.322415,114.610258,2840340736930887794,0x2de42300441b1215:0x276aead9f9d63872,ChIJFRIbRAAj5C0RcjjW-dnqaic,"[{""title"":""All"",""image"":""https://streetviewpixels-pa.googleapis.com/v1/thumbnail?panoid=S_1TNyGJXgPem0LZyssLEQ\u0026cb_client=maps_sv.tactile.gps\u0026w=224\u0026h=298\u0026yaw=60.48428\u0026pitch=0\u0026thumbfov=100""},{""title"":""Street View \u0026 360°"",""image"":""https://streetviewpixels-pa.googleapis.com/v1/thumbnail?panoid=S_1TNyGJXgPem0LZyssLEQ\u0026cb_client=maps_sv.tactile.gps\u0026w=224\u0026h=298\u0026yaw=60.48428\u0026pitch=0\u0026thumbfov=100""}]","{""link"":"""",""source"":""""}"
3043499d-f7a0-4139-b121-07920cff8870,https://www.google.com/maps/place/DE+VILLAGE+CAFE/data=!4m7!3m6!1s0x2de423b3a23524e3:0xb72aca8b0f968bf7!8m2!3d-3.3211947!4d114.6100645!16s%2Fg%2F11y8spg_xf!19sChIJ4yQ1orMj5C0R94uWD4vKKrc?authuser=0&hl=en&g_ep=EgoyMDI2MDkwMi4wIJJjKgBIAVAD&rclk=1,DE VILLAGE CAFE,Cafe,"diatas Toko Tifa Home decor Bjm, Jl. Manggis No.121 Lantai 2 & 3, Kuripan, Kec. Banjarmasin Tim., Kota Banjarmasin, Kalimantan Selatan 70239","{""Friday"":[""11.00 am–11.00 pm""],""Monday"":[""11.00 am–11.00 pm""],""Saturday"":[""11.00 am–11.55 pm""],""Sunday"":[""11.00 am–11.00 pm""],""Thursday"":[""11.00 am–11.00 pm""],""Tuesday"":[""11.00 am–11.00 pm""],""Wednesday"":[""11.00 am–11.00 pm""]}","{""Friday"":{""10"":0,""11"":33,""12"":37,""13"":40,""14"":42,""15"":48,""16"":57,""17"":72,""18"":82,""19"":85,""20"":83,""21"":77,""22"":63,""23"":0,""6"":0,""7"":0,""8"":0,""9"":0},""Monday"":{""10"":0,""11"":38,""12"":45,""13"":43,""14"":40,""15"":39,""16"":49,""17"":64,""18"":77,""19"":85,""20"":85,""21"":79,""22"":61,""23"":0,""6"":0,""7"":0,""8"":0,""9"":0},""Saturday"":{""10"":0,""11"":45,""12"":50,""13"":51,""14"":50,""15"":54,""16"":64,""17"":76,""18"":88,""19"":95,""20"":100,""21"":100,""22"":87,""23"":64,""6"":0,""7"":0,""8"":0,""9"":0},""Sunday"":{""10"":0,""11"":34,""12"":39,""13"":37,""14"":38,""15"":40,""16"":48,""17"":63,""18"":76,""19"":85,""20"":78,""21"":67,""22"":51,""23"":0,""6"":0,""7"":0,""8"":0,""9"":0},""Thursday"":{""10"":0,""11"":36,""12"":39,""13"":42,""14"":43,""15"":48,""16"":60,""17"":71,""18"":80,""19"":80,""20"":79,""21"":73,""22"":60,""23"":0,""6"":0,""7"":0,""8"":0,""9"":0},""Tuesday"":{""10"":0,""11"":39,""12"":43,""13"":40,""14"":39,""15"":41,""16"":53,""17"":68,""18"":84,""19"":90,""20"":91,""21"":77,""22"":59,""23"":0,""6"":0,""7"":0,""8"":0,""9"":0},""Wednesday"":{""10"":0,""11"":39,""12"":43,""13"":41,""14"":40,""15"":47,""16"":59,""17"":72,""18"":81,""19"":83,""20"":81,""21"":72,""22"":56,""23"":0,""6"":0,""7"":0,""8"":0,""9"":0}}",137,4.3,"{""1"":18,""2"":1,""3"":7,""4"":8,""5"":103}",-3.321195,114.610064,13198584356573449207,0x2de423b3a23524e3:0xb72aca8b0f968bf7,ChIJ4yQ1orMj5C0R94uWD4vKKrc,"[{""title"":""All"",""image"":""https://lh3.googleusercontent.com/gps-cs-s/AHRPTWkt_RSmccpyw8XDpdZp_ku227EqisvgyUjGK01bVCkQNS5HzNleUhU9ZniwDz3g7cCdCNBHTrfDt8IR7aqHduJnlAPPcA8MOeKL7n7aO0wkHrIGzhb99mgNRWnazB7jFH45KDYC=w224-h398-k-no""},{""title"":""Latest"",""image"":""https://lh3.googleusercontent.com/gps-cs-s/AHRPTWnMfhJ0nNiU5E7i5e53ptZkvMeCs4C565eaR2oG4vJQ8rU4wcmQKLNeMHYIgHyHxYPc_YTt-iE4UjpG4E6CER4UY_MGcThUxm7NgU9BF4LG3pZUwytWzaGJQUe_y1wzVCsoNbx5pp0HRjQi=w224-h298-k-no""},{""title"":""Videos"",""image"":""https://lh3.googleusercontent.com/gps-cs-s/AHRPTWmx9MsJlOJuT_KnWW3wKc1bGHvmlF5z-wBoMPvinauVTZN7zQl23S0piGkS_izCG0MfHtH8H7b6Ohdf2cGsVDFfwwnsHCmfITux6YpA-NCXpFStqFqWXQ3pv6VuLGf7EOcuEdO4=w224-h398-k-no""},{""title"":""Menu"",""image"":""https://lh3.googleusercontent.com/gps-cs-s/AHRPTWna-EsqIR8M9o3Z--n2Dd6EwzK_SckTdPAFnVcW2lxIhCLDQtEs48qH8ZUQ6bqQIa-HFQiAMuyGsKkIBHHafVN4TOsjrEDtKfZOuNvMQQrVLsFvJdXuKTsQlJasAKecvOvby8TtTcdLr1qe=w224-h305-k-no""},{""title"":""Food \u0026 drink"",""image"":""https://lh3.googleusercontent.com/gps-cs-s/AHRPTWnwOBZ0nmoZhiqD0xywjTGLaAfQOCLf4jow7NredLywNnNlDOG4i2E27teVi2xiI-kaORThzcw2JpT5-T_Rq7ocdDRefhX2n7mTRAQ4Cg0gqLG08i4YgLwLT25OEWeghGwvYOg=w224-h398-k-no""},{""title"":""Vibe"",""image"":""https://lh3.googleusercontent.com/gps-cs-s/AHRPTWlXUHVXHQOCrophR4To1U3sOLGueNS9GIlpi7i7ibuFvC_yUHTW5uXd2pPSk6E877jL8BMImLsgmC6rW5QuwegPo6yuHQ_I06RBehBVEyP4YfnBHrxPac6BOwU2T2Xt3RdT7WUJ=w224-h398-k-no""},{""title"":""By owner"",""image"":""https://lh3.googleusercontent.com/gps-cs-s/AHRPTWltzN-ALl4gK6TPzGR_fWAYrAlS9PKUPFRNSh_FnIkm02_lwXvXGAAJZLbi8bKJqnLMl3VsaPBFGyA1aOyp6wQkji6t9qH6skDNLltNVLUXpn8ID5_uW8yDE3xqbAOr-szFdNAE=w224-h398-k-no""},{""title"":""Street View \u0026 360°"",""image"":""https://streetviewpixels-pa.googleapis.com/v1/thumbnail?panoid=4Y5zpRfviE0UKE01gDVwXQ\u0026cb_client=maps_sv.tactile.gps\u0026w=224\u0026h=298\u0026yaw=78.01874\u0026pitch=0\u0026thumbfov=100""}]","{""link"":"""",""source"":""""}"
3043499d-f7a0-4139-b121-07920cff8870,https://www.google.com/maps/place/All-Co+Veteran/data=!4m7!3m6!1s0x2de4230f1b93157d:0x330b5e8e4bdb755!8m2!3d-3.3199824!4d114.609756!16s%2Fg%2F11nqm1fq2l!19sChIJfRWTGw8j5C0RVbe95Oi1MAM?authuser=0&hl=en&g_ep=EgoyMDI2MDkwMi4wIJJjKgBIAVAD&rclk=1,All-Co Veteran,Coffee shop,"Sebrang Pertigaan, Jl. Veteran Jl. Manggis, Sungai Bilu, Kec. Banjarmasin Tim., Kota Banjarmasin, Kalimantan Selatan 70236","{""Friday"":[""9.00 am–11.00 pm""],""Monday"":[""9.00 am–11.00 pm""],""Saturday"":[""9.00 am–11.00 pm""],""Sunday"":[""9.00 am–11.00 pm""],""Thursday"":[""9.00 am–11.00 pm""],""Tuesday"":[""9.00 am–11.00 pm""],""Wednesday"":[""9.00 am–11.00 pm""]}",{},7,5.0,"{""1"":0,""2"":0,""3"":0,""4"":0,""5"":7}",-3.319982,114.609756,229883592870573909,0x2de4230f1b93157d:0x330b5e8e4bdb755,ChIJfRWTGw8j5C0RVbe95Oi1MAM,"[{""title"":""All"",""image"":""https://lh3.googleusercontent.com/gps-cs-s/AHRPTWl6rcDYN4XbiVSb-5B_r4o9CfYS_F53VpVepeqWg7Ka4O_OwdKy7jQtTx_FbXhx9HdB7a1P302A6zXcEPdNwPh63V7ovvumJsoun8qLLDDrRkYMXUjGXlXLl6eD6cM2JlJq1vbU7Kn7Z7M=w224-h398-k-no""},{""title"":""Menu"",""image"":""https://lh3.googleusercontent.com/gps-cs-s/AHRPTWk_LmuID2aZFlt6eh5FPHlSGEDYqgTsFspM5rz-atIDHzw-LK7WU0KZHpKG9ECt-iKuQn7X-soknb5a7tGJa2dV60e9C9Vu-Ue6Bub_20jv4UAAtB6J57Pp0gssdaHscThn_4aOcC6yaHc=w224-h320-k-no""},{""title"":""Videos"",""image"":""https://lh3.googleusercontent.com/gps-cs-s/AHRPTWmxCdQM8YGLPRj8K7sW6Wapz9z-lydTkbxs3PUKjUY4U66SnQtapBm7ATno_bMz4caUYoGB8kFR271Adcf3C0FNCtYFqO3_97N-J0yW79Fh6G8haGnj_F5waw2xhfy7Uwjh-6orLd-0cXiN=w224-h398-k-no""},{""title"":""Food \u0026 drink"",""image"":""https://lh3.googleusercontent.com/gps-cs-s/AHRPTWmUrSiYatHx1wRPLP_6Cdfjoe1_V2YmrdelXySuIbvdynJZegYbembzeq3pUjoJd4Qs_rwn4eqIFr80itlGfBEYVokyGqH9M3yr0kY0zM4qri3L62JJ-wX7p3w8yP7z1jNmbb_QURiRRLHe=w224-h398-k-no""},{""title"":""Vibe"",""image"":""https://lh3.googleusercontent.com/gps-cs-s/AHRPTWklY9i3GpTq6olyEnKzeOdYI15zLmR3M7tDfh2KZQ1QoZ7Smw1RUQgzpzv88CPa_qQXRfepomPyR6ww9YFtwqMpQhrgnYKs8JxMacCx6RoL0se7wj1vflUdP39a5Q_RPNGlbBfJc3XUsrI3=w224-h398-k-no""},{""title"":""Coffee"",""image"":""https://lh3.googleusercontent.com/gps-cs-s/AHRPTWkxfD9gqcMajMGEgtqNwbAsct5lDKrXXF2ZV4LTjo1Hxnf5v9sX4AVVxZVtYnDKhXePk1iZFEkgmlaUuGkLpixYYDKzx4_Uy4gqmBzfO40ankKNyo9s9Op59zTzvs3Ouc3t82dklsVIvOY=w238-h298-k-no""},{""title"":""By owner"",""image"":""https://lh3.googleusercontent.com/gps-cs-s/AHRPTWnXe4W1kjA-y4rmWHbPo_drIaxhND1xjBt7z52a37fXIyyld8G5PbOWU-ZAXPn-npU5n3BCxowtASwpCdlCUdnwzERyVPYYQBhP79pVC_Hg-V0WeJhb95ukpDZFtF7GY2aCr-saUY4yiHg=w224-h398-k-no""},{""title"":""Street View \u0026 360°"",""image"":""https://streetviewpixels-pa.googleapis.com/v1/thumbnail?panoid=OD-xcEEHlMhj_yj9ZAHsyA\u0026cb_client=maps_sv.tactile.gps\u0026w=224\u0026h=298\u0026yaw=356.31406\u0026pitch=0\u0026thumbfov=100""}]","{""link"":"""",""source"":""""}"
3043499d-f7a0-4139-b121-07920cff8870,https://www.google.com/maps/place/A+Thousand+Feet+for+Coffee/data=!4m7!3m6!1s0x2de423fd1cf2862f:0x3ae2e347a5912f3a!8m2!3d-3.3283347!4d114.6096413!16s%2Fg%2F11hd54956h!19sChIJL4byHP0j5C0ROi-RpUfj4jo?authuser=0&hl=en&g_ep=EgoyMDI2MDkwMi4wIJJjKgBIAVAD&rclk=1,A Thousand Feet for Coffee,Coffee shop,"Jl. A. Yani No.km 3,5, Kebun Bunga, Banjarmasin Timur, Banjarmasin City, South Kalimantan 70237","{""Friday"":[""7.00 am–11.00 pm""],""Monday"":[""7.00 am–11.00 pm""],""Saturday"":[""7.00 am–11.00 pm""],""Sunday"":[""7.00 am–11.00 pm""],""Thursday"":[""7.00 am–11.00 pm""],""Tuesday"":[""7.00 am–11.00 pm""],""Wednesday"":[""7.00 am–11.00 pm""]}","{""Friday"":{""10"":20,""11"":21,""12"":20,""13"":21,""14"":23,""15"":29,""16"":34,""17"":42,""18"":50,""19"":61,""20"":71,""21"":75,""22"":68,""23"":0,""6"":0,""7"":11,""8"":14,""9"":17},""Monday"":{""10"":21,""11"":23,""12"":23,""13"":25,""14"":28,""15"":34,""16"":41,""17"":46,""18"":51,""19"":56,""20"":63,""21"":63,""22"":54,""23"":0,""6"":0,""7"":11,""8"":15,""9"":18},""Saturday"":{""10"":28,""11"":30,""12"":30,""13"":30,""14"":31,""15"":33,""16"":36,""17"":40,""18"":51,""19"":66,""20"":90,""21"":100,""22"":93,""23"":0,""6"":0,""7"":11,""8"":17,""9"":22},""Sunday"":{""10"":23,""11"":24,""12"":24,""13"":24,""14"":25,""15"":26,""16"":28,""17"":31,""18"":39,""19"":51,""20"":65,""21"":68,""22"":57,""23"":0,""6"":0,""7"":12,""8"":17,""9"":20},""Thursday"":{""10"":15,""11"":19,""12"":20,""13"":22,""14"":27,""15"":34,""16"":38,""17"":40,""18"":44,""19"":51,""20"":60,""21"":63,""22"":53,""23"":0,""6"":0,""7"":9,""8"":11,""9"":13},""Tuesday"":{""10"":19,""11"":19,""12"":21,""13"":26,""14"":30,""15"":35,""16"":39,""17"":44,""18"":49,""19"":57,""20"":66,""21"":68,""22"":60,""23"":0,""6"":0,""7"":10,""8"":14,""9"":16},""Wednesday"":{""10"":18,""11"":20,""12"":22,""13"":22,""14"":25,""15"":33,""16"":42,""17"":51,""18"":55,""19"":58,""20"":65,""21"":67,""22"":57,""23"":0,""6"":0,""7"":10,""8"":14,""9"":16}}",954,4.5,"{""1"":22,""2"":14,""3"":55,""4"":229,""5"":634}",-3.328335,114.609641,4243203695796367162,0x2de423fd1cf2862f:0x3ae2e347a5912f3a,ChIJL4byHP0j5C0ROi-RpUfj4jo,"[{""title"":""All"",""image"":""https://lh3.googleusercontent.com/gps-cs-s/AHRPTWkTMBaAd5tbSlw1Q7oSf3cH2uRFE9e_cHygo94wcl9PVHSsSjdySxxVvu37oF_wypwakNvtrPB1mbe-1B_Zh7pe4kk_uGDi_8nskYn64sQEoNa3jS2q5qRjcZOlmKC6D3GD3R1VilwiwEBQ=w224-h335-k-no""},{""title"":""Menu"",""image"":""https://lh3.googleusercontent.com/gps-cs-s/AHRPTWmNXf9Zuu_hq310zIQQGYLBPYFya3XIdcIno5_vg0YjgImOFy0wl9pI5Kr59dggadV-n49PsunkfgVHP33VHNHLJy5XdzR89yx1_oWKtDfrkoyiAu4YyBO0maihFZJ_pwG7FoGuZ0qlnCCl=w224-h317-k-no""},{""title"":""Videos"",""image"":""https://lh3.googleusercontent.com/gps-cs-s/AHRPTWkcSApQKhLF8IRE1i3lgAGhggxQbU19QQBj1ctfgJRSvZ7N619kdY7FCfFPxre1kHHjyCXGFuJmqfAm2Ki_IwWEU0wPUtlm4jG7BMiwyFBZbGOYd5KpCE5nYGhCe4UkhR85e9t6=w224-h398-k-no""},{""title"":""Food \u0026 drink"",""image"":""https://lh3.googleusercontent.com/gps-cs-s/AHRPTWk9NuF8F3U12dGyUMPAlHo3ii6MHdTf2y1xsJGZsfQCkz75dpGKk9ZGwsQpzcshv5qDqECzaLSttgy4eMY2XGv26tncm1DUORR-ssuvWJ1y_T0y3Hgh0_0wpySpZzLgn7saCAWIBA=w529-h298-k-no""},{""title"":""Vibe"",""image"":""https://lh3.googleusercontent.com/gps-cs-s/AHRPTWkkN60DWCz1S4jMrFPAp7daXTwV9xomUhVxW4orIZjDy2Kn1KoSpYWUuRsjbncscq5aE_MjofX3HenhQzn9JktLTdk8fhUQj2lqhnodr5B61Jh9yh2n9HDx1P_SFLQZ_pUBZishNg=w224-h398-k-no""},{""title"":""Iced coffee"",""image"":""https://lh3.googleusercontent.com/gps-cs-s/AHRPTWloVejD5fxRnz0-rEL7DcappUUDPQFYgeA0FBdUzS1x_pFJJMGckh2dTFDQZFRS0Pv050YCNVyF6qNm3DEL4FIEhEXbASPta1kaGIJ3wG4GNqFYpcjVQZwx1Ji1YIkM_gdN75dOLNWKuZDe=w224-h298-k-no""},{""title"":""Nasi goreng"",""image"":""https://lh3.googleusercontent.com/gps-cs-s/AHRPTWmIVO8M4ifOCmQFbpbDX5xO67AFN5o-4nQ0L5QVHaQueJiSiQk_dCdwKzIxhJU3YF7-MWHoFXkILQ8BPhtto3dukg81DOW3-24iIVJT3oIEopKXuc4qYjJ5dE4VHFEw3fIz09eKu7LsjiQ_=w274-h298-k-no""},{""title"":""Coffee"",""image"":""https://lh3.googleusercontent.com/gps-cs-s/AHRPTWmdqcWc6JUxQdMiLhPfK8MklPJKTzWYMSpK1PJW8BlSRM4brVDK-Z2ImpsPy81prXkXYsEJSZWTrzwLSXM-oZ0ru3sjTxEhU2cycvNZb_21tjCzJhc7fx8M2-RPYPvukLCc8lNcB5cPfJOM=w224-h398-k-no""},{""title"":""Croissant"",""image"":""https://lh3.googleusercontent.com/gps-cs-s/AHRPTWm4z2iKHfJr8iPciYEZYfF85xMjQ_O86MXKCjiM8n2IiDx0jhZ7H6iiC7HhOoM7Kv0IFYzs5pu_ciZEPcicKIcxCwgqdNsEQ1oEvMMZOEViYnx_k--bxqibjXC5iGqdMutkXGPkgIGfpsWe=w224-h298-k-no""},{""title"":""Latte"",""image"":""https://lh3.googleusercontent.com/gps-cs-s/AHRPTWkTFBgveDxhQc738H9EuAEwihsQjNsEjw67dYgSRGRyOrFeCjXpOlYtbZWj3U-0fa1dEQkNM8MYBJQJKNag40DIKY8VsSZ43IDef_HKUX651_n8tgilDGOwV3x4HZD0LVct_aPXd5ypxFYJ=w224-h298-k-no""},{""title"":""By owner"",""image"":""https://lh3.googleusercontent.com/gps-cs-s/AHRPTWkaozHT6HTgP_XUZ7WECNtkGjE4dIEkJXFwEtiLbUHM4B6TTYYapZNa1UH0EM-OqaKS4vGRto5wgmGUvhB2N6KryQ3pYtYDKntOUtwpwpTX0P8AM9YjzqNa58B17UG6pKq8BNSr2OpfS2e6=w224-h336-k-no""},{""title"":""Street View \u0026 360°"",""image"":""https://streetviewpixels-pa.googleapis.com/v1/thumbnail?panoid=shGNT4ZPg-2a2woG0OudEA\u0026cb_client=maps_sv.tactile.gps\u0026w=224\u0026h=298\u0026yaw=47.64855\u0026pitch=0\u0026thumbfov=100""}]","{""link"":""https://drive.google.com/drive/folders/1Gw76cjaXL04_OlxKgr0HvRxczuMDcZ_s?usp=sharing"",""source"":""drive.google.com""}"
3043499d-f7a0-4139-b121-07920cff8870,https://www.google.com/maps/place/Samantha+Cafe/data=!4m7!3m6!1s0x2de423349c362d2f:0xcb5e11bbffd063b3!8m2!3d-3.3236941!4d114.61032!16s%2Fg%2F11mc74wrk0!19sChIJLy02nDQj5C0Rs2PQ_7sRXss?authuser=0&hl=en&g_ep=EgoyMDI2MDkwMi4wIJJjKgBIAVAD&rclk=1,Samantha Cafe,Cafe,"Jl. Manggis No.11, Kebun Bunga, Kec. Banjarmasin Tim., Kota Banjarmasin, Kalimantan Selatan 70237","{""Friday"":[""10.00 am–10.00 pm""],""Monday"":[""10.00 am–10.00 pm""],""Saturday"":[""10.00 am–11.00 pm""],""Sunday"":[""10.00 am–10.00 pm""],""Thursday"":[""10.00 am–10.00 pm""],""Tuesday"":[""10.00 am–10.00 pm""],""Wednesday"":[""10.00 am–10.00 pm""]}","{""Friday"":{""10"":35,""11"":35,""12"":40,""13"":35,""14"":40,""15"":50,""16"":65,""17"":80,""18"":65,""19"":85,""20"":90,""21"":95,""22"":0,""23"":0,""6"":0,""7"":0,""8"":0,""9"":0},""Monday"":{""10"":45,""11"":50,""12"":60,""13"":40,""14"":50,""15"":50,""16"":55,""17"":55,""18"":55,""19"":60,""20"":65,""21"":85,""22"":0,""23"":0,""6"":0,""7"":0,""8"":0,""9"":0},""Saturday"":{""10"":50,""11"":45,""12"":55,""13"":70,""14"":75,""15"":85,""16"":60,""17"":65,""18"":55,""19"":50,""20"":55,""21"":65,""22"":75,""23"":0,""6"":0,""7"":0,""8"":0,""9"":0},""Sunday"":{""10"":40,""11"":40,""12"":50,""13"":45,""14"":55,""15"":50,""16"":40,""17"":35,""18"":50,""19"":75,""20"":75,""21"":70,""22"":0,""23"":0,""6"":0,""7"":0,""8"":0,""9"":0},""Thursday"":{""10"":35,""11"":40,""12"":55,""13"":55,""14"":50,""15"":50,""16"":55,""17"":45,""18"":35,""19"":40,""20"":60,""21"":65,""22"":0,""23"":0,""6"":0,""7"":0,""8"":0,""9"":0},""Tuesday"":{""10"":30,""11"":30,""12"":45,""13"":55,""14"":80,""15"":80,""16"":60,""17"":55,""18"":65,""19"":80,""20"":75,""21"":60,""22"":0,""23"":0,""6"":0,""7"":0,""8"":0,""9"":0},""Wednesday"":{""10"":65,""11"":50,""12"":40,""13"":30,""14"":35,""15"":40,""16"":65,""17"":80,""18"":75,""19"":65,""20"":70,""21"":100,""22"":0,""23"":0,""6"":0,""7"":0,""8"":0,""9"":0}}",36,4.7,"{""1"":1,""2"":0,""3"":2,""4"":4,""5"":29}",-3.323694,114.61032,14654169736658576307,0x2de423349c362d2f:0xcb5e11bbffd063b3,ChIJLy02nDQj5C0Rs2PQ_7sRXss,"[{""title"":""All"",""image"":""https://lh3.googleusercontent.com/gps-cs-s/AHRPTWlJcMeM3ZnspaJ_UyciGslM5WvSNsS045P7mVyd2lFFiFbkvKl_8yBr75t6DFZN0t0YRmUQzpaaeX0Jcck_iZKLQUbBqDyNiBrLB0ZL88Tb0tGhuEaAaeLSIfzef3EyLigumSx9=w224-h298-k-no""},{""title"":""Food \u0026 drink"",""image"":""https://lh3.googleusercontent.com/gps-cs-s/AHRPTWlede1zHceI7xt1SgWTOyLSVjJNQVYYuFKsamp0pq79aD2u8cVc69cF_L3gDul02REbKr6AWnIkTq0pHR-xbKksEwQaYPa30Jh6NQV90fRu7WaSbsi_4igDbyHFrJpAjycgr3W_dg=w224-h298-k-no""},{""title"":""Videos"",""image"":""https://lh3.googleusercontent.com/gps-cs-s/AHRPTWkW4apSKwhUWrHdXulWHAE_X1QaIhB80F7xs1zEiEsmNEIfUn6kRn9hyCe5JcxcGdH1kGLJQJBm644MA87vNKV72bG9OXuWvJvbx5FOe-OmA4cavCmH2HWMRkg-jtonZrSD6J8Ydw=w224-h398-k-no""},{""title"":""Street View \u0026 360°"",""image"":""https://streetviewpixels-pa.googleapis.com/v1/thumbnail?panoid=1VEjAryoyuI6LWATkaahYQ\u0026cb_client=maps_sv.tactile.gps\u0026w=224\u0026h=298\u0026yaw=238.59659\u0026pitch=0\u0026thumbfov=100""}]","{""link"":"""",""source"":""""}"
3043499d-f7a0-4139-b121-07920cff8870,https://www.google.com/maps/place/Commonsense+Coffee+and+Roastery/data=!4m7!3m6!1s0x2de4231c5da99f93:0x5861669698e49074!8m2!3d-3.3264791!4d114.6164859!16s%2Fg%2F11yk3yflgv!19sChIJk5-pXRwj5C0RdJDkmJZmYVg?authuser=0&hl=en&g_ep=EgoyMDI2MDkwMi4wIJJjKgBIAVAD&rclk=1,Commonsense Coffee and Roastery,Coffee shop,"Jl. Arthaloka Jl. Gatot Subroto, Kuripan, Banjarmasin Timur, Banjarmasin City, South Kalimantan 70238","{""Friday"":[""7.00 am–11.30 pm""],""Monday"":[""7.00 am–10.30 pm""],""Saturday"":[""7.00 am–11.30 pm""],""Sunday"":[""7.00 am–11.30 pm""],""Thursday"":[""7.00 am–10.30 pm""],""Tuesday"":[""7.00 am–10.30 pm""],""Wednesday"":[""7.00 am–10.30 pm""]}","{""Friday"":{""10"":13,""11"":18,""12"":21,""13"":24,""14"":27,""15"":31,""16"":38,""17"":46,""18"":59,""19"":73,""20"":82,""21"":80,""22"":63,""23"":0,""6"":0,""7"":3,""8"":6,""9"":10},""Monday"":{""10"":15,""11"":20,""12"":23,""13"":26,""14"":25,""15"":26,""16"":31,""17"":38,""18"":51,""19"":61,""20"":67,""21"":64,""22"":53,""23"":0,""6"":0,""7"":5,""8"":8,""9"":13},""Saturday"":{""10"":15,""11"":21,""12"":26,""13"":31,""14"":35,""15"":37,""16"":40,""17"":47,""18"":60,""19"":79,""20"":97,""21"":100,""22"":85,""23"":0,""6"":0,""7"":3,""8"":6,""9"":10},""Sunday"":{""10"":18,""11"":24,""12"":32,""13"":37,""14"":39,""15"":38,""16"":40,""17"":45,""18"":57,""19"":71,""20"":84,""21"":81,""22"":64,""23"":0,""6"":0,""7"":4,""8"":8,""9"":12},""Thursday"":{""10"":12,""11"":15,""12"":20,""13"":22,""14"":24,""15"":22,""16"":27,""17"":35,""18"":47,""19"":58,""20"":66,""21"":65,""22"":53,""23"":0,""6"":0,""7"":4,""8"":6,""9"":9},""Tuesday"":{""10"":12,""11"":18,""12"":24,""13"":29,""14"":32,""15"":32,""16"":34,""17"":42,""18"":57,""19"":70,""20"":78,""21"":72,""22"":56,""23"":0,""6"":0,""7"":3,""8"":5,""9"":8},""Wednesday"":{""10"":13,""11"":17,""12"":21,""13"":25,""14"":27,""15"":29,""16"":32,""17"":40,""18"":50,""19"":62,""20"":72,""21"":70,""22"":58,""23"":0,""6"":0,""7"":4,""8"":7,""9"":10}}",339,4.5,"{""1"":25,""2"":10,""3"":10,""4"":25,""5"":269}",-3.326479,114.616486,6368484145074835572,0x2de4231c5da99f93:0x5861669698e49074,ChIJk5-pXRwj5C0RdJDkmJZmYVg,"[{""title"":""All"",""image"":""https://lh3.googleusercontent.com/gps-cs-s/AHRPTWkS80GNVMmQlRFgbuLcM5X9_WXNp4KA_vcfoN-pdB4nD7xlp3IQKA9U3tW3bh0RFG1NO_ze_3pr5SLslfhvZHNs8G5TlX_hV1UFbZlbUcW4VoTf58G2rbEpdodlUzu7AyovZM99xxHy4to=w397-h298-k-no""},{""title"":""Latest"",""image"":""https://lh3.googleusercontent.com/gps-cs-s/AHRPTWkWwvsqT3yChENCnhb_pWAn7MoVN24j2PnKkf43lS-XHDWlKWXHygOHqnXq5XNDt9SVk1N71vRRoxUE3GejJJh-Y153IC62aXEmTPud67mT144lvCUotwZOQG0AWlpcBHP9vaVBPJ08iJ4N=w224-h397-k-no""},{""title"":""Videos"",""image"":""https://lh3.googleusercontent.com/gps-cs-s/AHRPTWkpzxbQJIS1KriI6hD239MaWSasxWCmXDcP-nPB3MbLAUrnW7r11ycsw6gKtMuVJ7rSCycSb4R91UXgyOVwu5-_JHUpyGtM_USLS04cyDXoqHzwNYbEpPTIb3Gg2SqCd6tQRO-bE4ioJm6U=w224-h398-k-no""},{""title"":""Menu"",""image"":""https://lh3.googleusercontent.com/gps-cs-s/AHRPTWlqr37tTlqXdecOuraAobXAFMpHbPO4HVXttMcijsKcIkekeO6dNmBf_dGCeVsO9rS8zY5O5yzM1R6rSd4tHX0D-94ueXeMN7hGCepBNtvtMKuZX8ZEjQZk05LaWmcpo2gDnYTlX0d2V0ep=w224-h316-k-no""},{""title"":""Food \u0026 drink"",""image"":""https://lh3.googleusercontent.com/gps-cs-s/AHRPTWm3T8vshojrC-6Ak3_gpnlDWECl3nlXE3WsDsD0jh8cQn6v8CZBrn45vN5t4cSSOFIv6onZJXUm-DiidC635bYs8poaiEGdEceZR1IeMNkk2pzJgvq8P65drCjN17QxzswT8zrqMCovy-26=w224-h398-k-no""},{""title"":""Vibe"",""image"":""https://lh3.googleusercontent.com/gps-cs-s/AHRPTWnqbacisPsMNL--hnp525FNkFXDZkDixQvjoW3HxCD-R3Gt3Ix-xDIMdod2_9aR2o_KWXoOBDH7FdSdzotOzsbMcrqOx0Yv94cXN77yP8ZIzVw5wMFqYlz8DH5zbdvN9F0bYRTktjsIijF3=w527-h298-k-no""},{""title"":""Iced coffee"",""image"":""https://lh3.googleusercontent.com/gps-cs-s/AHRPTWkwNEd2v0RwHJXkntlvKYuKLlTNxcM1IXJ5NVevMHbRGIpfhe7jp7pFjbpYYn6YCoF_EwopErKd39B05eWBrAILE_EVG1fLjDiafEU4kZSXgXmHTBHROcROec-kxwHAUv3qM1jCYzJILZAs=w224-h397-k-no""},{""title"":""Coffee"",""image"":""https://lh3.googleusercontent.com/gps-cs-s/AHRPTWlLPxgl8tIvtN77OX9tycSqkjip48HnKEcmIF_F_5OcP0JHD-zBt7s0U3wBBdB6-ih77N_GJDQiXEc0yg6P4nVEsuMAV5Ckd4gxXirTzE8mTZ2UJQFwWy9_x1rvhn13_YDtmEDcfynaHQcS=w224-h398-k-no""},{""title"":""Street View \u0026 360°"",""image"":""https://streetviewpixels-pa.googleapis.com/v1/thumbnail?panoid=6kds-l0Aj6qAK9zNI2VaVg\u0026cb_client=maps_sv.tactile.gps\u0026w=224\u0026h=298\u0026yaw=254.56412\u0026pitch=0\u0026thumbfov=100""}]","{""link"":""/url?q=https://linktr.ee/CommonSenseCoffeeRoastery%3Futm_source%3Dig%26utm_medium%3Dsocial%26utm_content%3Dlink_in_bio%26fbclid%3DPAb21jcAUD4fdwZG9mAmV4dG4DYWVtAjExAHNydGMGYXBwX2lkDzU2NzA2NzM0MzM1MjQyNwABp8ciZSYhypkFfH2JsP-IrvXrJ1MXmFomFXiZJMyPMY_hRtoWlQ9yBMezhDHA_aem_N-8laS-yEaBmmetw_Il1ZQ\u0026opi=79508299\u0026sa=U\u0026ved=0ahUKEwjFkMPkvtyWAxV9TmwGHQl5E4cQqRkIJSgT\u0026usg=AOvVaw3Orula_K8K49RNx4-KjKEs"",""source"":""linktr.ee""}"
3043499d-f7a0-4139-b121-07920cff8870,https://www.google.com/maps/place/Impresso+kopi+Manggis/data=!4m7!3m6!1s0x2de42320c98bb72b:0xccb1badd565a83fd!8m2!3d-3.3202072!4d114.6099711!16s%2Fg%2F11j86zxlyx!19sChIJK7eLySAj5C0R_YNaVt26scw?authuser=0&hl=en&g_ep=EgoyMDI2MDkwMi4wIJJjKgBIAVAD&rclk=1,Impresso kopi Manggis,Coffee shop,"MJH5+WX9 Impresso kopi Manggis, Kuripan, Kec. Banjarmasin Tim., Kota Banjarmasin, Kalimantan Selatan 70239","{""Friday"":[""9.00 am–11.00 pm""],""Monday"":[""9.00 am–11.00 pm""],""Saturday"":[""9.00 am–11.00 pm""],""Sunday"":[""9.00 am–11.00 pm""],""Thursday"":[""9.00 am–11.00 pm""],""Tuesday"":[""9.00 am–11.00 pm""],""Wednesday"":[""9.00 am–11.00 pm""]}","{""Friday"":{""10"":100,""11"":86,""12"":73,""13"":80,""14"":60,""15"":46,""16"":53,""17"":66,""18"":66,""19"":60,""20"":46,""21"":26,""22"":40,""23"":0,""6"":0,""7"":0,""8"":0,""9"":73},""Monday"":{""10"":40,""11"":46,""12"":46,""13"":46,""14"":40,""15"":40,""16"":53,""17"":66,""18"":73,""19"":60,""20"":53,""21"":26,""22"":13,""23"":0,""6"":0,""7"":0,""8"":0,""9"":46},""Saturday"":{""10"":60,""11"":60,""12"":33,""13"":33,""14"":46,""15"":66,""16"":100,""17"":100,""18"":93,""19"":86,""20"":80,""21"":100,""22"":93,""23"":0,""6"":0,""7"":0,""8"":0,""9"":80},""Sunday"":{""10"":26,""11"":40,""12"":60,""13"":80,""14"":60,""15"":60,""16"":73,""17"":100,""18"":93,""19"":100,""20"":73,""21"":86,""22"":60,""23"":0,""6"":0,""7"":0,""8"":0,""9"":33},""Thursday"":{""10"":86,""11"":73,""12"":60,""13"":33,""14"":33,""15"":40,""16"":53,""17"":40,""18"":46,""19"":53,""20"":73,""21"":80,""22"":93,""23"":0,""6"":0,""7"":0,""8"":0,""9"":66},""Tuesday"":{""10"":46,""11"":33,""12"":26,""13"":33,""14"":20,""15"":20,""16"":26,""17"":46,""18"":53,""19"":80,""20"":86,""21"":80,""22"":73,""23"":0,""6"":0,""7"":0,""8"":0,""9"":73},""Wednesday"":{""10"":73,""11"":73,""12"":60,""13"":33,""14"":20,""15"":26,""16"":53,""17"":86,""18"":100,""19"":86,""20"":46,""21"":20,""22"":20,""23"":0,""6"":0,""7"":0,""8"":0,""9"":86}}",19,4.4,"{""1"":2,""2"":1,""3"":0,""4"":0,""5"":16}",-3.320207,114.609971,14749775714414396413,0x2de42320c98bb72b:0xccb1badd565a83fd,ChIJK7eLySAj5C0R_YNaVt26scw,"[{""title"":""All"",""image"":""https://lh3.googleusercontent.com/gps-cs-s/AHRPTWn1rk0iNaJf7pcHzpCChSxTQWjEcseYzcCNXfHXn2mLFpW3D8zD1Y4FWNmNKgptSRQP3x89uHLT0d94qkSI8UrQ8W_B_aMaHLoNxMbnsuBdGHSJzYEB612Oz2WzB-3Xj1gETcOaEkpcY3M=w224-h298-k-no""},{""title"":""Latest"",""image"":""https://lh3.googleusercontent.com/gps-cs-s/AHRPTWnj0t2PF3d9qNnlz96kJXxm5T1QZUjZNFn_G-wGv1RclGFrtRIlcNHLfprpmSCTscheSCuNzsXcCMYsBfnUiOJMfIG809ld2NH-txkxt92iU6g7J4UH8tiWB5csBDtfjF-m5YnErATx-38=w224-h398-k-no""},{""title"":""Videos"",""image"":""https://lh3.googleusercontent.com/gps-cs-s/AHRPTWnoqCBs-RI0-TNDervJqNFYSMc6JaZm029cXEsa74Pe-cYPIMLIsYBjOCQzQaSeLyjgDOvTMMlcpmdSmssAhXvnexmbx8ZEW-OWD1q-OQyPVA0R750p5U7mrmGV29ZBEfFmzNm-yA=w224-h398-k-no""},{""title"":""Menu"",""image"":""https://lh3.googleusercontent.com/gps-cs-s/AHRPTWnnk4MKTkQHSnPpIziA_g4n_F3KAnATK-6y_Fi68LLefNABl1-ui8epifVf5C2gtbKiGPJckvzSL2BYMLwXxNAGNOLq519AGUrR0J-4myoGPUWBsUOYCjnYid5sVuCG21k-GEEEpls2yGWB=w224-h298-k-no""},{""title"":""Food \u0026 drink"",""image"":""https://lh3.googleusercontent.com/gps-cs-s/AHRPTWlGHFjEdjqWYAYaKIYlKJwYXDc5vf81GIs1I_ke6VuxurJyei7YA0PukhYoM-XBs-tMidVDdfUdClQo5VL8sSRsrbF952DhaNo2xCJXoD7k-DvCbUZJ0RJs05b-JV8eNT82fA-RJg=w224-h398-k-no""},{""title"":""Vibe"",""image"":""https://lh3.googleusercontent.com/gps-cs-s/AHRPTWlleBvIVn3AbdBiKIvBLlrktK4bB6UBLC-If8Bz85ruNOtnQieOOtdSY69qcir5o5GsEZD3KSt4bB2PXCgTS_3LT2b_AYzeiFcVyRCtGX5Sq1sWiAU_AJe6NKUGHVc9T1fNWS09jg=w224-h398-k-no""},{""title"":""Coffee"",""image"":""https://lh3.googleusercontent.com/gps-cs-s/AHRPTWmX2M_QgujONBy1-d1qMHh6RtXSBBfHXpSiWs-NRw6RdzywNb39PLhdXwi8XHcZT3P_T_57SHcFbzURhv2LH3KXk3d4MJyhEZafN4879DGGb6cGlYFGZScTpq7ml3-nFsJGcnc=w298-h298-k-no""},{""title"":""Street View \u0026 360°"",""image"":""https://streetviewpixels-pa.googleapis.com/v1/thumbnail?panoid=V5XbYzphzivxo1yMCakSkg\u0026cb_client=maps_sv.tactile.gps\u0026w=224\u0026h=298\u0026yaw=71.50681\u0026pitch=0\u0026thumbfov=100""}]","{""link"":"""",""source"":""""}"
3043499d-f7a0-4139-b121-07920cff8870,https://www.google.com/maps/place/Kubiek+Coffee+and+Eatery/data=!4m7!3m6!1s0x2de423d891c3d581:0x63b9e6ffeda0a78b!8m2!3d-3.3224669!4d114.5930266!16s%2Fg%2F11sz3r1_dw!19sChIJgdXDkdgj5C0Ri6eg7f_muWM?authuser=0&hl=en&g_ep=EgoyMDI2MDkwMi4wIJJjKgBIAVAD&rclk=1,Kubiek Coffee and Eatery,Coffee shop,"Jl. Simpang Hasanuddin No.I No.10, Kertak Baru Ulu, UluBanjarmasin Tengah, Banjarmasin City, South Kalimantan 70231","{""Friday"":[""12.00 pm–2.00 am""],""Monday"":[""12.00 pm–2.00 am""],""Saturday"":[""12.00 pm–2.00 am""],""Sunday"":[""12.00 pm–2.00 am""],""Thursday"":[""12.00 pm–2.00 am""],""Tuesday"":[""12.00 pm–2.00 am""],""Wednesday"":[""12.00 pm–2.00 am""]}","{""Friday"":{""0"":0,""1"":0,""10"":0,""11"":0,""12"":12,""13"":13,""14"":12,""15"":12,""16"":16,""17"":26,""18"":40,""19"":49,""20"":55,""21"":60,""22"":65,""23"":56,""6"":0,""7"":0,""8"":0,""9"":0},""Monday"":{""0"":0,""1"":0,""10"":0,""11"":0,""12"":6,""13"":6,""14"":7,""15"":8,""16"":10,""17"":15,""18"":17,""19"":22,""20"":25,""21"":32,""22"":33,""23"":0,""6"":0,""7"":0,""8"":0,""9"":0},""Saturday"":{""0"":0,""1"":0,""10"":0,""11"":0,""12"":8,""13"":8,""14"":8,""15"":11,""16"":15,""17"":21,""18"":29,""19"":48,""20"":74,""21"":94,""22"":100,""23"":83,""6"":0,""7"":0,""8"":0,""9"":0},""Sunday"":{""0"":0,""1"":0,""10"":0,""11"":0,""12"":6,""13"":8,""14"":9,""15"":12,""16"":13,""17"":18,""18"":29,""19"":41,""20"":50,""21"":53,""22"":47,""23"":0,""6"":0,""7"":0,""8"":0,""9"":0},""Thursday"":{""0"":0,""1"":0,""10"":0,""11"":0,""12"":10,""13"":12,""14"":14,""15"":12,""16"":11,""17"":10,""18"":16,""19"":23,""20"":31,""21"":32,""22"":29,""23"":0,""6"":0,""7"":0,""8"":0,""9"":0},""Tuesday"":{""0"":0,""1"":0,""10"":0,""11"":0,""12"":10,""13"":13,""14"":15,""15"":17,""16"":16,""17"":18,""18"":23,""19"":26,""20"":28,""21"":34,""22"":37,""23"":0,""6"":0,""7"":0,""8"":0,""9"":0},""Wednesday"":{""0"":0,""1"":0,""10"":0,""11"":0,""12"":5,""13"":6,""14"":10,""15"":11,""16"":15,""17"":17,""18"":23,""19"":30,""20"":40,""21"":47,""22"":46,""23"":0,""6"":0,""7"":0,""8"":0,""9"":0}}",135,4.7,"{""1"":1,""2"":1,""3"":3,""4"":25,""5"":105}",-3.322467,114.593027,7186028667324114827,0x2de423d891c3d581:0x63b9e6ffeda0a78b,ChIJgdXDkdgj5C0Ri6eg7f_muWM,"[{""title"":""All"",""image"":""https://lh3.googleusercontent.com/gps-cs-s/AHRPTWlFntuDvRjgAMqTcHJU4-cq5EQRGnzy0V15hqcxt8xURdamTcm3lGb0WhPmU1f6N-cNGg0g1EgX5Kq8VO_-S0cuAn5IanqJXEspl0A8dzAOgXxsaCHgzBrbTydxjyCJBL7g6gDv_GOgvBI0=w224-h336-k-no""},{""title"":""Latest"",""image"":""https://lh3.googleusercontent.com/gps-cs-s/AHRPTWlxkMZGp7VNC2I9of-OwkmVddbY1VBDZ4Jv2cCIN_E4fwFTKe0BDl_73ljtqyWPDER4PMTsgfsb_Vq4gEV4Ftmnz0PHX5fKMubpCBuYepHrDfpWholFw46wF2bBxA0qEPuN15kdy3cqefJI=w224-h398-k-no""},{""title"":""Videos"",""image"":""https://lh3.googleusercontent.com/gps-cs-s/AHRPTWn0dUvQnvwcg2Y1KTt3OPn-AGC2Osrmv0ve6F10L6XRHRRIFWcJphUlmE6ZZ7R1-LjjkWd8hr42X9rcqNVdExoh6ewDLcNFS_m7RuHFL2GKMr76U9X7UZIqheeB12Ey62d_RjIb1Q=w529-h298-k-no""},{""title"":""Menu"",""image"":""https://lh3.googleusercontent.com/gps-cs-s/AHRPTWk72mYjrXPCWSD6blTAzyW1EQyldGUbOxmmA-Wmb-Nj7BQ37FWBCHcPKpWGyjUsRY0GtWkK0UGlXdsfAV6NzOJQYhzLsE5xiNlqqGXthXFdVwuyH2hE9iZwnusFnd4Cv_7zTNuJMMaRWUol=w224-h298-k-no""},{""title"":""Food \u0026 drink"",""image"":""https://lh3.googleusercontent.com/gps-cs-s/AHRPTWkIF5Fi7YWVio3428piLB8afJ2SbmqSxrPU6PHthgaqz2Ic2zn8_PEfXkOd60wCIIceWKFwBoTQKbtSnsWPSxS3oc64_kK2JBAS_aPCRLZgLul7QKxMpSxbCB5eSVJ7dVLQMdjTbMW-Ypjy=w224-h298-k-no""},{""title"":""Vibe"",""image"":""https://lh3.googleusercontent.com/gps-cs-s/AHRPTWltRjyRVERjUD7kg2WMrn-_ramiaC43vd7O5lhIbPE5cYNwk2v4d7xtz1du7mOrxyBqCwFW6eTVg4YYtAhBZbZKStKQDv5vDjlo15MwlEbnAaYGmUIvknDNQK86JiqSjiubkG_epQ=w529-h298-k-no""},{""title"":""Street View \u0026 360°"",""image"":""https://streetviewpixels-pa.googleapis.com/v1/thumbnail?panoid=grUYuHQ_pTptGcFblWDktw\u0026cb_client=maps_sv.tactile.gps\u0026w=224\u0026h=298\u0026yaw=78.90352\u0026pitch=0\u0026thumbfov=100""}]","{""link"":"""",""source"":""""}"
3043499d-f7a0-4139-b121-07920cff8870,https://www.google.com/maps/place/DAN+COFFEE+HOUSE/data=!4m7!3m6!1s0x2de423895e54d72f:0xcaaaf0701acd576!8m2!3d-3.328577!4d114.6118553!16s%2Fg%2F11lgpkrs0x!19sChIJL9dUXokj5C0RdtWsAQevqgw?authuser=0&hl=en&g_ep=EgoyMDI2MDkwMi4wIJJjKgBIAVAD&rclk=1,DAN COFFEE HOUSE,Coffee shop,"Komp, Jl. Arjuna Jl. Sabadra No.16, Kebun Bunga, Kec. Banjarmasin Tim., Kota Banjarmasin, Kalimantan Selatan 70235","{""Friday"":[""10.00 am–1.00 am""],""Monday"":[""10.00 am–1.00 am""],""Saturday"":[""10.00 am–1.00 am""],""Sunday"":[""10.00 am–1.00 am""],""Thursday"":[""10.00 am–1.00 am""],""Tuesday"":[""Closed""],""Wednesday"":[""10.00 am–1.00 am""]}","{""Friday"":{""0"":22,""10"":38,""11"":44,""12"":55,""13"":44,""14"":38,""15"":33,""16"":33,""17"":38,""18"":33,""19"":50,""20"":27,""21"":27,""22"":27,""23"":22,""6"":0,""7"":0,""8"":0,""9"":0},""Monday"":{""0"":50,""10"":33,""11"":33,""12"":33,""13"":22,""14"":27,""15"":27,""16"":44,""17"":44,""18"":33,""19"":27,""20"":33,""21"":44,""22"":55,""23"":50,""6"":0,""7"":0,""8"":0,""9"":0},""Saturday"":{""0"":55,""10"":38,""11"":61,""12"":77,""13"":72,""14"":55,""15"":50,""16"":61,""17"":61,""18"":38,""19"":33,""20"":16,""21"":22,""22"":27,""23"":50,""6"":0,""7"":0,""8"":0,""9"":0},""Sunday"":{""0"":50,""10"":55,""11"":100,""12"":94,""13"":100,""14"":66,""15"":44,""16"":44,""17"":38,""18"":44,""19"":33,""20"":38,""21"":44,""22"":72,""23"":55,""6"":0,""7"":0,""8"":0,""9"":0},""Thursday"":{""0"":33,""10"":44,""11"":33,""12"":33,""13"":44,""14"":77,""15"":77,""16"":66,""17"":61,""18"":44,""19"":66,""20"":66,""21"":66,""22"":38,""23"":33,""6"":0,""7"":0,""8"":0,""9"":0},""Tuesday"":{},""Wednesday"":{""0"":66,""10"":33,""11"":33,""12"":44,""13"":22,""14"":16,""15"":11,""16"":27,""17"":33,""18"":33,""19"":33,""20"":27,""21"":33,""22"":50,""23"":61,""6"":0,""7"":0,""8"":0,""9"":0}}",13,4.9,"{""1"":0,""2"":0,""3"":0,""4"":1,""5"":12}",-3.328577,114.611855,912734319123682678,0x2de423895e54d72f:0xcaaaf0701acd576,ChIJL9dUXokj5C0RdtWsAQevqgw,"[{""title"":""All"",""image"":""https://lh3.googleusercontent.com/gps-cs-s/AHRPTWnRRMD9H9L7ftyfL6Tpc3rDoZ7vMUgZCY2W2GNDzXlIhvf1D-RVGtyZ0bB0Q8-4Zy6odl7kaUAvcsyFs6HU2Ct6gudQ77Ik9uGMmMW3mIB5X-eQjDOm-wCdMxX4BQICHw9EX_cFyg=w529-h298-k-no""},{""title"":""Food \u0026 drink"",""image"":""https://lh3.googleusercontent.com/gps-cs-s/AHRPTWmlfrUgoSHNYoRHimqK7IBQ8-T5PWJaIwHZXRz0lJYUZ9BZ9q42_ZbiOoIumO_b7kCBAGPqbvXbcFyZ2iR5vHxPxkFrYJoCeILeTPhi7bxvnu7mxRBMRTUAWcBzk6jYQw8_FYQ=w224-h298-k-no""},{""title"":""Vibe"",""image"":""https://lh3.googleusercontent.com/gps-cs-s/AHRPTWkHMQbJcox0QcjSbF3hWrBLmsUJGPpkLzXOdMKWu_x_hJFRRwqTBxbJ8GrT6XYagrWiqnqmxoiO30fY57JO62kGoVFWM5DyQPN4CUMIrORMpduHzAONckdUeOqYBHjR-EBwyaRCIg=w238-h298-k-no""},{""title"":""By owner"",""image"":""https://lh3.googleusercontent.com/gps-cs-s/AHRPTWnrD4YtDnOk4qXaiaMTrSP-63EPhXkn8OyTO1Khy1h494Cjht3YrCT-DS4rahS6FbApMoc8Q2k14n5VIcrLREUma5uLg1enjyYr0K1xW-N62GXzH3XD98v_0Yiraf1ieDCnLb8=w238-h298-k-no""},{""title"":""Street View \u0026 360°"",""image"":""https://streetviewpixels-pa.googleapis.com/v1/thumbnail?panoid=S5eOT1th1aJbg4YQmJPv2w\u0026cb_client=maps_sv.tactile.gps\u0026w=224\u0026h=298\u0026yaw=219.94159\u0026pitch=0\u0026thumbfov=100""}]","{""link"":"""",""source"":""""}"
3043499d-f7a0-4139-b121-07920cff8870,https://www.google.com/maps/place/Dabomb+Food+%26+Drink/data=!4m7!3m6!1s0x2de423fb5eff5ff7:0x76fd62be9d5d9bb3!8m2!3d-3.3258411!4d114.6085575!16s%2Fg%2F11b701fq96!19sChIJ91__Xvsj5C0Rs5tdnb5i_XY?authuser=0&hl=en&g_ep=EgoyMDI2MDkwMi4wIJJjKgBIAVAD&rclk=1,Dabomb Food & Drink,Coffee shop,"Jl. Anggrek No.20, RT.02/RW.01, Kebun Bunga, Banjarmasin Timur, Banjarmasin City, South Kalimantan 70235","{""Friday"":[""11.00 am–9.00 pm""],""Monday"":[""11.00 am–9.00 pm""],""Saturday"":[""11.00 am–9.00 pm""],""Sunday"":[""Closed""],""Thursday"":[""11.00 am–9.00 pm""],""Tuesday"":[""11.00 am–9.00 pm""],""Wednesday"":[""11.00 am–9.00 pm""]}",{},97,4.6,"{""1"":2,""2"":0,""3"":9,""4"":14,""5"":72}",-3.325841,114.608557,8574117836406758323,0x2de423fb5eff5ff7:0x76fd62be9d5d9bb3,ChIJ91__Xvsj5C0Rs5tdnb5i_XY,"[{""title"":""All"",""image"":""https://lh3.googleusercontent.com/gps-cs-s/AHRPTWm8BBne69tj9B3q-7gnXjK19pgC7d8agUtF7PYLTMUwka3-Do36ksknxXPJi5uyP3JetKLqpGIOA-lWsGJpDDYb_ab9oi1G0ZJsXwy9Jl4EwzcVhopEIdyh3GL0jCbhDu5dvJmP=w402-h298-k-no""},{""title"":""Latest"",""image"":""https://lh3.googleusercontent.com/gps-cs-s/AHRPTWmEtRcKVx2zVj_xy8QVfvQgj7gpdJwHi4wCEClxv8yobj1BizCmHIjsyj2KexnaJ5VsHQ3JMpM10cvCqqIdVHfq8w2-m5gZYASdPWD92YPlV_HbaZADO7o1MJUUeRw4Itmlemvmj-D4DOk5=w224-h298-k-no""},{""title"":""Menu"",""image"":""https://lh3.googleusercontent.com/gps-proxy/ALd4DhGd9uwOHRBcHS1oZ1rPfihYeCWnTSI512PYpnomhtEegGSE5q9_Ot3gsRD_5tyOfSRMaBle5UAcUnwlcxAUQwUyiU4g8JiWOt91XbNviMXujKmWmpSFxwU7uEKSGdxFAT0FDK6azKT9feGfnmybbnXpytNzja0QypuF34JB6NfiI_VUlNkJ-ejOopuSmMOBMnoSQEo=w397-h298-k-no""},{""title"":""Food \u0026 drink"",""image"":""https://lh3.googleusercontent.com/gps-cs-s/AHRPTWksFtwUt-Sz2gz03SWWrcObJmrzjrL3nvX_dYeLSrAqtaDplxEgG5xGlLIdZ2pZp_ghN8ur897WSuzgdWROToPOaK1oN4cSFtwOxKO8MovJh8HR9U1OVsPuU0W6P5-z6gkrQ3r5og=w224-h298-k-no""},{""title"":""Sambal"",""image"":""https://lh3.googleusercontent.com/gps-cs-s/AHRPTWn78DrXiGCJbcO6IqI8ydMGUbcPsdEeqrDaUYjH4rXzjjqr-qMLxi71FYB3mkB3cmnhSznhSkJB_zRMjmvx0nz6HMCrBiH9k4s3V2tycACfPHQCzKUaViwy24hU48yFSAmjR7M=w397-h298-k-no""},{""title"":""By owner"",""image"":""https://lh3.googleusercontent.com/gps-cs-s/AHRPTWkHRJSwR1g10VRuoJnY5D9h9h9oG8IsULLDYeo5gO2cZNcKef8NwJ_Qtr6r_6UhIpqnrFYrLiMhMhrySZVtA05UXADdJmbH0s4gTAEhwc7Hz0JzHDwb7hBWoE0UHm5JFVfpzZYfzg=w298-h298-k-no""},{""title"":""Street View \u0026 360°"",""image"":""https://streetviewpixels-pa.googleapis.com/v1/thumbnail?panoid=AAYTwpAsJ_xBj-_ltLgDOQ\u0026cb_client=maps_sv.tactile.gps\u0026w=224\u0026h=298\u0026yaw=351.3356\u0026pitch=0\u0026thumbfov=100""}]","{""link"":"""",""source"":""""}"
3043499d-f7a0-4139-b121-07920cff8870,https://www.google.com/maps/place/Pamera+Coffee/data=!4m7!3m6!1s0x2de42379bd6f2095:0x3593b46e6bb838d6!8m2!3d-3.3257391!4d114.5925686!16s%2Fg%2F11rty4sfrj!19sChIJlSBvvXkj5C0R1ji4a260kzU?authuser=0&hl=en&g_ep=EgoyMDI2MDkwMi4wIJJjKgBIAVAD&rclk=1,Pamera Coffee,Coffee shop,"Jl. Niaga Utara No.22, Kertak Baru Ilir, Banjarmasin Tengah, Banjarmasin City, South Kalimantan 70234","{""Friday"":[""9.00 am–12.00 am""],""Monday"":[""9.00 am–12.00 am""],""Saturday"":[""9.00 am–12.00 am""],""Sunday"":[""9.00 am–12.00 am""],""Thursday"":[""9.00 am–12.00 am""],""Tuesday"":[""9.00 am–12.00 am""],""Wednesday"":[""9.00 am–12.00 am""]}","{""Friday"":{""10"":19,""11"":24,""12"":29,""13"":30,""14"":28,""15"":26,""16"":23,""17"":27,""18"":32,""19"":41,""20"":56,""21"":71,""22"":77,""23"":66,""6"":0,""7"":0,""8"":0,""9"":11},""Monday"":{""10"":22,""11"":29,""12"":32,""13"":33,""14"":34,""15"":33,""16"":30,""17"":28,""18"":29,""19"":33,""20"":40,""21"":47,""22"":50,""23"":44,""6"":0,""7"":0,""8"":0,""9"":13},""Saturday"":{""10"":19,""11"":24,""12"":28,""13"":25,""14"":26,""15"":26,""16"":30,""17"":23,""18"":22,""19"":32,""20"":55,""21"":84,""22"":100,""23"":90,""6"":0,""7"":0,""8"":0,""9"":11},""Sunday"":{""10"":9,""11"":9,""12"":9,""13"":9,""14"":9,""15"":13,""16"":16,""17"":21,""18"":29,""19"":38,""20"":54,""21"":64,""22"":63,""23"":48,""6"":0,""7"":0,""8"":0,""9"":12},""Thursday"":{""10"":17,""11"":22,""12"":22,""13"":20,""14"":22,""15"":23,""16"":26,""17"":25,""18"":30,""19"":36,""20"":48,""21"":53,""22"":52,""23"":37,""6"":0,""7"":0,""8"":0,""9"":12},""Tuesday"":{""10"":16,""11"":21,""12"":26,""13"":30,""14"":32,""15"":34,""16"":31,""17"":26,""18"":25,""19"":30,""20"":40,""21"":50,""22"":53,""23"":43,""6"":0,""7"":0,""8"":0,""9"":10},""Wednesday"":{""10"":19,""11"":24,""12"":27,""13"":31,""14"":30,""15"":29,""16"":29,""17"":28,""18"":31,""19"":37,""20"":49,""21"":62,""22"":61,""23"":49,""6"":0,""7"":0,""8"":0,""9"":13}}",165,4.9,"{""1"":0,""2"":0,""3"":5,""4"":14,""5"":146}",-3.325739,114.592569,3860627691933284566,0x2de42379bd6f2095:0x3593b46e6bb838d6,ChIJlSBvvXkj5C0R1ji4a260kzU,"[{""title"":""All"",""image"":""https://lh3.googleusercontent.com/gps-cs-s/AHRPTWngZoaN3vOxhVdlY19Spg1fjV1aWHKfj6vIr3cr_l62Io1gg4klJDpxqPXYta05WEb2nLBaBdBr3AIkEEE8UN0_BkUb-tDqOOrTT5wRSG-D2DkO_kc3IYQe9jCeQ25Rr1Rhcw_T=w224-h375-k-no""},{""title"":""Menu"",""image"":""https://lh3.googleusercontent.com/gps-cs-s/AHRPTWnK5sb97Tb0qFwujgNSwVNqhPM8DUdq4syQlcJhvGPk9HkDgfcwUs9vJUgmgLqs32xR1jWrL64gzFRLKK5Xd6LxH8Hfe9dwOQkhuBkA8cK6uoLFrCYciftzbgz634SY24ogx_Nv=w638-h298-k-no""},{""title"":""Videos"",""image"":""https://lh3.googleusercontent.com/gps-cs-s/AHRPTWnqA6DT9qYf6Ybui5FHDI3owN4I70YYSppUS4RKiVdGw-xuffGhxKWpaoZJf5nmyUPidnAjBCE4sQEAtDl86-4oQ3-6RvVGEOGjVKkBxSKXSgg4WR0HLGxYjR6oPIDS0kqEhSQFbQ=w224-h398-k-no""},{""title"":""Food \u0026 drink"",""image"":""https://lh3.googleusercontent.com/gps-cs-s/AHRPTWnwguJ0l3qc5puMYQc_3yJvB9-MTNZlWE2RN8htVt71cEUIDPbPWuaOdAfuyob0ulkYRQo4k9NbJ5aimFnipYIPDtQh4BN54tGpKXNxbxxNw9Mqk2bs3m0ltF1QOGk1vib91Qz3KJRUpEd-=w255-h298-k-no""},{""title"":""Vibe"",""image"":""https://lh3.googleusercontent.com/gps-cs-s/AHRPTWndRaJgtMmMT_GACg6KJdZ3p7-BENc-vN7PyRmy6MSAmj_vrhCCWfZ6oHUGeeSOh8gNOqJ8ej7Drsi0V25eWw0kfrUvgkQ099oNJXDZknqrTHVbn3CBLmRgl-PzobORjLkLKgPt4DUHifo=w224-h298-k-no""},{""title"":""Coffee"",""image"":""https://lh3.googleusercontent.com/gps-cs-s/AHRPTWmiRpbXNxbsXmkts-6TxKh5Vf8nk52KK_jiM0v0JY4HbBMz1fN7FiRk9A597azFJf7oHUic8l_ADUL_m16vgG0OfG7rddUz_DHK-A0qAB78sXyC_rhvt9qiiQ_TUOyUKvNC9_-q1w=w224-h398-k-no""},{""title"":""Street View \u0026 360°"",""image"":""https://streetviewpixels-pa.googleapis.com/v1/thumbnail?panoid=CZc1fh4MuPOgtPqKoQJhFg\u0026cb_client=maps_sv.tactile.gps\u0026w=224\u0026h=298\u0026yaw=258.4496\u0026pitch=0\u0026thumbfov=100""}]","{""link"":"""",""source"":""""}"
3043499d-f7a0-4139-b121-07920cff8870,https://www.google.com/maps/place/Gloo+Coffee+%26+Eatery/data=!4m7!3m6!1s0x2de423b8edd22aeb:0x55d48f8aab5f3c18!8m2!3d-3.319408!4d114.621163!16s%2Fg%2F11n4cqvbdj!19sChIJ6yrS7bgj5C0RGDxfq4qP1FU?authuser=0&hl=en&g_ep=EgoyMDI2MDkwMi4wIJJjKgBIAVAD&rclk=1,Gloo Coffee & Eatery,Coffee shop,"Jl. Veteran No.simpang, Pengambangan, Banjarmasin Timur, Banjarmasin City, South Kalimantan 70237","{""Friday"":[""10.00 am–10.00 pm""],""Monday"":[""10.00 am–10.00 pm""],""Saturday"":[""10.00 am–12.00 am""],""Sunday"":[""10.00 am–12.00 am""],""Thursday"":[""10.00 am–10.00 pm""],""Tuesday"":[""10.00 am–10.00 pm""],""Wednesday"":[""10.00 am–10.00 pm""]}",{},2,5.0,"{""1"":0,""2"":0,""3"":0,""4"":0,""5"":2}",-3.319408,114.621163,6184726014029937688,0x2de423b8edd22aeb:0x55d48f8aab5f3c18,ChIJ6yrS7bgj5C0RGDxfq4qP1FU,"[{""title"":""All"",""image"":""https://lh3.googleusercontent.com/gps-cs-s/AHRPTWnohj6edbTk-SCOkbHJwG0RRDmTlrMwH99Qa6ziYGclIL2jF6xmBprwilpUYv4h2_tPXNeDLzr0ZCogTw4qgPbGk2o81WOvgUQC9Amjg_YCFNZdm5pHhV9K9IOygXnRuDcgvOAqJ4aBBQtw=w224-h298-k-no""},{""title"":""Menu"",""image"":""https://lh3.googleusercontent.com/gps-cs-s/AHRPTWl0QhYdT-JvLjWSv1-JjqS-lG0blqXOA1G8Feavp0n5d5rylknqLeaMwuyXQ9J5AnJRIHPDg90S1LCknX5f2GYcDZkhT_ilN6gkWCF1VYCfRQjOh3InV4-nQ88QXssnLa_8gAAHNQrFxI2V=w224-h398-k-no""},{""title"":""Food \u0026 drink"",""image"":""https://lh3.googleusercontent.com/gps-cs-s/AHRPTWnTHM21-kYVa8W648n_KJgORXr1wuRxhYfCSUFVq3IeN5hWoATMvzh-ysUQ5PhjS0pmifMW18uf90Dl51JLw3xgtC0326LEGHGJpu2M-rGbL5VtU6f4x99mPZfpiHc8bw37BusIevQTa-nB=w224-h298-k-no""},{""title"":""Vibe"",""image"":""https://lh3.googleusercontent.com/gps-cs-s/AHRPTWl0QhYdT-JvLjWSv1-JjqS-lG0blqXOA1G8Feavp0n5d5rylknqLeaMwuyXQ9J5AnJRIHPDg90S1LCknX5f2GYcDZkhT_ilN6gkWCF1VYCfRQjOh3InV4-nQ88QXssnLa_8gAAHNQrFxI2V=w224-h398-k-no""},{""title"":""Coffee"",""image"":""https://lh3.googleusercontent.com/gps-cs-s/AHRPTWkApmttaesvxGiRn5OJ9T1MFTt5ql2unB1bxVBs27QE5ZjEmDhrjjjvG0APmq553d8sHE9Mo_LCJqHFnsAOOs-I0kxzh3h81MIZOWLIGTJ55i0_9IOKnboowwqfC0KfAWPoMB6l1f50ZyE=w224-h398-k-no""},{""title"":""By owner"",""image"":""https://lh3.googleusercontent.com/gps-cs-s/AHRPTWmWjRGeQtaUI9PUSP3tR0BZHcPDJ7IPw2fwaSgEMxxbby-qM9NQwqYHcCCNGts6GfQt46Orxxyrfs4vQ0LHMvI4C7yzbyo-cBKVTQ7hQZwC_9efo4BKbP7X02suXlDdX97yJbWntm07iJhl=w298-h298-k-no""},{""title"":""Street View \u0026 360°"",""image"":""https://streetviewpixels-pa.googleapis.com/v1/thumbnail?panoid=0kFi9Q5tj_mST9A5Aqot5A\u0026cb_client=maps_sv.tactile.gps\u0026w=224\u0026h=298\u0026yaw=1.672087\u0026pitch=0\u0026thumbfov=100""}]","{""link"":"""",""source"":""""}"
3043499d-f7a0-4139-b121-07920cff8870,https://www.google.com/maps/place/Kopi+Kenangan+-+Pal+3+Banjarmasin/data=!4m7!3m6!1s0x2de423b5bef32897:0xe4c71db8377391f1!8m2!3d-3.3274484!4d114.6082351!16s%2Fg%2F11zgz90zvg!19sChIJlyjzvrUj5C0R8ZFzN7gdx-Q?authuser=0&hl=en&g_ep=EgoyMDI2MDkwMi4wIJJjKgBIAVAD&rclk=1,Kopi Kenangan - Pal 3 Banjarmasin,Coffee shop,"Jl. Ahmad Yani. 147 C, dan No.147 D, RT.003/RW.000, Kebun Bunga, Kec. Banjarmasin Tim., Kota Banjarmasin, Kalimantan Selatan 70235","{""Friday"":[""7.00 am–11.00 pm""],""Monday"":[""7.00 am–11.00 pm""],""Saturday"":[""7.00 am–11.00 pm""],""Sunday"":[""7.00 am–11.00 pm""],""Thursday"":[""7.00 am–11.00 pm""],""Tuesday"":[""7.00 am–11.00 pm""],""Wednesday"":[""7.00 am–11.00 pm""]}",{},27,4.6,"{""1"":1,""2"":2,""3"":1,""4"":0,""5"":23}",-3.327448,114.608235,16485177638054498801,0x2de423b5bef32897:0xe4c71db8377391f1,ChIJlyjzvrUj5C0R8ZFzN7gdx-Q,"[{""title"":""All"",""image"":""https://lh3.googleusercontent.com/gps-cs-s/AHRPTWlI69MV7v5J8Z3mQl8oHqWw9EBryH-UvcXtlvu5N9P-DZwKyIrRe1ESk3COu6kEniWiBjX8SvkHIL69Xyo0lDo27caTJLpYU2enVXheixuTMyyD4E4E8jHVJdFotOuboxXHyaYKCnGC8e5p=w224-h336-k-no""},{""title"":""Latest"",""image"":""https://lh3.googleusercontent.com/gps-cs-s/AHRPTWlrz4ddoGCSiGL8teihmcR3HY0b01K9u29qJ2kRME1psOUTwVXtqcQHcZUeSdAeQJrVynsVZJvOWNVqdXYSiAuOyo_q21XEBSZfH55I4km1vtC_Xy8U9_YuiikVk9WXUVyVuCOByABGoT9i=w224-h398-k-no""},{""title"":""Videos"",""image"":""https://lh3.googleusercontent.com/gps-cs-s/AHRPTWmqIJ438zCfVmIxzVVYIIK_seJrGWgyjlYZqMVDYE55EwwEsZ6DJG3_cLPAiduYxJtA0-Fmizp_aMh0Xv8ivz3WFLGjCkCMDWNcBSLUCIb5kHzJWUvNmb__nm87_D2kueoiGU8L1OpfC_8W=w224-h398-k-no""},{""title"":""Menu"",""image"":""https://lh3.googleusercontent.com/gps-cs-s/AHRPTWl05Il5PjAxAhb-3l_oyge8XZ76SQwX4SoyF1z97vkUO3NbJm8e9wfY-_4TFuPBeXtHsdYXXSBFsQbc3TemByDy79lRK5nKl0tKR2c5mnwduOC3TbTXaLCrrjikzsGbBWLMdahKLfQzoU97=w421-h298-k-no""},{""title"":""Food \u0026 drink"",""image"":""https://lh3.googleusercontent.com/gps-cs-s/AHRPTWl04x56Sl_EKIUJ3Hm3zFiBGDaHqX2Jq3_BYh7uYWxM3nHTniWxReKk2AvVT2A02C3oD8q23-yGTXkDAs8TIVU0Cdg0YFbuCuMH9CN1KbSewybbcRS_56PeasnSRSjvDYc9erh-DYJSKl6c=w529-h298-k-no""},{""title"":""Vibe"",""image"":""https://lh3.googleusercontent.com/gps-cs-s/AHRPTWm0LLTai4B-FhMpwaIJpdW8OOnjNByVaKxQ5RGZUaJ4_6_PoqCzlnz8_kYkn3z9QzKheV5_vvJ-nJsr23W98ItrsYwiAthZoEr4Jxq4ohgJ0MEg_W7zuERDxKLaLPyzF6VdVr9FIsQw-7Wn=w397-h298-k-no""},{""title"":""Iced coffee"",""image"":""https://lh3.googleusercontent.com/gps-cs-s/AHRPTWlOovM7Q-lK1yyFf5t4jP-CHDGnxnqdM94zdJk5bAZMoCWzs6gENG2S9GuRVDcJbL4pnSxGFsQJFCT8-Fwb5q2oVI8iEYze2G3nGVYvbcQPK4bdkz-9HclGE428Wyrcl9f_ommmBhGK3a3L=w447-h298-k-no""},{""title"":""Coffee"",""image"":""https://lh3.googleusercontent.com/gps-cs-s/AHRPTWkWlXeh3v9q-uiWSFxqbK8iwAcX6wpK_Dm3B9-FGL_6UIlzyCPAVFljE3Zj3kGZqXEzWqlkJj-iCO4gxjD6YwBoca3S_njjOsHhlykNziAP3KWmDvO10C0AatuvPEW1yzWO3-6vqtr3YOs=w224-h398-k-no""},{""title"":""By owner"",""image"":""https://lh3.googleusercontent.com/gps-cs-s/AHRPTWngRA-pGOYcdYuc8_VPLVIveSoWnoXcfm7TmoqNLOimhXWmzJdtOj04Spf1Dy2UqgiT9LbVYXRtLzvqzzqhfZg2MEg5IIsF23CThm_HxPNvTwxeawpOzZbL48VcuJmsHfhZAwZYdCY2OiA=w529-h298-k-no""},{""title"":""Street View \u0026 360°"",""image"":""https://streetviewpixels-pa.googleapis.com/v1/thumbnail?panoid=yKOCU6N5EQuCkIGD2IgmvQ\u0026cb_client=maps_sv.tactile.gps\u0026w=224\u0026h=298\u0026yaw=122.93294\u0026pitch=0\u0026thumbfov=100""}]","{""link"":"""",""source"":""""}"
3043499d-f7a0-4139-b121-07920cff8870,https://www.google.com/maps/place/Sabar+Menanti+Coffee+Roaster+Banjarmasin/data=!4m7!3m6!1s0x2de4236d9c248de7:0x8efcf751ccf50f6!8m2!3d-3.3240084!4d114.6168137!16s%2Fg%2F11wppm9k5h!19sChIJ540knG0j5C0R9lDPHHXP7wg?authuser=0&hl=en&g_ep=EgoyMDI2MDkwMi4wIJJjKgBIAVAD&rclk=1,Sabar Menanti Coffee Roaster Banjarmasin,Cafe,"Jl. Artha Kencana No.15, Kuripan, Kec. Banjarmasin Tim., Kota Banjarmasin, Kalimantan Selatan 70239","{""Friday"":[""7.00 am–10.00 pm""],""Monday"":[""7.00 am–10.00 pm""],""Saturday"":[""7.00 am–10.00 pm""],""Sunday"":[""7.00 am–10.00 pm""],""Thursday"":[""7.00 am–10.00 pm""],""Tuesday"":[""7.00 am–10.00 pm""],""Wednesday"":[""7.00 am–10.00 pm""]}","{""Friday"":{""10"":21,""11"":26,""12"":29,""13"":33,""14"":36,""15"":42,""16"":44,""17"":44,""18"":42,""19"":47,""20"":57,""21"":65,""22"":0,""23"":0,""6"":0,""7"":12,""8"":15,""9"":17},""Monday"":{""10"":20,""11"":24,""12"":31,""13"":41,""14"":46,""15"":44,""16"":44,""17"":44,""18"":51,""19"":53,""20"":59,""21"":59,""22"":0,""23"":0,""6"":0,""7"":10,""8"":13,""9"":16},""Saturday"":{""10"":17,""11"":19,""12"":24,""13"":29,""14"":29,""15"":27,""16"":25,""17"":22,""18"":25,""19"":41,""20"":71,""21"":100,""22"":0,""23"":0,""6"":0,""7"":10,""8"":13,""9"":15},""Sunday"":{""10"":20,""11"":22,""12"":28,""13"":33,""14"":36,""15"":35,""16"":37,""17"":39,""18"":48,""19"":63,""20"":77,""21"":86,""22"":0,""23"":0,""6"":0,""7"":8,""8"":12,""9"":15},""Thursday"":{""10"":24,""11"":31,""12"":35,""13"":40,""14"":37,""15"":38,""16"":38,""17"":42,""18"":44,""19"":46,""20"":53,""21"":61,""22"":0,""23"":0,""6"":0,""7"":12,""8"":13,""9"":20},""Tuesday"":{""10"":20,""11"":26,""12"":29,""13"":33,""14"":36,""15"":39,""16"":45,""17"":52,""18"":62,""19"":66,""20"":71,""21"":69,""22"":0,""23"":0,""6"":0,""7"":8,""8"":11,""9"":15},""Wednesday"":{""10"":17,""11"":24,""12"":30,""13"":33,""14"":36,""15"":34,""16"":41,""17"":48,""18"":55,""19"":62,""20"":68,""21"":68,""22"":0,""23"":0,""6"":0,""7"":14,""8"":15,""9"":17}}",61,4.6,"{""1"":1,""2"":3,""3"":4,""4"":6,""5"":47}",-3.324008,114.616814,643961373638742262,0x2de4236d9c248de7:0x8efcf751ccf50f6,ChIJ540knG0j5C0R9lDPHHXP7wg,"[{""title"":""All"",""image"":""https://lh3.googleusercontent.com/gps-cs-s/AHRPTWmLhb0rWdi8hEo0vVrfn2xgP94cS09l1qK-jVIF1GQfUcd-d2MpeKU5zMMRjTeTYdeJw71Boe8bEzYFU8AwzrQ_fuSD49AutKLrhEUfHVL-i3RQ8F_W2soqhQv3j7uSlcABqrFFfQhssCI=w396-h298-k-no""},{""title"":""Latest"",""image"":""https://lh3.googleusercontent.com/gps-cs-s/AHRPTWmM0JMRTFCAlsNEV7C01UtN4GoWtOtGr82xcUEB9dbXcYm3983dW5vSkNiluYkOFejM1jc0WGsDclWGuzus6Jm8VrnzfLRY23DLVrwpPLf5Eb2N-aDMnY_j3zwAkegb1x6fUoumpDPA-Xw=w397-h298-k-no""},{""title"":""Videos"",""image"":""https://lh3.googleusercontent.com/gps-cs-s/AHRPTWkqU1fHHg-lvnXqeqACm-T1oE8Sl-eniqAwwtlNvm6ck-Pt0wMkGQnluth8tbsSmPvPeGZqFtrJQd9K1_sVDUgFy1sUCp64Mf9MrScsmaY4cFHK05OayUHJ2EYjSw8c5G303Dmz55H91iEW=w224-h398-k-no""},{""title"":""Menu"",""image"":""https://lh3.googleusercontent.com/gps-cs-s/AHRPTWnbD_6XbiouuYDfeMAzgCo8Fi6NPj4G6RjXaC1byeY7SzGQpO2N9rVIixuH0MBKenT0Cfe71xzlGCCBlqRU1W_gJjGJSxnKAG6HXGKT5SnGn3M7tE_CklwFedBFIRcPoaVrrOLbOVF5TM8=w224-h321-k-no""},{""title"":""Food \u0026 drink"",""image"":""https://lh3.googleusercontent.com/gps-cs-s/AHRPTWm5pHm6ebyZI8LkO1uzAfGAwfuNNNtJXO8HFQEdVMCF3-8oWSkd_-R_DLQHMm06q1sMnyEWYv1mqrYxz7V-ldsZ_WzbLBSszqmhcArRCrXBZBaCEkkuyzCmryFPtH9uKEtgXDuhrXKbwuM=w397-h298-k-no""},{""title"":""Vibe"",""image"":""https://lh3.googleusercontent.com/gps-cs-s/AHRPTWluAn0rxBkR2oHMCQG9G9dsT72hH_hUsro-dY-R0NRB8viGaqGTwBbQhoy0Q3NYBPAR89quMYZ9HNmdQp1leBz9AJ6EX0F7AAt1GIU7-fBBg3EZTQD8-Ul8EhLTS9Sk5DhxDNAYIvVpCD_4=w224-h398-k-no""},{""title"":""Coffee"",""image"":""https://lh3.googleusercontent.com/gps-cs-s/AHRPTWk2F9MSwLA_l6RwlfyaCpgAqFyneC8-bpKPDsxRF-5BXefI63U5cEiFrSaBlkE0McLDTkh_5HwyAlWe94o6GljMzP0xgcMzyR9a4Cb-TW0EYrn_T3hIUkfDgVDk38Q-EnrRcvylZBFCzQY=w397-h298-k-no""},{""title"":""By owner"",""image"":""https://lh3.googleusercontent.com/gps-cs-s/AHRPTWm0jCTsVwHynJZFTCsipPOxDKv7i_sdefw66JQpqYZS0a-GJ7PmxsJMWup5IfYQ-2FJGEH0dpdk401UEIoLGsWULOXdF8mVykzL6FHH8OkFRQ55ArrNjenimPrVSuAcgb_BRFc=w372-h298-k-no""},{""title"":""Street View \u0026 360°"",""image"":""https://streetviewpixels-pa.googleapis.com/v1/thumbnail?panoid=69XSK5ZNkuw6B6Tzod2bHA\u0026cb_client=maps_sv.tactile.gps\u0026w=224\u0026h=298\u0026yaw=45.03232\u0026pitch=0\u0026thumbfov=100""}]","{""link"":""https://drive.google.com/drive/folders/1MJUxoO5hNTdn5rzbyRsU-RQPgCn77h_D"",""source"":""drive.google.com""}"
3043499d-f7a0-4139-b121-07920cff8870,https://www.google.com/maps/place/Spaceground+Coffee+and+Eatery/data=!4m7!3m6!1s0x2de4236469f67fef:0xf4a08652d2e388b2!8m2!3d-3.3285385!4d114.6277004!16s%2Fg%2F11q28pk183!19sChIJ73_2aWQj5C0Rsojj0lKGoPQ?authuser=0&hl=en&g_ep=EgoyMDI2MDkwMi4wIJJjKgBIAVAD&rclk=1,Spaceground Coffee and Eatery,Coffee shop,"Jl. Pramuka No.789, RT.20/RW.02, Sungai Lulut, Kec. Banjarmasin Tim., Kota Banjarmasin, Kalimantan Selatan 70237",{},"{""Friday"":{""0"":0,""1"":0,""10"":40,""11"":52,""12"":64,""13"":70,""14"":76,""15"":73,""16"":66,""17"":54,""18"":46,""19"":46,""2"":0,""20"":45,""21"":42,""22"":33,""23"":0,""3"":0,""4"":0,""5"":0,""6"":0,""7"":18,""8"":25,""9"":31},""Monday"":{""0"":0,""1"":0,""10"":52,""11"":72,""12"":86,""13"":79,""14"":71,""15"":60,""16"":54,""17"":46,""18"":37,""19"":32,""2"":0,""20"":32,""21"":35,""22"":33,""23"":0,""3"":0,""4"":0,""5"":0,""6"":0,""7"":11,""8"":19,""9"":30},""Saturday"":{""0"":0,""1"":0,""10"":58,""11"":79,""12"":97,""13"":100,""14"":96,""15"":84,""16"":66,""17"":50,""18"":43,""19"":40,""2"":0,""20"":45,""21"":50,""22"":48,""23"":41,""3"":0,""4"":0,""5"":0,""6"":0,""7"":13,""8"":21,""9"":35},""Sunday"":{""0"":0,""1"":0,""10"":54,""11"":82,""12"":99,""13"":100,""14"":86,""15"":65,""16"":48,""17"":40,""18"":34,""19"":31,""2"":0,""20"":29,""21"":29,""22"":27,""23"":21,""3"":0,""4"":0,""5"":0,""6"":0,""7"":13,""8"":15,""9"":29},""Thursday"":{""0"":0,""1"":0,""10"":44,""11"":63,""12"":79,""13"":77,""14"":72,""15"":65,""16"":62,""17"":59,""18"":50,""19"":40,""2"":0,""20"":36,""21"":33,""22"":34,""23"":0,""3"":0,""4"":0,""5"":0,""6"":0,""7"":11,""8"":18,""9"":28},""Tuesday"":{""0"":0,""1"":0,""10"":51,""11"":75,""12"":89,""13"":89,""14"":77,""15"":69,""16"":63,""17"":57,""18"":51,""19"":42,""2"":0,""20"":47,""21"":45,""22"":39,""23"":0,""3"":0,""4"":0,""5"":0,""6"":0,""7"":8,""8"":15,""9"":29},""Wednesday"":{""0"":0,""1"":0,""10"":53,""11"":75,""12"":84,""13"":83,""14"":71,""15"":64,""16"":53,""17"":46,""18"":36,""19"":34,""2"":0,""20"":34,""21"":38,""22"":36,""23"":0,""3"":0,""4"":0,""5"":0,""6"":0,""7"":8,""8"":17,""9"":32}}",284,4.6,"{""1"":1,""2"":1,""3"":14,""4"":65,""5"":203}",-3.328539,114.6277,17627236631811688626,0x2de4236469f67fef:0xf4a08652d2e388b2,ChIJ73_2aWQj5C0Rsojj0lKGoPQ,"[{""title"":""All"",""image"":""https://lh3.googleusercontent.com/gps-cs-s/AHRPTWlPXnfPqDEAhlEg4kLj3AVoYuLtgzkS8mPTpdiHlfdgytpEnJwW0f3yCjFBJnJ7FkrZq5rvIzI9rXmDRZij9fcsKNVvWqWD02eXboxj8s7-tD-w0_oct56UJNMsGvNcZlNU5oxq=w298-h298-k-no""},{""title"":""Menu"",""image"":""https://lh3.googleusercontent.com/gps-cs-s/AHRPTWmrzmY675iYM5NNRGYdomMBq4Rmskoh-XJuH5yTVxQYlAnmOzzJNq5sYXVXPhImCPgLRd-p0SJcEx_4RNDYsHIBBJc16CujxI1SVfqoKOPPqgwOCJouhtcxPWgeFARfAwd2EJ1U=w224-h298-k-no""},{""title"":""Videos"",""image"":""https://lh3.googleusercontent.com/gps-cs-s/AHRPTWlCAWwi0Zs5UCUSAO2gLy83Hknx2DuWeBDxWyghVDDT68fjDJ82yknrzQFWoiVWkgjGdeL9dpSm8oq5lrqtL62GZv5strJ1cq429DBdgSirJPCOqW4cON77m9RTxkWu2ehZ3r5N=w224-h298-k-no""},{""title"":""Food \u0026 drink"",""image"":""https://lh3.googleusercontent.com/gps-cs-s/AHRPTWmOhq0zOOr1zcEOwe8abHrQX8F-K3SW4hcHSzSAI3wpRfbHRJSfKXY1f_Kkfd8kSQ00rXaEwdB8246QNm_scYOIOFyXCJ34kcnxYMmcgGxqyU8l0PjktL7OHuaO5ZSVozix7hs=w224-h298-k-no""},{""title"":""Vibe"",""image"":""https://lh3.googleusercontent.com/gps-cs-s/AHRPTWlIpMLgDEMg3vgdviKqloFvv4g28JGiyI8npvD6T3XKTydKHpeYyoJANGUY5JJ1ROoODVkmjzpAXZR4y3-gUqCt6ct82Dh-vHgB6VeUfgcNNJfyOEkdz_MkZZu9Klsu2Vo69COZE8jmMbMZ=w397-h298-k-no""},{""title"":""Iced coffee"",""image"":""https://lh3.googleusercontent.com/gps-cs-s/AHRPTWnwp7t_GI14Usn45iGSECJeNulL_6-OfnwrJWf_gd7A09turoLe0xujAvfxpHyB5Sz5LvuL8SM6v4U3AkVIaRfpLNtYiLgl5A5a1OiM9p8z9zcHMXSyyHuxtZ2lS1MN1opjE-A2tbBDbO4=w224-h298-k-no""},{""title"":""Coffee"",""image"":""https://lh3.googleusercontent.com/gps-cs-s/AHRPTWkZGFkC2lh09zxryZNLt-9gZlkhpx_xl3bd5VyArLGLQvGqMVOI9hna-rg39jIXUQISyD14y4Gqu_NvSkib1oScoQ8dYOfG1ubd-A7ft2Pc5nz26s3dEtc_x_mGwlwIA8XvW9XmwA=w224-h298-k-no""},{""title"":""By owner"",""image"":""https://lh3.googleusercontent.com/gps-cs-s/AHRPTWlUXSDUSQ8hQACwzTs2Vf21udIlPljGAY0hU9xymsz3Wq7_W0-bpDxiovze29g5KGlWSQkmYJmqVa6pKMv_9pIDOAEQGJzQowpyPx_uVFSH9Igmpu1jL6FgtT1t9eMGNuKJAaHr=w298-h298-k-no""},{""title"":""Street View \u0026 360°"",""image"":""https://streetviewpixels-pa.googleapis.com/v1/thumbnail?panoid=C7L-1n79csNC-MZKW3izrQ\u0026cb_client=maps_sv.tactile.gps\u0026w=224\u0026h=298\u0026yaw=50.270733\u0026pitch=0\u0026thumbfov=100""}]","{""link"":"""",""source"":""""}"
3043499d-f7a0-4139-b121-07920cff8870,"https://www.google.com/maps/place/CAELIS+1996+%28COFFEE,+EATERY+%26+SPACE%29/data=!4m7!3m6!1s0x2de42392bdbf03e7:0xdfbc64d858fec9d3!8m2!3d-3.3287658!4d114.6150233!16s%2Fg%2F11xsxl_c_c!19sChIJ5wO_vZIj5C0R08n-WNhkvN8?authuser=0&hl=en&g_ep=EgoyMDI2MDkwMi4wIJJjKgBIAVAD&rclk=1","CAELIS 1996 (COFFEE, EATERY & SPACE)",Cafe,"Jl. Gatot Subroto Barat II No.72A, Kebun Bunga, Kec. Banjarmasin Tim., Kota Banjarmasin, Kalimantan Selatan 70237","{""Friday"":[""8.30 am–11.30 pm""],""Monday"":[""8.30 am–11.00 pm""],""Saturday"":[""8.30 am–11.30 pm""],""Sunday"":[""8.30 am–11.00 pm""],""Thursday"":[""Open 24 hours""],""Tuesday"":[""8.30 am–11.00 pm""],""Wednesday"":[""8.30 am–11.00 pm""]}","{""Friday"":{""10"":14,""11"":15,""12"":14,""13"":14,""14"":17,""15"":23,""16"":31,""17"":40,""18"":57,""19"":68,""20"":74,""21"":72,""22"":60,""23"":43,""6"":0,""7"":0,""8"":9,""9"":13},""Monday"":{""10"":17,""11"":20,""12"":22,""13"":23,""14"":23,""15"":24,""16"":26,""17"":39,""18"":54,""19"":69,""20"":80,""21"":87,""22"":76,""23"":0,""6"":0,""7"":0,""8"":7,""9"":11},""Saturday"":{""10"":13,""11"":21,""12"":20,""13"":23,""14"":22,""15"":25,""16"":31,""17"":42,""18"":62,""19"":76,""20"":92,""21"":100,""22"":93,""23"":73,""6"":0,""7"":0,""8"":3,""9"":7},""Sunday"":{""10"":12,""11"":16,""12"":20,""13"":23,""14"":26,""15"":29,""16"":33,""17"":42,""18"":58,""19"":71,""20"":74,""21"":71,""22"":59,""23"":0,""6"":0,""7"":0,""8"":5,""9"":7},""Thursday"":{""0"":0,""1"":0,""10"":10,""11"":10,""12"":12,""13"":15,""14"":18,""15"":23,""16"":28,""17"":34,""18"":42,""19"":47,""2"":0,""20"":52,""21"":50,""22"":44,""23"":32,""3"":0,""4"":0,""5"":0,""6"":0,""7"":0,""8"":9,""9"":9},""Tuesday"":{""10"":14,""11"":17,""12"":23,""13"":29,""14"":32,""15"":36,""16"":41,""17"":49,""18"":56,""19"":65,""20"":66,""21"":69,""22"":63,""23"":0,""6"":0,""7"":0,""8"":14,""9"":13},""Wednesday"":{""10"":14,""11"":17,""12"":19,""13"":23,""14"":28,""15"":32,""16"":36,""17"":41,""18"":53,""19"":65,""20"":72,""21"":73,""22"":65,""23"":0,""6"":0,""7"":0,""8"":9,""9"":12}}",93,4.7,"{""1"":3,""2"":2,""3"":1,""4"":9,""5"":78}",-3.328766,114.615023,16121871646448339411,0x2de42392bdbf03e7:0xdfbc64d858fec9d3,ChIJ5wO_vZIj5C0R08n-WNhkvN8,"[{""title"":""All"",""image"":""https://lh3.googleusercontent.com/gps-cs-s/AHRPTWnb9Y42aESLIicNKmHFQymNm7HMUPwHlY18UOJg_wUUwNhDt5Tc7HUAprax_QyLYbFpNpUw-ZsuHhwjSBWsK2SHHR_YcGllgmuPpACOl2eBrmZ0_Pr3bw03Jk6jsEhBu3r7TKX22PL1QeV4=w397-h298-k-no""},{""title"":""Latest"",""image"":""https://lh3.googleusercontent.com/gps-cs-s/AHRPTWlpSMSWV1M8dcrb_WSR23g0rtUuBdmR4oy9Pa8K58auSYHVgWwvUdJgYZ6OjqmM-fotLexmP1eg9JbPxYKEAtcu8fVr1vMD3F3TyHlzsFtCtZQ7Ssmi4wq2hhUtypYuEmmj7W_XF3dmZknZ=w224-h400-k-no""},{""title"":""Videos"",""image"":""https://lh3.googleusercontent.com/gps-cs-s/AHRPTWkSD1Ysf9T0YsFS7KA0v7CjiA6ddHkx4eXhLmGxQ1B8IYdf61NMUIkQ79MerDALbiYDjZXIMI3bIzINQd8158818wMwBy6_2mIsIOEyxAidRhDEMx9poZ5Hfb0ND_WokwzsseMBfR7RlTro=w224-h398-k-no""},{""title"":""Menu"",""image"":""https://lh3.googleusercontent.com/gps-cs-s/AHRPTWkiqucug4vlwAwEydF_uTO8X3cC2mJT42n3QaDktWZq83u7-lxSkFPyWi6gfcISJuqyzwEh7MHcRC0odcB1PwR6H4PY8fBOciM9fernzf-ryLXzQZyzDHwn3EoKTME_vV--HZiMG2p6rHw=w224-h336-k-no""},{""title"":""Food \u0026 drink"",""image"":""https://lh3.googleusercontent.com/gps-cs-s/AHRPTWk4S_dJ2g4v0G-TXNt-bf9WHbzhv2eN3sQNbv8z1ChyCIJGGA1v_yZgQvfLidGKi94OdKo1cTQ37Q9CFJiTQ0YhnE3FkHb6D7WGkv8n4QC8ZSrze448ecReqJZTba61HfGQyIq_nqjE-3Kr=w224-h298-k-no""},{""title"":""Vibe"",""image"":""https://lh3.googleusercontent.com/gps-cs-s/AHRPTWnQg-JxoQDewNAgT9ml3OF9y7_lvAcx-UGHpSlpWllbwnRX2pAnPYrdV3wJ_zs5Yx4U5nhm4fzhUCekJNFA7FNxMw6Izfidnz79UHWqadpM07Y-26R8i-C0BsBp88iPEzpkOWuaDzDQSlo=w397-h298-k-no""},{""title"":""By owner"",""image"":""https://lh3.googleusercontent.com/gps-cs-s/AHRPTWkz4ma_9GEyikwY2WCVuWYHEjsbnJV1hJPiKPJa6ZaXKHhf_Cvpcu001XEHqc4wETxXjNqERlbUmaI6ixJU2X3EsgbQhlSEueGllt0shHi6xDDm4yjWGkqYz9MBd2H29P3Qlb-OKi_aPl0=w397-h298-k-no""},{""title"":""Street View \u0026 360°"",""image"":""https://streetviewpixels-pa.googleapis.com/v1/thumbnail?panoid=CMf-FgHJIe6Ej1zR0QZrpA\u0026cb_client=maps_sv.tactile.gps\u0026w=224\u0026h=298\u0026yaw=289.1524\u0026pitch=0\u0026thumbfov=100""}]","{""link"":""https://drive.google.com/file/d/1nH97wGhNi57HMhhRpmaMTc0VrTPF1ybG/view"",""source"":""drive.google.com""}"
3043499d-f7a0-4139-b121-07920cff8870,https://www.google.com/maps/place/Cafe+California/data=!4m7!3m6!1s0x2de4234425ac5847:0x2a6026a51351f1f!8m2!3d-3.3239904!4d114.6052033!16s%2Fg%2F11fl9ggfhl!19sChIJR1isJUQj5C0RHx81UWoCpgI?authuser=0&hl=en&g_ep=EgoyMDI2MDkwMi4wIJJjKgBIAVAD&rclk=1,Cafe California,Cafe,"Jl. Kuripan No.11 A, Kuripan, Banjarmasin Timur, Banjarmasin City, South Kalimantan 70236","{""Friday"":[""10.00 am–10.00 pm""],""Monday"":[""10.00 am–10.00 pm""],""Saturday"":[""10.00 am–11.00 pm""],""Sunday"":[""10.00 am–11.00 pm""],""Thursday"":[""10.00 am–10.00 pm""],""Tuesday"":[""10.00 am–10.00 pm""],""Wednesday"":[""10.00 am–10.00 pm""]}","{""Friday"":{""10"":19,""11"":33,""12"":46,""13"":57,""14"":56,""15"":50,""16"":46,""17"":49,""18"":63,""19"":74,""20"":72,""21"":61,""22"":0,""23"":0,""6"":0,""7"":0,""8"":0,""9"":0},""Monday"":{""10"":31,""11"":37,""12"":41,""13"":44,""14"":46,""15"":47,""16"":51,""17"":60,""18"":73,""19"":75,""20"":66,""21"":51,""22"":0,""23"":0,""6"":0,""7"":0,""8"":0,""9"":0},""Saturday"":{""10"":20,""11"":30,""12"":38,""13"":50,""14"":51,""15"":51,""16"":52,""17"":67,""18"":87,""19"":92,""20"":84,""21"":69,""22"":47,""23"":0,""6"":0,""7"":0,""8"":0,""9"":0},""Sunday"":{""10"":15,""11"":16,""12"":22,""13"":27,""14"":29,""15"":33,""16"":46,""17"":72,""18"":97,""19"":100,""20"":77,""21"":55,""22"":37,""23"":0,""6"":0,""7"":0,""8"":0,""9"":0},""Thursday"":{""10"":29,""11"":42,""12"":46,""13"":47,""14"":49,""15"":52,""16"":55,""17"":58,""18"":63,""19"":62,""20"":57,""21"":44,""22"":0,""23"":0,""6"":0,""7"":0,""8"":0,""9"":0},""Tuesday"":{""10"":27,""11"":36,""12"":47,""13"":55,""14"":56,""15"":55,""16"":53,""17"":63,""18"":77,""19"":88,""20"":75,""21"":55,""22"":0,""23"":0,""6"":0,""7"":0,""8"":0,""9"":0},""Wednesday"":{""10"":24,""11"":29,""12"":33,""13"":35,""14"":39,""15"":43,""16"":46,""17"":66,""18"":87,""19"":91,""20"":76,""21"":52,""22"":0,""23"":0,""6"":0,""7"":0,""8"":0,""9"":0}}",767,4.7,"{""1"":23,""2"":10,""3"":21,""4"":104,""5"":609}",-3.32399,114.605203,190842689862049567,0x2de4234425ac5847:0x2a6026a51351f1f,ChIJR1isJUQj5C0RHx81UWoCpgI,"[{""title"":""All"",""image"":""https://lh3.googleusercontent.com/gps-cs-s/AHRPTWmt076qLPxd8sqMn6cmt3_90bqlJ6Az1QcsKgfAidwCXbuExFbyn_j6Fv1528Cz3-xWLU2XBzcrDYtPKfBV4obeM21NQYMi1bjGZzAOa4QMxB11DU_dbQJKqSzf4A8jhrQZb8a-=w447-h298-k-no""},{""title"":""Menu"",""image"":""https://lh3.googleusercontent.com/gps-cs-s/AHRPTWlb64oCjxLIvZhPBOhs3b23jo8ccc_dq4GuerXqTW3b8DlVoul04E5n0Le_mD3NKoWtLFIbzBYRG2NBQHAQA6wtCCbivFBL4nK1uzAK9Z5516MSaht3P0KAlsk320Ke1B6LEuEunICrgAY=w224-h398-k-no""},{""title"":""Videos"",""image"":""https://lh3.googleusercontent.com/gps-cs-s/AHRPTWnDHFfhxHQq_46LOj__jIuF9IDpzVW4644hyzXlzmuWlfKFlwwMydgcZcQnhXfGuxBHx3kGPnGNQeqxK0-lpLc2UCu-s-Bfz-NBik1D1mfg-WSdXFh6chbprAfvsMUkXbrvkZY=w224-h398-k-no""},{""title"":""Food \u0026 drink"",""image"":""https://lh3.googleusercontent.com/gps-cs-s/AHRPTWkDovoXHeKXS0vZ-4m87npAZvWbm_HNe0GtM20fFM4FohvpFDrxoi_k-1iiBJy0UWxvAkBLJzQW2Is3Ztx6FT_r-GRz-6HUa2Zw16JtzLWMM5XzzlbfxLKStjkoeMYVrfTbrN3E=w224-h336-k-no""},{""title"":""Vibe"",""image"":""https://lh3.googleusercontent.com/gps-cs-s/AHRPTWmIu0oPOFowuFfs4NO3r05VQN1LL5J0b3gGFsTYQN_D-EtHTMGbRX38zx2OCA0VIYyrtHBZoenQA6uBkq5FvriOLcD3UUaFcD3ofvZDBWMNm7h9m1PsJuiFcVhfkzp5pCsFAoE3=w224-h407-k-no""},{""title"":""Iced coffee"",""image"":""https://lh3.googleusercontent.com/gps-cs-s/AHRPTWl2xHT23D1wC28-0lnPpngY0DVFUBziOiRWJgAtbfo5E2tXwLsPYBYgaed7vdQ2DreM5fnYNmxMTuxyXDuKabRYQbEhH8tMYlpeWglKHqDHazqMbUt5HkinfqlUk3T05Wnk4fSn=w397-h298-k-no""},{""title"":""Cappuccino"",""image"":""https://lh3.googleusercontent.com/gps-cs-s/AHRPTWlHU7EL7H_pGXGkJVlD0hkxjIu3xii7rUEb34n6390jJ5rpGAa6IWtBjO5DysWnfN7nuNdm3BA0WqvIw96s5_4s_oXz-IjbTnXmeLC31X1CdEfQbO1jMu-IczD7thpyu_9uvDqf0cEpEQm-=w224-h298-k-no""},{""title"":""Waffle"",""image"":""https://lh3.googleusercontent.com/gps-cs-s/AHRPTWkFmOgFeyPRRye6HWsN8CFp1nl2X8qoYz3cJoK7HwNUHhjTGglm9t1YG8WzIVrZLvdHrpypjnSyitAidtNQj0hrxIzl8xIhpQxAA4VRBuPXkO7NA_ZgOez7WK9DyEfRdGJ0SXCO=w224-h298-k-no""},{""title"":""By owner"",""image"":""https://lh3.googleusercontent.com/gps-cs-s/AHRPTWlT-xmF7yIHOgvJHlEpTVIX2EUPjTZpisrFMPPyiBqtWv_iF0sdRtITM4E_ZL6jxg_1pyQegzw9_9Mtzh3B6p99H-A2CPYVXSc0fzdxxmodVQ8WWZK08Li1EoC-7lMnW8a-MsQ=w224-h407-k-no""},{""title"":""Street View \u0026 360°"",""image"":""https://streetviewpixels-pa.googleapis.com/v1/thumbnail?panoid=4HYbHhoabWWOM9EpjyoxTw\u0026cb_client=maps_sv.tactile.gps\u0026w=224\u0026h=298\u0026yaw=272.8982\u0026pitch=0\u0026thumbfov=100""}]","{""link"":"""",""source"":""""}"
3043499d-f7a0-4139-b121-07920cff8870,https://www.google.com/maps/place/Half+Coffe+Shop/data=!4m7!3m6!1s0x2de42306b2fffddb:0x4d9951e5dca15161!8m2!3d-3.3035244!4d114.5848916!16s%2Fg%2F11l0cjr2g2!19sChIJ2_3_sgYj5C0RYVGh3OVRmU0?authuser=0&hl=en&g_ep=EgoyMDI2MDkwMi4wIJJjKgBIAVAD&rclk=1,Half Coffe Shop,Coffee shop,"Jl.Kuin Selatan samping, Gg. Ami No.0, Kuin Sel., Kec. Banjarmasin Bar., Kota Banjarmasin, Kalimantan Selatan 70123","{""Friday"":[""2.00 am–11.00 pm""],""Monday"":[""10.00 am–11.00 pm""],""Saturday"":[""10.00 am–11.30 pm""],""Sunday"":[""10.00 am–11.00 pm""],""Thursday"":[""10.00 am–10.00 pm""],""Tuesday"":[""10.00 am–11.00 pm""],""Wednesday"":[""10.00 am–11.00 pm""]}","{""Friday"":{""1"":0,""10"":46,""11"":46,""12"":73,""13"":100,""14"":100,""15"":73,""16"":50,""17"":46,""18"":57,""19"":73,""2"":50,""20"":92,""21"":73,""22"":69,""3"":42,""4"":30,""5"":30,""6"":42,""7"":38,""8"":42,""9"":38},""Monday"":{""10"":34,""11"":42,""12"":46,""13"":50,""14"":46,""15"":34,""16"":23,""17"":26,""18"":34,""19"":50,""20"":42,""21"":38,""22"":38,""23"":0,""6"":0,""7"":0,""8"":0,""9"":0},""Saturday"":{""10"":53,""11"":53,""12"":61,""13"":65,""14"":69,""15"":57,""16"":50,""17"":61,""18"":76,""19"":65,""20"":53,""21"":46,""22"":46,""23"":46,""6"":0,""7"":0,""8"":0,""9"":0},""Sunday"":{""10"":30,""11"":46,""12"":57,""13"":73,""14"":76,""15"":73,""16"":65,""17"":50,""18"":50,""19"":50,""20"":38,""21"":19,""22"":15,""23"":0,""6"":0,""7"":0,""8"":0,""9"":0},""Thursday"":{""10"":34,""11"":61,""12"":80,""13"":73,""14"":57,""15"":46,""16"":38,""17"":46,""18"":34,""19"":30,""20"":30,""21"":30,""22"":0,""23"":0,""6"":0,""7"":0,""8"":0,""9"":0},""Tuesday"":{""10"":34,""11"":42,""12"":30,""13"":34,""14"":42,""15"":53,""16"":69,""17"":76,""18"":73,""19"":50,""20"":50,""21"":42,""22"":38,""23"":0,""6"":0,""7"":0,""8"":0,""9"":0},""Wednesday"":{""10"":61,""11"":42,""12"":38,""13"":34,""14"":46,""15"":50,""16"":50,""17"":53,""18"":57,""19"":53,""20"":42,""21"":42,""22"":34,""23"":0,""6"":0,""7"":0,""8"":0,""9"":0}}",12,4.7,"{""1"":0,""2"":0,""3"":2,""4"":0,""5"":10}",-3.303524,114.584892,5591590460048101729,0x2de42306b2fffddb:0x4d9951e5dca15161,ChIJ2_3_sgYj5C0RYVGh3OVRmU0,"[{""title"":""All"",""image"":""https://lh3.googleusercontent.com/gps-cs-s/AHRPTWnzegi8pjrqnmsnC9dFE3p0ZTWXcmMx-k-wlmyq3IkgW3LfNtHdj0nMgSqitDO3iJO_jFiVKcS72uD8c4ir1NsPinek9JalzZGiNVOQD2bKt9fSh1J9Km7ojp_7G-nILTgE2NnZ=w529-h298-k-no""},{""title"":""Vibe"",""image"":""https://lh3.googleusercontent.com/gps-cs-s/AHRPTWnzegi8pjrqnmsnC9dFE3p0ZTWXcmMx-k-wlmyq3IkgW3LfNtHdj0nMgSqitDO3iJO_jFiVKcS72uD8c4ir1NsPinek9JalzZGiNVOQD2bKt9fSh1J9Km7ojp_7G-nILTgE2NnZ=w529-h298-k-no""},{""title"":""Street View \u0026 360°"",""image"":""https://streetviewpixels-pa.googleapis.com/v1/thumbnail?panoid=O5bKebu9LNEP0f5K8Txwkg\u0026cb_client=maps_sv.tactile.gps\u0026w=224\u0026h=298\u0026yaw=171.13815\u0026pitch=0\u0026thumbfov=100""}]","{""link"":"""",""source"":""""}"
3043499d-f7a0-4139-b121-07920cff8870,https://www.google.com/maps/place/Jungle+Coffee+Bar/data=!4m7!3m6!1s0x2de424025e06b045:0x2a9fc5b397e3d1ef!8m2!3d-3.3288976!4d114.6278445!16s%2Fg%2F11c74hx47r!19sChIJRbAGXgIk5C0R79Hjl7PFnyo?authuser=0&hl=en&g_ep=EgoyMDI2MDkwMi4wIJJjKgBIAVAD&rclk=1,Jungle Coffee Bar,Coffee shop,"Jl. Pramuka No.3, Sungai Lulut, Banjarmasin Timur, Banjarmasin City, South Kalimantan 70237","{""Friday"":[""2.00 pm–12.00 am""],""Monday"":[""2.00 pm–12.00 am""],""Saturday"":[""2.00 pm–12.00 am""],""Sunday"":[""2.00 pm–12.00 am""],""Thursday"":[""2.00 pm–12.00 am""],""Tuesday"":[""2.00 pm–12.00 am""],""Wednesday"":[""2.00 pm–12.00 am""]}","{""Friday"":{""10"":0,""11"":0,""12"":0,""13"":0,""14"":23,""15"":34,""16"":50,""17"":56,""18"":70,""19"":84,""20"":100,""21"":85,""22"":57,""23"":28,""6"":0,""7"":0,""8"":0,""9"":0},""Monday"":{""10"":0,""11"":0,""12"":0,""13"":0,""14"":37,""15"":49,""16"":56,""17"":52,""18"":50,""19"":45,""20"":46,""21"":44,""22"":37,""23"":25,""6"":0,""7"":0,""8"":0,""9"":0},""Saturday"":{""10"":0,""11"":0,""12"":0,""13"":0,""14"":23,""15"":26,""16"":34,""17"":37,""18"":42,""19"":48,""20"":54,""21"":57,""22"":52,""23"":34,""6"":0,""7"":0,""8"":0,""9"":0},""Sunday"":{""10"":0,""11"":0,""12"":0,""13"":0,""14"":18,""15"":24,""16"":27,""17"":41,""18"":50,""19"":55,""20"":46,""21"":43,""22"":34,""23"":26,""6"":0,""7"":0,""8"":0,""9"":0},""Thursday"":{""10"":0,""11"":0,""12"":0,""13"":0,""14"":26,""15"":35,""16"":45,""17"":38,""18"":33,""19"":27,""20"":38,""21"":34,""22"":31,""23"":15,""6"":0,""7"":0,""8"":0,""9"":0},""Tuesday"":{""10"":0,""11"":0,""12"":0,""13"":0,""14"":33,""15"":51,""16"":55,""17"":50,""18"":41,""19"":41,""20"":46,""21"":42,""22"":34,""23"":22,""6"":0,""7"":0,""8"":0,""9"":0},""Wednesday"":{""10"":0,""11"":0,""12"":0,""13"":0,""14"":27,""15"":39,""16"":50,""17"":50,""18"":57,""19"":59,""20"":62,""21"":56,""22"":40,""23"":25,""6"":0,""7"":0,""8"":0,""9"":0}}",464,4.4,"{""1"":12,""2"":14,""3"":36,""4"":117,""5"":285}",-3.328898,114.627844,3071390846028075503,0x2de424025e06b045:0x2a9fc5b397e3d1ef,ChIJRbAGXgIk5C0R79Hjl7PFnyo,"[{""title"":""All"",""image"":""https://lh3.googleusercontent.com/gps-cs-s/AHRPTWkSPhrfkKvaN3a8JOpzh6y-YZTgTV2-e6EmafaedpLiN3wnj_3wtv5eeiwzJpyMBNs_ZwS_OmTeP6o0lxFreh0ARlnayWwTD9cD2SVozoNez1l8l_3bR_FB8LlOG8z30ufoTXT4ER7Iike3=w529-h298-k-no""},{""title"":""Menu"",""image"":""https://lh3.googleusercontent.com/gps-cs-s/AHRPTWlvKZkeP2lgyUzHqilYvrWOQc2dLl9p2vru32vvPBrLbVnPV9Nv3pZ7atK9lIXysSnR4kgaHqRdnBaLTRo7m7PXN0nADCybxxMyivAUIiqDJtjSGHahfT_AlP9qy_OhK7u0f-mSLHceTRxD=w224-h316-k-no""},{""title"":""Videos"",""image"":""https://lh3.googleusercontent.com/gps-cs-s/AHRPTWnnJZAjphG3uTs-JBtCXl1Hq1naNMBR8Src3OH3IlT0pQF2-bpjdMeQnor57JsduAXklFXbciZErJceEUGMtajMmeZAJY_FQHndh5_ozVCSYrl3ZnN1-9apjArY-6ISE2JDCFjZ-w=w529-h298-k-no""},{""title"":""Food \u0026 drink"",""image"":""https://lh3.googleusercontent.com/gps-cs-s/AHRPTWl93FmZ0Z568xOguAYr70_YcVVSQ0yBFtopP2smiSmuLSpPP9TXxzZb2O0dTQCXAEVuX-9G2rS1tK3jHn10if3uQ7vCkv6X19SrOBCZUgdg608eRjoHdRITqzKJbiY2_4Vv7Y6FVw=w446-h298-k-no""},{""title"":""Vibe"",""image"":""https://lh3.googleusercontent.com/gps-cs-s/AHRPTWkIPOsuvllVsKiPdVeufwKtIYcCvAN0u9dxISj8r8BQcXYJwPNd4F4kylF3wJ_pFdKvWTiv-vqRI4qMd-bXO7_GjBU01aFFCSvbLvqnBD-H-wYsybd3sTkIUL2n6pOANFPbnclD9g=w224-h398-k-no""},{""title"":""Latte"",""image"":""https://lh3.googleusercontent.com/gps-cs-s/AHRPTWmX1fSD0apEYeysWPkShoeqPfS9Iwe51bUHqLzaMwbvtszReN72soxEzhZN5ydoB4ykyNGh3ozG5cy3t00fDr7oGYj9umj82itls7MfLcdXY3c80_LgovLNw_-LJj-y8YmteutizA9lv7PJ=w224-h398-k-no""},{""title"":""By owner"",""image"":""https://lh3.googleusercontent.com/gps-cs-s/AHRPTWkdlhfcIM4YbdoUHZSVFiCkNVyGQTl0_RbXc3qTd6XnqlYbnkVrBhNiCcBRn9l3tke6tUOJqFuRW8N-EFZ0t29bpcXSXjw9tDouX5kMvayBV_ftVHibFfdfK9-xe81EPAyDznBQVw=w528-h298-k-no""},{""title"":""Street View \u0026 360°"",""image"":""https://streetviewpixels-pa.googleapis.com/v1/thumbnail?panoid=l-Lii9-R02-TAGrt7mZaFg\u0026cb_client=maps_sv.tactile.gps\u0026w=224\u0026h=298\u0026yaw=56.28035\u0026pitch=0\u0026thumbfov=100""}]","{""link"":"""",""source"":""""}"
3043499d-f7a0-4139-b121-07920cff8870,https://www.google.com/maps/place/MK+Caf%C3%A8+Ratu+Zaleha+Bjm/data=!4m7!3m6!1s0x2de423ab7aed6e3b:0xebe6503120cfbd20!8m2!3d-3.3284219!4d114.6059335!16s%2Fg%2F11nt2yvm5d!19sChIJO27teqsj5C0RIL3PIDFQ5us?authuser=0&hl=en&g_ep=EgoyMDI2MDkwMi4wIJJjKgBIAVAD&rclk=1,MK Cafè Ratu Zaleha Bjm,Coffee shop,"Jl. Ratu Zaleha No.1B, Karang Mekar, Kec. Banjarmasin Tim., Kota Banjarmasin, Kalimantan Selatan 70234","{""Friday"":[""2.00–10.00 pm""],""Monday"":[""1.00–10.00 pm""],""Saturday"":[""1.00–10.00 pm""],""Sunday"":[""1.00–10.00 pm""],""Thursday"":[""1.00–5.30 pm""],""Tuesday"":[""1.00–10.00 pm""],""Wednesday"":[""1.00–10.00 pm""]}",{},14,4.1,"{""1"":1,""2"":2,""3"":0,""4"":3,""5"":8}",-3.328422,114.605933,16998362015490620704,0x2de423ab7aed6e3b:0xebe6503120cfbd20,ChIJO27teqsj5C0RIL3PIDFQ5us,"[{""title"":""All"",""image"":""https://lh3.googleusercontent.com/gps-cs-s/AHRPTWlztws5J8EcGuChp5nThvS3xXrnwhyA8vLbA6_l7IJUPHTs7LNtwggDRCPPEf_hgbWktntuUBV6qQUTAXL5-XX6SZtRpre0Kr17FJMvo2s3cVFjEJCBC5v3Mjubb7CQD-o5uzzR=w224-h298-k-no""},{""title"":""Food \u0026 drink"",""image"":""https://lh3.googleusercontent.com/gps-cs-s/AHRPTWmztXDFndi8EAYwpPmbnjx6zTAv9z2oBtWqSNYfFkP-gohT_F3_QiCh2Gg8AVlF9rw91e0NPUsmy5vnxzNLiAjiJlhlUzsNzyHs6sd7wkHod28nGSvaSJuXEK8vAUVmvgSjbWxI=w224-h298-k-no""},{""title"":""Videos"",""image"":""https://lh3.googleusercontent.com/gps-cs-s/AHRPTWlcBuQisn3spy0IN48_qsAASuy2vBmDB-GnGr8geQ89TTTxOoVjq3I6iO_yyMQdYu0HzaR8pwOglxgxu5eTcKnUNdbdZAbqBOkvs5ZyAato-d3uV_p3hqh2fxKko7pM_rN7I7Nglw=w224-h398-k-no""},{""title"":""Vibe"",""image"":""https://lh3.googleusercontent.com/gps-cs-s/AHRPTWlztws5J8EcGuChp5nThvS3xXrnwhyA8vLbA6_l7IJUPHTs7LNtwggDRCPPEf_hgbWktntuUBV6qQUTAXL5-XX6SZtRpre0Kr17FJMvo2s3cVFjEJCBC5v3Mjubb7CQD-o5uzzR=w224-h298-k-no""},{""title"":""By owner"",""image"":""https://lh3.googleusercontent.com/gps-cs-s/AHRPTWmFLEuM9QfP44q-t960oqz-FhVzlJ2O91Uhwl4fWtEbdkVFgWDcmZ-0Yuh3_G_dSBucTkpv02e_Xn7z2z9FDMPXvkCcay5888sdrQncbs5FEG9IQT_hAgJ_1uCiQWCd3jQFWe1Iyg=w529-h298-k-no""},{""title"":""Street View \u0026 360°"",""image"":""https://streetviewpixels-pa.googleapis.com/v1/thumbnail?panoid=s57Ekk48Eei9e96i6p_oYw\u0026cb_client=maps_sv.tactile.gps\u0026w=224\u0026h=298\u0026yaw=67.21586\u0026pitch=0\u0026thumbfov=100""}]","{""link"":"""",""source"":""""}"
3043499d-f7a0-4139-b121-07920cff8870,https://www.google.com/maps/place/Covistry+Duta+Mall+Banjarmasin/data=!4m7!3m6!1s0x2de423391339aefd:0xbcfceca51b8fcbfd!8m2!3d-3.3231505!4d114.602985!16s%2Fg%2F11zgqxjlkm!19sChIJ_a45Ezkj5C0R_cuPG6Xs_Lw?authuser=0&hl=en&g_ep=EgoyMDI2MDkwMi4wIJJjKgBIAVAD&rclk=1,Covistry Duta Mall Banjarmasin,Cafe,"Duta Mall Banjarmasin, Lt. 1, Melayu, Kec. Banjarmasin Tengah, Kota Banjarmasin, Kalimantan Selatan 70122","{""Friday"":[""10.00 am–10.00 pm""],""Monday"":[""10.00 am–10.00 pm""],""Saturday"":[""10.00 am–10.00 pm""],""Sunday"":[""10.00 am–10.00 pm""],""Thursday"":[""10.00 am–10.00 pm""],""Tuesday"":[""10.00 am–10.00 pm""],""Wednesday"":[""10.00 am–10.00 pm""]}",{},48,4.1,"{""1"":5,""2"":2,""3"":6,""4"":4,""5"":31}",-3.32315,114.602985,13618019567137704957,0x2de423391339aefd:0xbcfceca51b8fcbfd,ChIJ_a45Ezkj5C0R_cuPG6Xs_Lw,"[{""title"":""All"",""image"":""https://lh3.googleusercontent.com/gps-cs-s/AHRPTWld69l2p3sAFqGzROSZXpzngwSLxxQkIfWbo0jPnyztRPnF06IfDY2FYLo999fDVAvuEG_rerQggJt6HDuALhEs8q7pfFsap9AXCevaAotKOFJF5uiSj5HDW9OudDm6AknxBKEeMLqg-_H2=w224-h335-k-no""},{""title"":""Latest"",""image"":""https://lh3.googleusercontent.com/gps-cs-s/AHRPTWmgbOKrQbC36P7YnMHc2cHIw0uN9x2uobeJDXDYaZQZn8PfmSU2CWmwzxgoEwzP82zNRwQf4iOx9urDMk8U5PMDBlCqSyJw6oov87SkLoY13UDYORrvKXKDCCsL6_UMwu1-uUXYynpP72uk=w224-h398-k-no""},{""title"":""Videos"",""image"":""https://lh3.googleusercontent.com/gps-cs-s/AHRPTWnsW_QemqW9E-w6T2U7IgUFmJFLj2Gkc5xNvXZTe9s_NBuqI7Ykkl0atqsQ0eEFsNvEwEW5g8pmh74dtrC-CBDi86zkTXbB1Xy0FKXeZjUHFdRCOk4h8WG3JJEwN2ztQTu3NUTfqa9BULOy=w224-h398-k-no""},{""title"":""Menu"",""image"":""https://lh3.googleusercontent.com/gps-cs-s/AHRPTWmCM3vLRYTE0p8JGROao2qqL2ALHUeWRVDibJTvHuCRP5tPm-U3iu4EhEE90jq7nu-5-F1YkkaVWdw0RY4QJVgV4_Lx0bVPdbGUlHO-Ryt1nCrlxRPPBNOGniXhcGx9jcQ9aIGuFUN8vuU=w415-h298-k-no""},{""title"":""Food \u0026 drink"",""image"":""https://lh3.googleusercontent.com/gps-cs-s/AHRPTWlFbAM9oR-kjG1ZtjkJ7WUu0j7uNnaKHzJd0SAi5pxo_aeFnTukpi2jndQs_LcAKlutcwUJXXBrcyz2VamVPo0DF_BHZCEOjYGTk-AbgvMgCKNLyhEY4PTc0BGXk23PGadgmSrE_1GDiA8=w224-h298-k-no""},{""title"":""Vibe"",""image"":""https://lh3.googleusercontent.com/gps-cs-s/AHRPTWkS22DzbJ_o0LVRb6twBvWRnQfQw7dATx6uDioHAnPcU8hFRfXINlMutfo-BYw2VC6h3vQ8EbFRUasPG6BfWeUgNuhmwiwNh9a6AO2h38r95WUiTsh_UgnX9jZnStFw1t9lFWODz161DoH5=w224-h398-k-no""},{""title"":""Tiramisu"",""image"":""https://lh3.googleusercontent.com/gps-cs-s/AHRPTWkFNWOx2xDW-yFkR3_Ix7Zz4OGazWtx6qKQXti_P57A5ygzYKYkTH9vwJK3KjGgLjEbCAP9SwB85t3ZWyuvVapc-OtS00eI-juNbSh0r3CmN1iLyu_0R2G9h5SIUa2epOf9Rt6BiDRg9Bps=w447-h298-k-no""},{""title"":""Coffee"",""image"":""https://lh3.googleusercontent.com/gps-cs-s/AHRPTWnI0nePWzGBBZ9apO-U8iHCQuxk68sinfhuQikBBV7BJAxiF6uPEjd2Nv3Rb1WnZt6HxY5v2CRDI20Y_uh2Vt69Voj4vwVYNdjL5nXj2GuNkfyoarIUcBbBFW3bEkO_wREhZ8Ha_b1RyvAt=w224-h298-k-no""},{""title"":""Street View \u0026 360°"",""image"":""https://streetviewpixels-pa.googleapis.com/v1/thumbnail?panoid=BxBRukwsDbtsujqnE-dQrA\u0026cb_client=maps_sv.tactile.gps\u0026w=224\u0026h=298\u0026yaw=57.55632\u0026pitch=0\u0026thumbfov=100""}]","{""link"":"""",""source"":""""}"
3043499d-f7a0-4139-b121-07920cff8870,https://www.google.com/maps/place/Sepakat+wedang+%26+kopi/data=!4m7!3m6!1s0x2de423c3970575b1:0xdb2b1c706d343eba!8m2!3d-3.3298279!4d114.6096469!16s%2Fg%2F11vs_3m408!19sChIJsXUFl8Mj5C0Ruj40bXAcK9s?authuser=0&hl=en&g_ep=EgoyMDI2MDkwMi4wIJJjKgBIAVAD&rclk=1,Sepakat wedang & kopi,Coffee shop,"MJC5+3V6 Sepakat wedang & kopi, Karang Mekar, Kec. Banjarmasin Tim., Kota Banjarmasin, Kalimantan Selatan 70237","{""Friday"":[""10.00 am–12.00 am""],""Monday"":[""10.00 am–12.00 am""],""Saturday"":[""10.00 am–12.00 am""],""Sunday"":[""10.00 am–12.00 am""],""Thursday"":[""10.00 am–12.00 am""],""Tuesday"":[""10.00 am–12.00 am""],""Wednesday"":[""10.00 am–12.00 am""]}","{""Friday"":{""10"":9,""11"":12,""12"":11,""13"":14,""14"":19,""15"":20,""16"":19,""17"":17,""18"":19,""19"":24,""20"":34,""21"":47,""22"":63,""23"":65,""6"":0,""7"":0,""8"":0,""9"":0},""Monday"":{""10"":9,""11"":9,""12"":11,""13"":12,""14"":14,""15"":16,""16"":19,""17"":18,""18"":17,""19"":19,""20"":25,""21"":33,""22"":38,""23"":35,""6"":0,""7"":0,""8"":0,""9"":0},""Saturday"":{""10"":13,""11"":14,""12"":14,""13"":15,""14"":17,""15"":19,""16"":21,""17"":20,""18"":23,""19"":39,""20"":63,""21"":91,""22"":100,""23"":88,""6"":0,""7"":0,""8"":0,""9"":0},""Sunday"":{""10"":9,""11"":11,""12"":13,""13"":19,""14"":17,""15"":17,""16"":18,""17"":18,""18"":23,""19"":23,""20"":32,""21"":46,""22"":58,""23"":55,""6"":0,""7"":0,""8"":0,""9"":0},""Thursday"":{""10"":11,""11"":14,""12"":15,""13"":16,""14"":15,""15"":18,""16"":17,""17"":19,""18"":23,""19"":31,""20"":42,""21"":49,""22"":53,""23"":46,""6"":0,""7"":0,""8"":0,""9"":0},""Tuesday"":{""10"":8,""11"":10,""12"":11,""13"":11,""14"":11,""15"":11,""16"":12,""17"":12,""18"":15,""19"":25,""20"":42,""21"":56,""22"":63,""23"":56,""6"":0,""7"":0,""8"":0,""9"":0},""Wednesday"":{""10"":11,""11"":12,""12"":13,""13"":12,""14"":11,""15"":14,""16"":20,""17"":30,""18"":38,""19"":43,""20"":50,""21"":54,""22"":57,""23"":48,""6"":0,""7"":0,""8"":0,""9"":0}}",28,4.5,"{""1"":2,""2"":0,""3"":1,""4"":3,""5"":22}",-3.329828,114.609647,15792747787498831546,0x2de423c3970575b1:0xdb2b1c706d343eba,ChIJsXUFl8Mj5C0Ruj40bXAcK9s,"[{""title"":""All"",""image"":""https://lh3.googleusercontent.com/gps-cs-s/AHRPTWk0P1cHkx7bVKIHGuHJkLni4nZKgmAA10vxsLDgfGoftnJ958NOkDrE8Fv5mderhLL9t5Slo0RMi04WJ8D0wLkjDjPTRh16e5jzz6gID-PMz4rEv_6ozjwaXYJLlaTIBjrQ7IUMuVQZlAk=w224-h298-k-no""},{""title"":""Menu"",""image"":""https://lh3.googleusercontent.com/gps-cs-s/AHRPTWkN8fbGgtZy15X0CRgApM1jfbaUPI0VcXSqZ4CStVbpFLg-RyWaiKvZcovRA9B7VuGkqLJ4b6iJPHabcMg_LBKCbcLZ0h07IdVloetWmc2LB9hPFjRIUyZMqaIS9CkkNS6Px4Sq=w224-h298-k-no""},{""title"":""Food \u0026 drink"",""image"":""https://lh3.googleusercontent.com/gps-cs-s/AHRPTWlQIZI9RnzCGQt8RQ7io3bw_AZ04EjtPhIbsz7DXBT7vlVzrsTqq3RsyFzyB1M7299G3oNc35q1d10axEw3e1IcAb2kyeUJhc0wV4EVPKyLsHdw-timOHgrma7unwWKjOqBer_omCmIrWVX=w224-h298-k-no""},{""title"":""Vibe"",""image"":""https://lh3.googleusercontent.com/gps-cs-s/AHRPTWkmX9GMwkpN2uGod1CLGhV363XV3mNq-0f1W2ONdLo5HNviWHv1XJOqiRpGffSvZuhyPpg1PBoFbNLt27uo83gSDYq99r8l0eL1dcMVV4Eka1m0ENTKtnUMsAcLdRRkcyblwqvc=w397-h298-k-no""},{""title"":""Street View \u0026 360°"",""image"":""https://streetviewpixels-pa.googleapis.com/v1/thumbnail?panoid=z8zkKAhPDM5sN6qunA85Kw\u0026cb_client=maps_sv.tactile.gps\u0026w=224\u0026h=298\u0026yaw=308.082\u0026pitch=0\u0026thumbfov=100""}]","{""link"":"""",""source"":""""}"
3043499d-f7a0-4139-b121-07920cff8870,https://www.google.com/maps/place/Nismara/data=!4m7!3m6!1s0x2de42541dffed64d:0x8bb8d84a6392d91a!8m2!3d-3.331253!4d114.6205924!16s%2Fg%2F11fprd_bvw!19sChIJTdb-30El5C0RGtmSY0rYuIs?authuser=0&hl=en&g_ep=EgoyMDI2MDkwMi4wIJJjKgBIAVAD&rclk=1,Nismara,Cafe,"Jl. Mahat Kasan No.66, Kuripan, Banjarmasin Timur, Banjarmasin City, South Kalimantan 70238","{""Friday"":[""1.00 pm–12.00 am""],""Monday"":[""1.00 pm–12.00 am""],""Saturday"":[""1.00 pm–12.00 am""],""Sunday"":[""1.00 pm–12.00 am""],""Thursday"":[""1.00 pm–12.00 am""],""Tuesday"":[""1.00 pm–12.00 am""],""Wednesday"":[""1.00 pm–12.00 am""]}","{""Friday"":{""10"":0,""11"":0,""12"":0,""13"":25,""14"":25,""15"":25,""16"":34,""17"":40,""18"":48,""19"":50,""20"":55,""21"":57,""22"":63,""23"":61,""6"":0,""7"":0,""8"":0,""9"":0},""Monday"":{""10"":0,""11"":0,""12"":0,""13"":19,""14"":21,""15"":28,""16"":40,""17"":44,""18"":42,""19"":40,""20"":46,""21"":57,""22"":61,""23"":51,""6"":0,""7"":0,""8"":0,""9"":0},""Saturday"":{""10"":0,""11"":0,""12"":0,""13"":11,""14"":17,""15"":28,""16"":32,""17"":32,""18"":36,""19"":44,""20"":61,""21"":90,""22"":100,""23"":98,""6"":0,""7"":0,""8"":0,""9"":0},""Sunday"":{""10"":0,""11"":0,""12"":0,""13"":21,""14"":25,""15"":26,""16"":28,""17"":38,""18"":50,""19"":76,""20"":88,""21"":94,""22"":92,""23"":84,""6"":0,""7"":0,""8"":0,""9"":0},""Thursday"":{""10"":0,""11"":0,""12"":0,""13"":38,""14"":36,""15"":30,""16"":25,""17"":26,""18"":36,""19"":40,""20"":42,""21"":40,""22"":34,""23"":40,""6"":0,""7"":0,""8"":0,""9"":0},""Tuesday"":{""10"":0,""11"":0,""12"":0,""13"":9,""14"":11,""15"":13,""16"":17,""17"":21,""18"":30,""19"":44,""20"":73,""21"":80,""22"":86,""23"":61,""6"":0,""7"":0,""8"":0,""9"":0},""Wednesday"":{""10"":0,""11"":0,""12"":0,""13"":15,""14"":26,""15"":28,""16"":34,""17"":26,""18"":30,""19"":30,""20"":38,""21"":50,""22"":51,""23"":48,""6"":0,""7"":0,""8"":0,""9"":0}}",103,4.7,"{""1"":1,""2"":0,""3"":7,""4"":17,""5"":78}",-3.331253,114.620592,10068034780996491546,0x2de42541dffed64d:0x8bb8d84a6392d91a,ChIJTdb-30El5C0RGtmSY0rYuIs,"[{""title"":""All"",""image"":""https://lh3.googleusercontent.com/gps-cs-s/AHRPTWn6RkL9nnhfF_Q--_MsQaM9j4UlZmspAOGqbQc-vFE_pHVdIG6zujiJ3VzJtZ6jA87ZFt-uS40gBr4xGJHDtV1wO2PKmCL1O6cMNGRqifg0Eh8xzRWetc_lhceCZo3J4qvUB7MM=w398-h298-k-no""},{""title"":""Food \u0026 drink"",""image"":""https://lh3.googleusercontent.com/gps-cs-s/AHRPTWnfA5B4sE9tD1LwDKKnbPMMCMTwCTm4FVdHFgHIlyugovCfu6Ws4nMDERPmsQZufhSOKWt6-72WEUnaWGoixQvrZFpV1sGe9Sa7snTOlMy7SvK5RaDCu_SPajGPwWtele8Q9mUvJQ=w224-h497-k-no""},{""title"":""Vibe"",""image"":""https://lh3.googleusercontent.com/gps-cs-s/AHRPTWks6aEQN61aeSD83x-uoFJIkH-KFTm5qfmeuCXc7UPHphyMkexEqiUqKLBUaoBl_wGXROrHu2iiN3bF5zSEqf7UToUQSEnta-oIez1lzi-EHYTePeCtCP7c831XhStbYBpGYHo5_w=w224-h380-k-no""},{""title"":""Coffee"",""image"":""https://lh3.googleusercontent.com/gps-cs-s/AHRPTWmQkYH5vBUjghgEQonPArPjDmkJU7ly8uUMgYolDIsypE5zxaISvc8TM0_cgXzSSXaI2-tH2pHAel_JFJyOMC9h3hz9vY7Nhou3unAv7Y4lsQBULZKq__utTGpNxVFr626regOGqQ=w224-h298-k-no""},{""title"":""By owner"",""image"":""https://lh3.googleusercontent.com/gps-cs-s/AHRPTWl_q1V3uxjJX2SB4V_NLC9e4DLMCMlXRqMpS95ZPFgLAdZMtlNqbAhRTC72YKhVuXWJx9kW46QY-q2ESIsNSvZ_8wpNB0HXHz1O8c7I0x7lWvX80Lqqnnh8Il_nZMdEz7ZevC-Se8sMr77_=w224-h398-k-no""},{""title"":""Street View \u0026 360°"",""image"":""https://streetviewpixels-pa.googleapis.com/v1/thumbnail?panoid=Juw9BOZY0ydVZJ0BMUwSWw\u0026cb_client=maps_sv.tactile.gps\u0026w=224\u0026h=298\u0026yaw=183.78964\u0026pitch=0\u0026thumbfov=100""}]","{""link"":"""",""source"":""""}"
3043499d-f7a0-4139-b121-07920cff8870,https://www.google.com/maps/place/Kedaikoe/data=!4m7!3m6!1s0x2de426da01b14827:0xc2c75a627fec1ddf!8m2!3d-3.3310439!4d114.6124851!16s%2Fg%2F11g9q54mdb!19sChIJJ0ixAdom5C0R3x3sf2Jax8I?authuser=0&hl=en&g_ep=EgoyMDI2MDkwMi4wIJJjKgBIAVAD&rclk=1,Kedaikoe,Cafe,"Km 3,7 No, Jl. A. Yani No.266, Karang Mekar, Banjarmasin Timur, Banjarmasin City, South Kalimantan 70236","{""Friday"":[""8.00 am–10.00 pm""],""Monday"":[""8.00 am–10.00 pm""],""Saturday"":[""8.00 am–11.00 pm""],""Sunday"":[""8.00 am–10.00 pm""],""Thursday"":[""8.00 am–10.00 pm""],""Tuesday"":[""8.00 am–10.00 pm""],""Wednesday"":[""8.00 am–10.00 pm""]}","{""Friday"":{""10"":29,""11"":44,""12"":71,""13"":76,""14"":62,""15"":50,""16"":50,""17"":59,""18"":76,""19"":77,""20"":68,""21"":48,""22"":0,""23"":0,""6"":0,""7"":0,""8"":13,""9"":19},""Monday"":{""10"":27,""11"":31,""12"":35,""13"":39,""14"":42,""15"":46,""16"":48,""17"":58,""18"":68,""19"":68,""20"":54,""21"":36,""22"":0,""23"":0,""6"":0,""7"":0,""8"":15,""9"":21},""Saturday"":{""10"":28,""11"":28,""12"":34,""13"":40,""14"":48,""15"":52,""16"":55,""17"":66,""18"":85,""19"":100,""20"":93,""21"":76,""22"":53,""23"":0,""6"":0,""7"":0,""8"":26,""9"":27},""Sunday"":{""10"":22,""11"":30,""12"":38,""13"":41,""14"":41,""15"":41,""16"":43,""17"":54,""18"":70,""19"":79,""20"":72,""21"":54,""22"":0,""23"":0,""6"":0,""7"":0,""8"":13,""9"":17},""Thursday"":{""10"":25,""11"":29,""12"":32,""13"":33,""14"":34,""15"":35,""16"":40,""17"":48,""18"":61,""19"":65,""20"":57,""21"":43,""22"":0,""23"":0,""6"":0,""7"":0,""8"":11,""9"":18},""Tuesday"":{""10"":29,""11"":32,""12"":36,""13"":39,""14"":40,""15"":39,""16"":45,""17"":54,""18"":70,""19"":72,""20"":60,""21"":41,""22"":0,""23"":0,""6"":0,""7"":0,""8"":20,""9"":24},""Wednesday"":{""10"":27,""11"":30,""12"":36,""13"":43,""14"":43,""15"":41,""16"":45,""17"":55,""18"":69,""19"":75,""20"":69,""21"":54,""22"":0,""23"":0,""6"":0,""7"":0,""8"":24,""9"":26}}",1184,4.5,"{""1"":37,""2"":11,""3"":80,""4"":257,""5"":799}",-3.331044,114.612485,14035286142822915551,0x2de426da01b14827:0xc2c75a627fec1ddf,ChIJJ0ixAdom5C0R3x3sf2Jax8I,"[{""title"":""All"",""image"":""https://lh3.googleusercontent.com/gps-cs-s/AHRPTWkCpgOZ3CeiatLgpRMLM3B3VVDKwM3B0OXhyVj7vq-vJNQCBb8pCkJj3UUwgnB3j-4img4i0eK_Uk6i1Q_d4UJgcOnyOdQIm9OR_ZFvXy7gqKD4UX3fJIJxZiIAoEkzDblX8g=w397-h298-k-no""},{""title"":""Latest"",""image"":""https://lh3.googleusercontent.com/gps-cs-s/AHRPTWljuyBYRQUEbjIrA0Fndn7k4-1Bt5Gf-fGTlDUSyhXsz0j4cBEmovuKbdOWJ1U_zK6L-RXUOvP_PvOx3GdR92TfUBnzX5o7trQbCyfa7FwzOEVujtXed3voxfeyMBiF4Hp7nwJqk2pI9xSP=w224-h298-k-no""},{""title"":""Videos"",""image"":""https://lh3.googleusercontent.com/gps-cs-s/AHRPTWnpc1PICap0vbi3RAZPHnn1rkq7doSW4jGbTyEiff7bylZWvE8-F4ojtpUnz0jv-s9mzNcq-1cLCCIbA6aq4nGCidVAmX-WPulov1VfANEUqRGVI_nMBG4Kl2XIGBM-gel3NQ9u6Q=w224-h401-k-no""},{""title"":""Menu"",""image"":""https://lh3.googleusercontent.com/gps-cs-s/AHRPTWm6mW_TFnKxwQiMVa3Isaub81BXu_v3KDqV0vZ6cB4eY-4uqDa7styJB-5MuywqN4VoF9z381v5uC6fCyrJSJGpwkq0QCLmFIZ7hd0NFDATKXIh3W53aEHGgitWwB3gURloB1BySA=w224-h398-k-no""},{""title"":""Food \u0026 drink"",""image"":""https://lh3.googleusercontent.com/gps-cs-s/AHRPTWmVbX4m5NQ3cOzSC6g7fxLdJTwMznfYGMX8wdXUKMcyzzDi4iO_WdhvLPRe66tHZsiBDSosSHBGnfWqrSwqLFyRuwEao9oLwCdpHXVnDbMc9t_9ApO4RMyygTZoocKvIIjSXYcM=w529-h298-k-no""},{""title"":""Vibe"",""image"":""https://lh3.googleusercontent.com/gps-cs-s/AHRPTWnr_zAnxOZspQ4RjzlPjfq1KXe5qPoVFinOl3pOCmBR8N4AoZuzTQjJJXYSI27t_iMojOFuLgtnbeZZ4urGfIQJnq5KntBzmkKFMHcB5FC_wvLVhuoWxKOe9vvyn_ces79GF_I=w397-h298-k-no""},{""title"":""Cortado"",""image"":""https://lh3.googleusercontent.com/gps-cs-s/AHRPTWl9m5a_FT1mMCfLat8LLIS2JAC92ADVBoH8-dxcbJMk-LOqlyGG8uOUhfpNEV1Tj_RDnG2U2hjqn5MAGg5YJ36mLnMVdERUzp5bI6K2dGiwbjo1Tir78qvAnKYhBAAG6okTj4S8nKohRD8N=w224-h398-k-no""},{""title"":""Nasi goreng"",""image"":""https://lh3.googleusercontent.com/gps-cs-s/AHRPTWmKFAD-s4NxtGJTWu2Rf4CxgKXe3ogdjaCQP_BA1lTZ4pD5a3s7cfxZd6GttfDnbgjErNiBxtuFThIwN5DVbW7_YYVlcI6_WSJ3t3vA7MKCn-aM981NsYMdc5hbNtPUOJ1dXhzc=w397-h298-k-no""},{""title"":""Coffee"",""image"":""https://lh3.googleusercontent.com/gps-cs-s/AHRPTWlu8E-8gJfKhDnnyLyKF7i7ah4rgfETMG3RZsbJLgD06cN1msVitR4GoZ9tlThOwvP4cNEGRHFM6E-wPYuXhjF09KhIFb3uCImPFB2owVkctMQPQDGG2rvz-rYel0rzsNL_sOyzcQ=w397-h298-k-no""},{""title"":""Mango"",""image"":""https://lh3.googleusercontent.com/gps-cs-s/AHRPTWmHkQhjtb8cjsWozMLg7k1NQYM4AP0eDJC1TgIEofUYkwBXx7yZn_TreYNoAGFl5GtOGI-fsrq4bpdD-afDaOXBTEVykcOX3EBdivYzagfNSiLHETlZAABiuPmXFRkGMw1XvXYOsg=w224-h298-k-no""},{""title"":""Iced tea"",""image"":""https://lh3.googleusercontent.com/gps-cs-s/AHRPTWk6MdPe-PBu44_ItN107DncSQaA3saUuS1ZQXLgCs--IGoeKB_VXRiiP3fNyJbY8N9cGPF995Lda6bzVAs-ndA6HnneJ-4TlqNQM3zF4-pKpyWN7AbPjgfC11mYzvnH_lz5iUtv=w224-h298-k-no""},{""title"":""By owner"",""image"":""https://lh3.googleusercontent.com/gps-cs-s/AHRPTWnequEWhhkx9fOw2lBB1T43J22tPETDWA6zehPD08CnamXA2jxhDsgoupGgGfXkzIsIN-fmTq5f2DXAJOxrdpteS4MJ-HPU-SupS90xRGRFxuni_R9srvI3jgfcm5mKPKMiRbpu=w397-h298-k-no""},{""title"":""Street View \u0026 360°"",""image"":""https://streetviewpixels-pa.googleapis.com/v1/thumbnail?panoid=HYTheaA0IVipECWP4em2bA\u0026cb_client=maps_sv.tactile.gps\u0026w=224\u0026h=298\u0026yaw=225.84814\u0026pitch=0\u0026thumbfov=100""}]","{""link"":""/url?q=https://tr.ee/JlG1jfRtwN\u0026opi=79508299\u0026sa=U\u0026ved=0ahUKEwiB-qLzvtyWAxUvWHADHQWLI2sQqRkIJygU\u0026usg=AOvVaw1Nak6POlzvzEYYP5j_8qaQ"",""source"":""tr.ee""}"
3043499d-f7a0-4139-b121-07920cff8870,https://www.google.com/maps/place/Litterly+coffee/data=!4m7!3m6!1s0x2de423cfa3db97a3:0xae09aacffad0509f!8m2!3d-3.3283187!4d114.6082013!16s%2Fg%2F11yysryd2f!19sChIJo5fbo88j5C0Rn1DQ-s-qCa4?authuser=0&hl=en&g_ep=EgoyMDI2MDkwMi4wIJJjKgBIAVAD&rclk=1,Litterly coffee,Coffee shop,"km 3.5 Nomor, Jl. A. Yani No.7, Karang Mekar, Kec. Banjarmasin Tim., Kota Banjarmasin, Kalimantan Selatan 70236","{""Friday"":[""5.00 pm–12.00 am""],""Monday"":[""Closed""],""Saturday"":[""5.00 pm–12.00 am""],""Sunday"":[""5.00 pm–12.00 am""],""Thursday"":[""5.00 pm–12.00 am""],""Tuesday"":[""5.00 pm–12.00 am""],""Wednesday"":[""5.00 pm–12.00 am""]}",{},8,5.0,"{""1"":0,""2"":0,""3"":0,""4"":0,""5"":8}",-3.328319,114.608201,12540742447632765087,0x2de423cfa3db97a3:0xae09aacffad0509f,ChIJo5fbo88j5C0Rn1DQ-s-qCa4,"[{""title"":""All"",""image"":""https://lh3.googleusercontent.com/gps-cs-s/AHRPTWmbbpbAEp1mDdFaWUueAxgl72KRN53pkQEVXiMJcj8ca2szfbC7PTOczrMfblaopXwv_IgYVF4GIFpCsQCyT-dgY2cEst6SL_zPxDCKxHNSM1EbTjpNYylMV90l5JPrjvYxR1yt3ZdYRcg=w238-h298-k-no""},{""title"":""Latest"",""image"":""https://lh3.googleusercontent.com/gps-cs-s/AHRPTWk6oegZX0TmUhC8fHLr-oLymc-45EoRDN8fyPfIPWcQL1DGVhNJlU6qp2PrFTlyQq483Wqw444pCGuXCv_TMbYworTBKYhxiFrR6cn7gOlHqgC0IWwkFFcw-4RcCdNqQBmUTZrc9pJQZ6U=w224-h298-k-no""},{""title"":""Videos"",""image"":""https://lh3.googleusercontent.com/gps-cs-s/AHRPTWmdEijOQVrVEAYIjZGNzsfOHFAqj7kfUomZXaION54hoRk9L1Sxi0wbxP0QCDHuDLs8rRZKF31gv8ypZJUwC2l-wOE9c2wcSH0UenXaQS6JJMbcKYSJvnQ29RFTaRINEliwgaJILyZDplzf=w224-h398-k-no""},{""title"":""Menu"",""image"":""https://lh3.googleusercontent.com/gps-cs-s/AHRPTWmp8CbkPQ3KsfbSaaQPS0sAjGTq99uMPjheforCZ6cVCsPIwDfLdEm28VeWxjGgCb_PqFmzEVEJo-bWromib5bXbFs8-or3ANl5TILqmQuOue_LPGKARBRTAoCuEWsJ_LvV9GjPyjh1L0Ku=w421-h298-k-no""},{""title"":""Food \u0026 drink"",""image"":""https://lh3.googleusercontent.com/gps-cs-s/AHRPTWl4VxERqDM2DAf5CSemqtx7unFcgAoYWEVpMsD12GjLTCOu0x4Rf1UUTs-7oqX1pTMWZiyEaf0KG6iieYT-h7__ZN40PKvSK_zeBr8WnHbhxoP3hZnE4tsevWP51vdJ7pnAJAGIoLYXdug=w298-h298-k-no""},{""title"":""Vibe"",""image"":""https://lh3.googleusercontent.com/gps-cs-s/AHRPTWmddfMC5oGprb1TW0wqtpurPETmJHU-qKhrj8DKvj8XmBEYdYtjr22qpNrHXHsRsStqSTeMFW7DSU_acLHAtxEAuqmA7U3ML7HMcN6uoT0q4QSvn_pERw0ODFn__m21z8rxd45_sPPv_k4=w224-h398-k-no""},{""title"":""Coffee"",""image"":""https://lh3.googleusercontent.com/gps-cs-s/AHRPTWn7G4XAX22jKUpqr5nYYaGRFGO0lhsTWQDhBuVcDSolsWkV5EY2qokFBmnQSxl-g2C9MIlhEZCSYBNOK12FIcx08wzOqj-JnJSGBBfrU1nsJdTaF6tGlTucx9KjIR-5bhn5S0tI5avKhURy=w224-h298-k-no""},{""title"":""By owner"",""image"":""https://lh3.googleusercontent.com/gps-cs-s/AHRPTWn4tdV0XDaF3fbANEYjpDFUIw51EOr8e7SIDYMa1LqjNcBMWb_s2M_RFaoEQghgCaChthN8NwWN19kXiY2wg8uTdwdFyCSdAGMGCZ1caBZ1Iw90l6n3jD-iTsTbUS0QUQnPmdAlXjRUcjfQ=w529-h298-k-no""},{""title"":""Street View \u0026 360°"",""image"":""https://streetviewpixels-pa.googleapis.com/v1/thumbnail?panoid=1Eu_B0pmvqCD0rpXH5hF-A\u0026cb_client=maps_sv.tactile.gps\u0026w=224\u0026h=298\u0026yaw=214.02315\u0026pitch=0\u0026thumbfov=100""}]","{""link"":"""",""source"":""""}"
3043499d-f7a0-4139-b121-07920cff8870,https://www.google.com/maps/place/Ronde+dalam+gang/data=!4m7!3m6!1s0x2de4236dafbe5921:0x9c98b396b27b712f!8m2!3d-3.3239689!4d114.6095412!16s%2Fg%2F11szyn23yc!19sChIJIVm-r20j5C0RL3F7spazmJw?authuser=0&hl=en&g_ep=EgoyMDI2MDkwMi4wIJJjKgBIAVAD&rclk=1,Ronde dalam gang,Coffee shop,"7p, Jl. Gandaria II, Kebun Bunga, Kec. Banjarmasin Tim., Kota Banjarmasin, Kalimantan Selatan 70237",{},{},0,0.0,"{""1"":0,""2"":0,""3"":0,""4"":0,""5"":0}",-3.323969,114.609541,11283966326197678383,0x2de4236dafbe5921:0x9c98b396b27b712f,ChIJIVm-r20j5C0RL3F7spazmJw,"[{""title"":""All"",""image"":""https://streetviewpixels-pa.googleapis.com/v1/thumbnail?panoid=MOYl2OSYFUcTqw_NdZSo_Q\u0026cb_client=maps_sv.tactile.gps\u0026w=224\u0026h=298\u0026yaw=259.03088\u0026pitch=0\u0026thumbfov=100""},{""title"":""Street View \u0026 360°"",""image"":""https://streetviewpixels-pa.googleapis.com/v1/thumbnail?panoid=MOYl2OSYFUcTqw_NdZSo_Q\u0026cb_client=maps_sv.tactile.gps\u0026w=224\u0026h=298\u0026yaw=259.03088\u0026pitch=0\u0026thumbfov=100""}]","{""link"":"""",""source"":""""}"
3043499d-f7a0-4139-b121-07920cff8870,https://www.google.com/maps/place/breWMula/data=!4m7!3m6!1s0x2de423005f2efef9:0x6a0be0bc40f7b15a!8m2!3d-3.3266676!4d114.6170632!16s%2Fg%2F11xt5hngqc!19sChIJ-f4uXwAj5C0RWrH3QLzgC2o?authuser=0&hl=en&g_ep=EgoyMDI2MDkwMi4wIJJjKgBIAVAD&rclk=1,breWMula,Coffee shop,"Jl. Gatot Subroto No.6, Kuripan, Banjarmasin Timur, Banjarmasin City, South Kalimantan 70238","{""Friday"":[""9.00 am–11.00 pm""],""Monday"":[""9.00 am–11.00 pm""],""Saturday"":[""9.00 am–11.00 pm""],""Sunday"":[""9.00 am–11.00 pm""],""Thursday"":[""9.00 am–11.00 pm""],""Tuesday"":[""9.00 am–11.00 pm""],""Wednesday"":[""9.00 am–11.00 pm""]}","{""Friday"":{""10"":34,""11"":41,""12"":45,""13"":45,""14"":45,""15"":49,""16"":55,""17"":63,""18"":67,""19"":74,""20"":77,""21"":66,""22"":42,""23"":0,""6"":0,""7"":0,""8"":0,""9"":25},""Monday"":{""10"":25,""11"":30,""12"":31,""13"":33,""14"":34,""15"":36,""16"":40,""17"":45,""18"":47,""19"":54,""20"":58,""21"":51,""22"":33,""23"":0,""6"":0,""7"":0,""8"":0,""9"":20},""Saturday"":{""10"":43,""11"":46,""12"":48,""13"":54,""14"":62,""15"":66,""16"":64,""17"":63,""18"":70,""19"":87,""20"":100,""21"":92,""22"":59,""23"":0,""6"":0,""7"":0,""8"":0,""9"":32},""Sunday"":{""10"":34,""11"":44,""12"":47,""13"":45,""14"":45,""15"":49,""16"":51,""17"":57,""18"":65,""19"":73,""20"":77,""21"":65,""22"":42,""23"":0,""6"":0,""7"":0,""8"":0,""9"":24},""Thursday"":{""10"":22,""11"":27,""12"":32,""13"":37,""14"":40,""15"":48,""16"":54,""17"":60,""18"":60,""19"":63,""20"":64,""21"":59,""22"":42,""23"":0,""6"":0,""7"":0,""8"":0,""9"":17},""Tuesday"":{""10"":26,""11"":35,""12"":39,""13"":42,""14"":46,""15"":53,""16"":58,""17"":60,""18"":60,""19"":62,""20"":63,""21"":55,""22"":36,""23"":0,""6"":0,""7"":0,""8"":0,""9"":16},""Wednesday"":{""10"":25,""11"":30,""12"":37,""13"":43,""14"":51,""15"":57,""16"":60,""17"":62,""18"":61,""19"":59,""20"":63,""21"":57,""22"":40,""23"":0,""6"":0,""7"":0,""8"":0,""9"":21}}",197,5.0,"{""1"":0,""2"":1,""3"":0,""4"":1,""5"":195}",-3.326668,114.617063,7641448291912626522,0x2de423005f2efef9:0x6a0be0bc40f7b15a,ChIJ-f4uXwAj5C0RWrH3QLzgC2o,"[{""title"":""All"",""image"":""https://lh3.googleusercontent.com/gps-cs-s/AHRPTWkA03kXW_2AfoX_j1Y7terHbqd_0skv9dXA7Up_TroU7AECuRvSBt5zW4-VW5BjsUdV70uOSjZbZk2M6YaLPyeEuLxbCqZSrdEkgpib1fF45wbU5u-87hg8mQrGEOTumHS6bZbIpp-UAH4=w397-h298-k-no""},{""title"":""Menu"",""image"":""https://lh3.googleusercontent.com/gps-cs-s/AHRPTWl_i86gUFZgNQz1HYDOohqFlcacVlZTRiQCoKusdqHUQUV5iFTb45EjJgG0zZMy867DDeMugC8VAN_dzDA4SshxaivSLTa7zNMDgXviooe0fYj1gE_xCOq20pJJ6dzi_cZhM8JiMQse17s=w224-h298-k-no""},{""title"":""Videos"",""image"":""https://lh3.googleusercontent.com/gps-cs-s/AHRPTWnn4FAOJWxGAQjusZ1ZwSU3tXfRlV7jxcjAbIgOEtffYmjAT2_v8dwMET4joYyR6ESiqSfRkxZYxjsvJuFgoCRhrrPzdBnALchgz2_O-vYK6qa5uGsw3rfAjXKNNc-BvsB7CFz_K6lcs8pS=w224-h398-k-no""},{""title"":""Food \u0026 drink"",""image"":""https://lh3.googleusercontent.com/gps-cs-s/AHRPTWkPZzt-gO-fmQ2zQiC5-8ddK8qmZ56n-EqRIgLTb4yLHpRSeRV5kOPbNxuKDdF8ykSRGUhJACUakTMhAZ423A7G3Z4pohcPPxhJifcNrFOA4TG0s3wX8LhStO7DNGwTUn7KXyVoJrO1WZZ5=w224-h298-k-no""},{""title"":""Vibe"",""image"":""https://lh3.googleusercontent.com/gps-cs-s/AHRPTWlV0Et4f5tTZIe1H1KTEc0wK2tuLoliAGqFTNjvQgH7ytmg0DVlLJgrd2JRB3F7tagTrJ8WoKogmqgZ1r8Mey3J2EyRNmYAQZ1d5bfwgdGV967gy9ZpdSfVoGJbzZxI-HeBfGIW05aGNUG8=w397-h298-k-no""},{""title"":""Iced coffee"",""image"":""https://lh3.googleusercontent.com/gps-cs-s/AHRPTWnTgevEGWt7erfm2uvvemzL0qUigDkZX7aU8sSYN-pyUZ161lllHzNcUgA9h6d_7PZgcM2ecrhawcNfgI2yPNyu0oEiyDBhwzcz8SLW3_sBu0ksCRNcN5P6x-fF_rymyDrFUNF4w_tbnRic=w224-h398-k-no""},{""title"":""Coffee"",""image"":""https://lh3.googleusercontent.com/gps-cs-s/AHRPTWn2ZCw77ZVduGdvl3EL7otXfkA0pSUtPmhHiI6N4J5uawM4wyPZokSJb8b0PPYmLQKLE3mL-0E81yi4GX2LIfC6E20GjG7Wosx2cROIYG29F2oaqeqpPRoIENITK-Xc34dG6P_KP_-HClPy=w224-h397-k-no""},{""title"":""By owner"",""image"":""https://lh3.googleusercontent.com/gps-cs-s/AHRPTWmF8kov7iowGOiqZlCrZFfg0WbltJ2GfGDd_8RsQ7o3aGtUUWf_okLOnsO8Sr4_YRCb4B2TDMPEaC6a4o-_0Zv6mt7JjdM43lnV0qmpYtE5fkRwXRmrrVvNCzIZDstbsso9aU5E5yP7OOXG=w397-h298-k-no""},{""title"":""Street View \u0026 360°"",""image"":""https://streetviewpixels-pa.googleapis.com/v1/thumbnail?panoid=K02lmfA0GFCHeF5bDvHwfw\u0026cb_client=maps_sv.tactile.gps\u0026w=224\u0026h=298\u0026yaw=261.35788\u0026pitch=0\u0026thumbfov=100""}]","{""link"":"""",""source"":""""}"
3043499d-f7a0-4139-b121-07920cff8870,https://www.google.com/maps/place/Golden+Brew/data=!4m7!3m6!1s0x2de421be837eefdf:0xb2a594019d87b5cf!8m2!3d-3.3326979!4d114.6136522!16s%2Fg%2F11thl7z_wb!19sChIJ3-9-g74h5C0Rz7WHnQGUpbI?authuser=0&hl=en&g_ep=EgoyMDI2MDkwMi4wIJJjKgBIAVAD&rclk=1,Golden Brew,Cafe,"MJ87+W8J Golden Brew, Jl. A. Yani No.km 4, Karang Mekar, Kec. Banjarmasin Tim., Kota Banjarmasin, Kalimantan Selatan 70237","{""Friday"":[""2.00 pm–12.00 am""],""Monday"":[""11.00 am–12.00 am""],""Saturday"":[""11.00 am–12.00 am""],""Sunday"":[""11.00 am–12.00 am""],""Thursday"":[""11.00 am–12.00 am""],""Tuesday"":[""11.00 am–12.00 am""],""Wednesday"":[""11.00 am–12.00 am""]}","{""Friday"":{""10"":0,""11"":0,""12"":0,""13"":0,""14"":9,""15"":12,""16"":18,""17"":26,""18"":38,""19"":51,""20"":65,""21"":73,""22"":69,""23"":55,""6"":0,""7"":0,""8"":0,""9"":0},""Monday"":{""10"":0,""11"":6,""12"":7,""13"":8,""14"":9,""15"":12,""16"":16,""17"":24,""18"":35,""19"":46,""20"":55,""21"":59,""22"":56,""23"":44,""6"":0,""7"":0,""8"":0,""9"":0},""Saturday"":{""10"":0,""11"":7,""12"":8,""13"":9,""14"":10,""15"":13,""16"":18,""17"":29,""18"":45,""19"":64,""20"":85,""21"":100,""22"":98,""23"":77,""6"":0,""7"":0,""8"":0,""9"":0},""Sunday"":{""10"":0,""11"":3,""12"":5,""13"":9,""14"":12,""15"":15,""16"":19,""17"":28,""18"":41,""19"":55,""20"":62,""21"":63,""22"":54,""23"":38,""6"":0,""7"":0,""8"":0,""9"":0},""Thursday"":{""10"":0,""11"":7,""12"":8,""13"":9,""14"":10,""15"":12,""16"":19,""17"":23,""18"":32,""19"":40,""20"":46,""21"":49,""22"":48,""23"":37,""6"":0,""7"":0,""8"":0,""9"":0},""Tuesday"":{""10"":0,""11"":6,""12"":5,""13"":6,""14"":9,""15"":10,""16"":13,""17"":20,""18"":33,""19"":46,""20"":54,""21"":56,""22"":50,""23"":37,""6"":0,""7"":0,""8"":0,""9"":0},""Wednesday"":{""10"":0,""11"":6,""12"":8,""13"":8,""14"":10,""15"":11,""16"":18,""17"":23,""18"":36,""19"":44,""20"":53,""21"":57,""22"":52,""23"":38,""6"":0,""7"":0,""8"":0,""9"":0}}",361,4.4,"{""1"":24,""2"":10,""3"":10,""4"":56,""5"":261}",-3.332698,114.613652,12872857844567225807,0x2de421be837eefdf:0xb2a594019d87b5cf,ChIJ3-9-g74h5C0Rz7WHnQGUpbI,"[{""title"":""All"",""image"":""https://lh3.googleusercontent.com/gps-cs-s/AHRPTWmVTv_8h0Kmk5DUv4wHACepjsSNskN7REvqC4gADBDb_iwjGi04OnNdF1kFsuhZs5es1LfewqeW7X6vjAhYsfJkXCJ3p2v4PhriLggtV4GaYd9e8Sv0LA5Uu3U-JYe93ETD0ce40Q=w397-h298-k-no""},{""title"":""Latest"",""image"":""https://lh3.googleusercontent.com/gps-cs-s/AHRPTWlCOf2sjI5V7wVeuEE2NUqp2LMdyu6n2DQ5ev4zhyLVzhXXu4QQYTXKQVSliugBh4EkBKsC_56lcrpj4Vxe7uHapRNQGuhYdCXyAxAaKMJ5LqrVo0iT4sYTDlT99js4VhUDGfEh6-QcaAVJ=w224-h298-k-no""},{""title"":""Videos"",""image"":""https://lh3.googleusercontent.com/gps-cs-s/AHRPTWkWCRjvFb1gXRhM-ecVSeoYiPZ1QIHJhrSkfe7wA2uZvA63s225NAGTuDC3Eo0dldo81UZBpGc0kMYEbiGrJ4nge9ksMJDLSE5bY59wO2JEQIsaQqatWuLvZzUWIudIrKOxyuLF=w224-h398-k-no""},{""title"":""Menu"",""image"":""https://lh3.googleusercontent.com/gps-cs-s/AHRPTWl1zpUH6uJuhswMpwMKiD6s1p1b0-QX1iRWBIPygUWniqZel8fQNnLv9BlKxP2p1yMzRY7PW4RHNK6pt6SP0MIexE_ue1MP-hd5B3KsVv35Q-e6xrXuG2kpnqsyNmtUBJMPpkzeNgyqKD3f=w224-h397-k-no""},{""title"":""Food \u0026 drink"",""image"":""https://lh3.googleusercontent.com/gps-cs-s/AHRPTWkGDnocYu31ezsPmsKqobxuwEWSP5JWB_esHJfd-wwcI62_SKU_WDkeA9kj5aYyY6cPdPZXzR9y-oTJ36s5LpbP8ynCO6XnzsBA0SZOVXVQDtLcKUU4HGGzbCLtgM_9YtkMA2Nt=w629-h298-k-no""},{""title"":""Vibe"",""image"":""https://lh3.googleusercontent.com/gps-cs-s/AHRPTWnhtREfr88-xnj9NZz6JY565k1lRN0d4YjZePo6jORUojmaJ7HDEYkRlNplXnuAaplR7EJKj2vP6nC9Xv6rC_2TNCUjlIz9hsnl1D4Zn7zF2K8KsFj9xqw4-iYivBXCyLH9DC6G=w397-h298-k-no""},{""title"":""Sticky Rice"",""image"":""https://lh3.googleusercontent.com/gps-cs-s/AHRPTWkHk0SzO0WP4nPppuRU5PJe4cUnOuEW0rgCMreW9FrjYPBwZM1QIurIe4XvdyL-Z5LjYdW_i0FnBF742PBvvfTfxxtaISx_IyjiiPsG7UNhjnXsR0u8A54zTCtkXsXj2lJEIdYs1O5IaS6k=w333-h298-k-no""},{""title"":""Iced coffee"",""image"":""https://lh3.googleusercontent.com/gps-cs-s/AHRPTWncx32Kxw6DJKCL1TVgziMc2TUuJmdU7hGv4Fq72I6uAsL6SZ9w-fOS3w0FRulLlrvlSnmgR_MK5azXReIFvOn2XwRYRJJ0XnOnHHYBMKUHrIYayS9xmtv1ExCtkeXnH87QZ8kSdB0V-zoR=w224-h398-k-no""},{""title"":""Nasi goreng"",""image"":""https://lh3.googleusercontent.com/gps-cs-s/AHRPTWmsbs8CI-EBVo8G_6NlCvKcqYsEFDvwvH4xgsjt0TxSpctFmebR-5OeRUNqXJpJ4kc_6dUCb_PbXIU3r3miavuXK456dOWdE8F8xvUg41w3ErFEYcXsvQOxQF40UUmoVRbB52MAjQ=w224-h336-k-no""},{""title"":""Nasi lemak"",""image"":""https://lh3.googleusercontent.com/gps-cs-s/AHRPTWms9QKQ_rPUhJrlswTa_12Ui__qbLPWmyH5p0XnLnQR4Px2jGk6mMX5F4P0PKbcceVS7N7V8BzL-0-k5FHXUIokVIfA5x4HcGSJvnAwIb2AmnT6v7lOIocHCsnwwPzStZJ-aH1d=w238-h298-k-no""},{""title"":""Coffee"",""image"":""https://lh3.googleusercontent.com/gps-cs-s/AHRPTWnPuCs0cOCA4Tikhv6SyG_HvTMQIQq23mdiRJ2-SujhKOMUXB9UTOtlBLR4KFWaNyr_RCxKkTrYLnOHlvA5BeXAKBnnrcStwukDyPy49dBGfmoBOYmbHJrdKbnpW2HXEKYURt8KvfjhByqc=w224-h298-k-no""},{""title"":""By owner"",""image"":""https://lh3.googleusercontent.com/gps-cs-s/AHRPTWnOT1NmiD2GlntqZxkHffmo9fqCEJFmFPCkJuDLHBWsAfRDpir3d2HdfOPeYQka1BwXDV7vox8OlnBWcv-walYPcBbvb9Cmp5UGLeIr0v-xm7dThmQPUx-KbbLJcz0BPskeEaXF=w224-h298-k-no""},{""title"":""Street View \u0026 360°"",""image"":""https://streetviewpixels-pa.googleapis.com/v1/thumbnail?panoid=CKlVegz3F_mACFx5jW7yLA\u0026cb_client=maps_sv.tactile.gps\u0026w=224\u0026h=298\u0026yaw=223.08156\u0026pitch=0\u0026thumbfov=100""}]","{""link"":"""",""source"":""""}"
3043499d-f7a0-4139-b121-07920cff8870,https://www.google.com/maps/place/Kopi+Giling+Rumah+Yaman/data=!4m7!3m6!1s0x2de4233a06610029:0x44d514d928ee7579!8m2!3d-3.3255926!4d114.6162765!16s%2Fg%2F11krcgjmng!19sChIJKQBhBjoj5C0ReXXuKNkU1UQ?authuser=0&hl=en&g_ep=EgoyMDI2MDkwMi4wIJJjKgBIAVAD&rclk=1,Kopi Giling Rumah Yaman,Coffee shop,"MJF8+HCC Kopi Giling Rumah Yaman, Kuripan, Kec. Banjarmasin Tim., Kota Banjarmasin, Kalimantan Selatan 70237","{""Friday"":[""10.00 am–10.00 pm""],""Monday"":[""10.00 am–10.00 pm""],""Saturday"":[""10.00 am–10.00 pm""],""Sunday"":[""Closed""],""Thursday"":[""10.00 am–10.00 pm""],""Tuesday"":[""10.00 am–10.00 pm""],""Wednesday"":[""10.00 am–10.00 pm""]}","{""Friday"":{""10"":16,""11"":19,""12"":24,""13"":30,""14"":36,""15"":40,""16"":45,""17"":53,""18"":60,""19"":71,""20"":86,""21"":92,""22"":0,""23"":0,""6"":0,""7"":0,""8"":0,""9"":0},""Monday"":{""10"":18,""11"":23,""12"":26,""13"":27,""14"":30,""15"":35,""16"":46,""17"":53,""18"":61,""19"":68,""20"":81,""21"":86,""22"":0,""23"":0,""6"":0,""7"":0,""8"":0,""9"":0},""Saturday"":{""10"":16,""11"":21,""12"":31,""13"":38,""14"":45,""15"":49,""16"":49,""17"":48,""18"":53,""19"":68,""20"":85,""21"":99,""22"":0,""23"":0,""6"":0,""7"":0,""8"":0,""9"":0},""Sunday"":{},""Thursday"":{""10"":15,""11"":24,""12"":30,""13"":36,""14"":41,""15"":44,""16"":49,""17"":50,""18"":56,""19"":62,""20"":77,""21"":82,""22"":0,""23"":0,""6"":0,""7"":0,""8"":0,""9"":0},""Tuesday"":{""10"":13,""11"":17,""12"":20,""13"":24,""14"":32,""15"":43,""16"":53,""17"":66,""18"":77,""19"":91,""20"":96,""21"":100,""22"":0,""23"":0,""6"":0,""7"":0,""8"":0,""9"":0},""Wednesday"":{""10"":14,""11"":16,""12"":19,""13"":24,""14"":31,""15"":39,""16"":49,""17"":57,""18"":61,""19"":68,""20"":79,""21"":89,""22"":0,""23"":0,""6"":0,""7"":0,""8"":0,""9"":0}}",100,4.9,"{""1"":0,""2"":0,""3"":2,""4"":9,""5"":89}",-3.325593,114.616276,4959893487545644409,0x2de4233a06610029:0x44d514d928ee7579,ChIJKQBhBjoj5C0ReXXuKNkU1UQ,"[{""title"":""All"",""image"":""https://lh3.googleusercontent.com/gps-cs-s/AHRPTWmOk2lRn_3u9edr0OK5LPjzonpQ_sR-cLoQpQH_BvSAj5PGBrVVGzOi4Y5hIY-U0jtjEYCbVGOXM6JlOtzyJlHh4Vd_XmCJXPmqANL0l8F9fmmu_kU3v3n6MWR4JAVTxI8MqCH7=w397-h298-k-no""},{""title"":""Latest"",""image"":""https://lh3.googleusercontent.com/gps-cs-s/AHRPTWnz8sPnAMM_0aNsbcia0qt1583hyIxlTHq1Mlm50CfHdfZyotpCxa2tANWcSnOgfqKjk3kK0K_Aot-kMz3zK0oM-EMlOBUpJpiPhSN-5Y49z4XQCuJ9TWgWLOk5-s50LfTXMr-WAIZlCRM=w224-h398-k-no""},{""title"":""Videos"",""image"":""https://lh3.googleusercontent.com/gps-cs-s/AHRPTWmxzGLJN-_9XZpinN8nfKrZ3KWMGKopBProsxdKQxMumGHel9U-1NxR57Q0wTzf91fHoum5dXAmlqgO7dGsoP3Tfa0ZDgD7jp7gI5S1ryfRK3w-ZSelcwjWTo_ob8auAT4J5LpH54yGkNc=w224-h398-k-no""},{""title"":""Menu"",""image"":""https://lh3.googleusercontent.com/gps-cs-s/AHRPTWlRPH6fZeeL_PJwugs-tpUutXOs_G9F964XYyC2co0QNELZRgnJF-BttU_A-ZQ7Stu2cYgDf1VW7zql6W8lW_bKJLFdxGQU1rvcn61RyP9r3871oHs78j7lzFRkhefuVzmv5CA=w224-h397-k-no""},{""title"":""Food \u0026 drink"",""image"":""https://lh3.googleusercontent.com/gps-cs-s/AHRPTWn_bdHeBG0AkF4DhPN9XUgJQNbGR3Wc-LTw9iMGuCCCzCcFk5qe3G0wUy_tO3VnkiGWp5wqKUPpoWFdv4cnZkI0LarcEON65VPWxKcDfBJ6SD1aGobC3AjUDXisuPjW61wyZe-Os-zIBHA=w224-h398-k-no""},{""title"":""Vibe"",""image"":""https://lh3.googleusercontent.com/gps-cs-s/AHRPTWkAvbSK4IKdUPdIicgccwaGaBBk2Fg51nXyq9bj4u6FHTgI__hjetwljMwpO_mAZq49l-v5-5Sm8nvL6AEvLXx_HJyYJ0rwOLZZNKtP4IJagxvXRBGM9TtKpvMDQ4XQvBVRXrvhzA=w224-h398-k-no""},{""title"":""Street View \u0026 360°"",""image"":""https://streetviewpixels-pa.googleapis.com/v1/thumbnail?panoid=YkplZgJeIrEaMNWDXbqI-g\u0026cb_client=maps_sv.tactile.gps\u0026w=224\u0026h=298\u0026yaw=296.15198\u0026pitch=0\u0026thumbfov=100""}]","{""link"":"""",""source"":""""}"
3043499d-f7a0-4139-b121-07920cff8870,https://www.google.com/maps/place/Kopi+semesta+bjm/data=!4m7!3m6!1s0x2de423005a685757:0x3a2d6913926f471f!8m2!3d-3.3200934!4d114.611066!16s%2Fg%2F11zgmllc6d!19sChIJV1doWgAj5C0RH0dvkhNpLTo?authuser=0&hl=en&g_ep=EgoyMDI2MDkwMi4wIJJjKgBIAVAD&rclk=1,Kopi semesta bjm,Coffee shop,"MJH6+XC8 Kopi semesta bjm, Jl. Veteran, Sungai Bilu, Kec. Banjarmasin Tim., Kota Banjarmasin, Kalimantan Selatan 70239","{""Friday"":[""8.15 am–11.15 pm""],""Monday"":[""8.15 am–11.15 pm""],""Saturday"":[""8.15 am–11.15 pm""],""Sunday"":[""8.15 am–11.15 pm""],""Thursday"":[""8.15 am–11.15 pm""],""Tuesday"":[""8.15 am–11.15 pm""],""Wednesday"":[""8.15 am–11.15 pm""]}",{},0,0.0,"{""1"":0,""2"":0,""3"":0,""4"":0,""5"":0}",-3.320093,114.611066,4192122360933861151,0x2de423005a685757:0x3a2d6913926f471f,ChIJV1doWgAj5C0RH0dvkhNpLTo,"[{""title"":""All"",""image"":""https://streetviewpixels-pa.googleapis.com/v1/thumbnail?panoid=Aigwe7IwaNCEWplMlwN2CQ\u0026cb_client=maps_sv.tactile.gps\u0026w=224\u0026h=298\u0026yaw=179.54222\u0026pitch=0\u0026thumbfov=100""},{""title"":""Street View \u0026 360°"",""image"":""https://streetviewpixels-pa.googleapis.com/v1/thumbnail?panoid=Aigwe7IwaNCEWplMlwN2CQ\u0026cb_client=maps_sv.tactile.gps\u0026w=224\u0026h=298\u0026yaw=179.54222\u0026pitch=0\u0026thumbfov=100""}]","{""link"":"""",""source"":""""}"
3043499d-f7a0-4139-b121-07920cff8870,https://www.google.com/maps/place/KOPI+AVA+%26+CAFE+BERINGIN/data=!4m7!3m6!1s0x2de42386a20b3345:0x3f9187382a66f061!8m2!3d-3.3209888!4d114.5921955!16s%2Fg%2F11h4zmshy9!19sChIJRTMLooYj5C0RYfBmKjiHkT8?authuser=0&hl=en&g_ep=EgoyMDI2MDkwMi4wIJJjKgBIAVAD&rclk=1,KOPI AVA & CAFE BERINGIN,Coffee shop,"halaman parkir kantor DPD GOLKAR KALSEL, Jl. Lambung Mangkurat No.10, Kertak Baru Ulu, Kec. Banjarmasin Tengah, Kota Banjarmasin, Kalimantan Selatan 70123","{""Friday"":[""7.00 pm–12.00 am""],""Monday"":[""7.00 pm–12.00 am""],""Saturday"":[""7.00 pm–1.00 am""],""Sunday"":[""7.00 pm–12.00 am""],""Thursday"":[""Closed""],""Tuesday"":[""7.00 pm–12.00 am""],""Wednesday"":[""7.00 pm–12.00 am""]}",{},88,4.9,"{""1"":0,""2"":0,""3"":3,""4"":7,""5"":78}",-3.320989,114.592195,4580590971311812705,0x2de42386a20b3345:0x3f9187382a66f061,ChIJRTMLooYj5C0RYfBmKjiHkT8,"[{""title"":""All"",""image"":""https://lh3.googleusercontent.com/gps-cs-s/AHRPTWnqwNnq3Soe_xIXIDPbOMRI9tr50Y_k_6kShX5AsUu00kG19wx3UYguzRz9JXIhdCzRGASAhFhI1iJLR0-JOYvWkkO1cO3qQw0ngJ85Ji55DoP8Rl9bkCxR30lDE2l3Av0DZgs=w529-h298-k-no""},{""title"":""Food \u0026 drink"",""image"":""https://lh3.googleusercontent.com/gps-cs-s/AHRPTWlpBnvPeEnOU0zmlkzTNrhUt7LlDoqzaNFBFOJHwJFA0Y32MtqG4w0vN4CTqcEcVRfI8jC8I6YWAXcv-crnVWke0RtsJCg0IGSWEalT62zxEL-2PMlyjSakETXLvxAasffYzkqe=w447-h298-k-no""},{""title"":""Vibe"",""image"":""https://lh3.googleusercontent.com/gps-cs-s/AHRPTWnH-fOYYhMQ6LYmqw6B2dwYLbj-kyfDtLHU_c_9rrvjHtPamSrD8BUmdMKHweL9pUcxabkFi6aVA6_QmWPvCu3flCsZed0oZGqksjBn4F6kDU2QIQPm5Gd4M3CDixXAY4MgNpRRjQ=w447-h298-k-no""},{""title"":""Coffee"",""image"":""https://lh3.googleusercontent.com/gps-cs-s/AHRPTWkQxU4GtxuARbdBIjNCVImMYw1GqzFPNlUmnfw-V6GBTNS07vbl69H_6WWDkD_9AFvoMG-rDRsJucI4_QGipdWSrqIWvBQ7DkoJW2x1GO0j9LwWqXJ520tSZfcB0ycX2-FZ7XUEKQ=w447-h298-k-no""},{""title"":""Street View \u0026 360°"",""image"":""https://streetviewpixels-pa.googleapis.com/v1/thumbnail?panoid=1loZZdJxK_DSB_JzPTuA5g\u0026cb_client=maps_sv.tactile.gps\u0026w=224\u0026h=298\u0026yaw=291.21603\u0026pitch=0\u0026thumbfov=100""}]","{""link"":"""",""source"":""""}"
3043499d-f7a0-4139-b121-07920cff8870,https://www.google.com/maps/place/Salbi+coffee/data=!4m7!3m6!1s0x2de42100732b615d:0x6458cdca18ff4b6c!8m2!3d-3.330996!4d114.614684!16s%2Fg%2F11m5hcbmws!19sChIJXWErcwAh5C0RbEv_GMrNWGQ?authuser=0&hl=en&g_ep=EgoyMDI2MDkwMi4wIJJjKgBIAVAD&rclk=1,Salbi coffee,Coffee shop,"Jl. Gatot Subroto No.7, Kebun Bunga, Kec. Banjarmasin Tim., Kota Banjarmasin, Kalimantan Selatan 70235","{""Friday"":[""7.00 am–11.00 pm""],""Monday"":[""7.00 am–11.00 pm""],""Saturday"":[""7.00 am–11.00 pm""],""Sunday"":[""7.00 am–11.00 pm""],""Thursday"":[""7.00 am–11.00 pm""],""Tuesday"":[""7.00 am–11.00 pm""],""Wednesday"":[""7.00 am–11.00 pm""]}","{""Friday"":{""10"":7,""11"":9,""12"":9,""13"":8,""14"":8,""15"":11,""16"":14,""17"":19,""18"":28,""19"":44,""20"":61,""21"":73,""22"":71,""23"":0,""6"":0,""7"":3,""8"":4,""9"":5},""Monday"":{""10"":6,""11"":6,""12"":7,""13"":7,""14"":10,""15"":13,""16"":16,""17"":22,""18"":27,""19"":31,""20"":35,""21"":37,""22"":30,""23"":0,""6"":0,""7"":5,""8"":6,""9"":5},""Saturday"":{""10"":13,""11"":15,""12"":12,""13"":10,""14"":10,""15"":14,""16"":16,""17"":20,""18"":33,""19"":54,""20"":83,""21"":100,""22"":94,""23"":0,""6"":0,""7"":8,""8"":10,""9"":11},""Sunday"":{""10"":6,""11"":7,""12"":7,""13"":7,""14"":8,""15"":12,""16"":18,""17"":25,""18"":34,""19"":45,""20"":55,""21"":58,""22"":52,""23"":0,""6"":0,""7"":7,""8"":6,""9"":6},""Thursday"":{""10"":7,""11"":7,""12"":10,""13"":12,""14"":16,""15"":17,""16"":19,""17"":21,""18"":28,""19"":33,""20"":41,""21"":42,""22"":35,""23"":0,""6"":0,""7"":3,""8"":5,""9"":7},""Tuesday"":{""10"":4,""11"":5,""12"":7,""13"":8,""14"":10,""15"":12,""16"":13,""17"":17,""18"":22,""19"":31,""20"":39,""21"":40,""22"":32,""23"":0,""6"":0,""7"":3,""8"":3,""9"":3},""Wednesday"":{""10"":8,""11"":8,""12"":11,""13"":11,""14"":14,""15"":18,""16"":19,""17"":22,""18"":25,""19"":34,""20"":43,""21"":48,""22"":40,""23"":0,""6"":0,""7"":5,""8"":6,""9"":6}}",83,4.5,"{""1"":5,""2"":2,""3"":2,""4"":11,""5"":63}",-3.330996,114.614684,7230755469629803372,0x2de42100732b615d:0x6458cdca18ff4b6c,ChIJXWErcwAh5C0RbEv_GMrNWGQ,"[{""title"":""All"",""image"":""https://lh3.googleusercontent.com/gps-cs-s/AHRPTWnencMuhtS50F3ptC4vUOg82ONZ3snmjAHpP9Px9TcAJ0BBK-Vd5snKBeLaFPkzmcikc-JMILm5A5ThU3BhrSyp4TNSr_ZZ6WGdp_LGdWrAbu0edP3Q9vrs1Rb7NHQLpiKyOZEL1_hj8gz7=w467-h298-k-no""},{""title"":""Menu"",""image"":""https://lh3.googleusercontent.com/gps-cs-s/AHRPTWkV0yxUec5HxAwzAyOd1tqmaKA44Mg0xOrWjJJL8QVLx1RG4X03N1b7eML3XuF6pZlqhmnWHcUf9w2odGtQ7Tmx11Ejb7jS1M_XezSXNzu_-FC1CwnuVLHaO91mPkth8Y21n-GVMpRl2ryv=w224-h298-k-no""},{""title"":""Videos"",""image"":""https://lh3.googleusercontent.com/gps-cs-s/AHRPTWmhWAdezGrVk9kisnelXYrDytwilITbmr3cF7XKysn9mH-qiR6KuPyR4juPt6CuWiYL2tjyueDweQy5wJyQeTvX6QrD9sWBKZXaS7cxd9WWDGuCIZI6rg7a3WNg4SxwvzGt86mEdw=w224-h398-k-no""},{""title"":""Food \u0026 drink"",""image"":""https://lh3.googleusercontent.com/gps-cs-s/AHRPTWl-4Kp4xQ6fWzujHX2F0d_7Rv9PgiEs42aVtjUxsDk7lBATquHbkoDjRGz8Sq26CQ4lDZRQ0WYLBvvxVSJ9LXo9NB7TL7d55_mw7JiNEaU1OlZ61AUpwNRzsgi6cavaqaATfuLblOyAPZA=w224-h398-k-no""},{""title"":""Vibe"",""image"":""https://lh3.googleusercontent.com/gps-cs-s/AHRPTWnOWojI6lV6mdHVHkFxpVkqdT_QEBW9346eriCBlHVl-ekhsOO85jY3UZIOkrYnu33l3iTWYszuH6Nsy2jOvZN1t0R46kUWE2hdFBRqFrjLycKLuFPwPb53VrlEEgKFHOz2sZnP-FS93iqQ=w224-h298-k-no""},{""title"":""Coffee"",""image"":""https://lh3.googleusercontent.com/gps-cs-s/AHRPTWmIvU5JzuLH8N7-xguJzNi0fnVV9Shi8OvG3ICqAP2lf-RSob0IskJkEFvHMfQEKGdQaBQcXwqimGiK_Zd_NXpys3ipYfJCLUXgBDLAb2G2bJQvHDAFJQPOyCjj9yFKG5OvNPtZYDh0cBaM=w224-h298-k-no""},{""title"":""Street View \u0026 360°"",""image"":""https://streetviewpixels-pa.googleapis.com/v1/thumbnail?panoid=CGJbp-fINAlyUVEK8RkPsA\u0026cb_client=maps_sv.tactile.gps\u0026w=224\u0026h=298\u0026yaw=353.5055\u0026pitch=0\u0026thumbfov=100""}]","{""link"":"""",""source"":""""}"
3043499d-f7a0-4139-b121-07920cff8870,https://www.google.com/maps/place/Ahlan+Kopi/data=!4m7!3m6!1s0x2de4239899f42c51:0xbae7b150299f376f!8m2!3d-3.320013!4d114.6079709!16s%2Fg%2F11scmr8_4n!19sChIJUSz0mZgj5C0RbzefKVCx57o?authuser=0&hl=en&g_ep=EgoyMDI2MDkwMi4wIJJjKgBIAVAD&rclk=1,Ahlan Kopi,Coffee shop,"Jl. Veteran Gg. 7 No.Samping, Sungai Bilu, Kec. Banjarmasin Tim., Kota Banjarmasin, Kalimantan Selatan 70236",{},{},1,5.0,"{""1"":0,""2"":0,""3"":0,""4"":0,""5"":1}",-3.320013,114.607971,13467928168528557935,0x2de4239899f42c51:0xbae7b150299f376f,ChIJUSz0mZgj5C0RbzefKVCx57o,"[{""title"":""All"",""image"":""https://streetviewpixels-pa.googleapis.com/v1/thumbnail?panoid=v7R7EikU0XFdxHq9oTbFPA\u0026cb_client=maps_sv.tactile.gps\u0026w=224\u0026h=298\u0026yaw=25.243736\u0026pitch=0\u0026thumbfov=100""},{""title"":""Street View \u0026 360°"",""image"":""https://streetviewpixels-pa.googleapis.com/v1/thumbnail?panoid=v7R7EikU0XFdxHq9oTbFPA\u0026cb_client=maps_sv.tactile.gps\u0026w=224\u0026h=298\u0026yaw=25.243736\u0026pitch=0\u0026thumbfov=100""}]","{""link"":"""",""source"":""""}"
3043499d-f7a0-4139-b121-07920cff8870,https://www.google.com/maps/place/Kordinat+Cafe/data=!4m7!3m6!1s0x2de423e5ca73c87d:0xf3091d30bdb791e8!8m2!3d-3.3233686!4d114.6030571!16s%2Fg%2F11gfdbbq33!19sChIJfchzyuUj5C0R6JG3vTAdCfM?authuser=0&hl=en&g_ep=EgoyMDI2MDkwMi4wIJJjKgBIAVAD&rclk=1,Kordinat Cafe,Cafe,"Jl. A. Yani No.Km No.2, Dutamall, Banjarmasin Tengah, Banjarmasin City, South Kalimantan 70232","{""Friday"":[""10.00 am–11.00 pm""],""Monday"":[""10.00 am–10.00 pm""],""Saturday"":[""10.00 am–11.00 pm""],""Sunday"":[""10.00 am–10.00 pm""],""Thursday"":[""10.00 am–10.00 pm""],""Tuesday"":[""10.00 am–10.00 pm""],""Wednesday"":[""10.00 am–10.00 pm""]}","{""Friday"":{""10"":12,""11"":19,""12"":31,""13"":41,""14"":46,""15"":47,""16"":48,""17"":54,""18"":64,""19"":72,""20"":73,""21"":61,""22"":44,""23"":0,""6"":0,""7"":0,""8"":0,""9"":0},""Monday"":{""10"":14,""11"":19,""12"":23,""13"":28,""14"":30,""15"":35,""16"":38,""17"":43,""18"":47,""19"":51,""20"":49,""21"":40,""22"":0,""23"":0,""6"":0,""7"":0,""8"":0,""9"":0},""Saturday"":{""10"":14,""11"":24,""12"":35,""13"":44,""14"":52,""15"":56,""16"":58,""17"":65,""18"":76,""19"":92,""20"":100,""21"":91,""22"":66,""23"":0,""6"":0,""7"":0,""8"":0,""9"":0},""Sunday"":{""10"":16,""11"":25,""12"":37,""13"":49,""14"":59,""15"":62,""16"":61,""17"":66,""18"":71,""19"":76,""20"":71,""21"":58,""22"":0,""23"":0,""6"":0,""7"":0,""8"":0,""9"":0},""Thursday"":{""10"":14,""11"":19,""12"":26,""13"":32,""14"":36,""15"":36,""16"":38,""17"":42,""18"":50,""19"":55,""20"":53,""21"":40,""22"":0,""23"":0,""6"":0,""7"":0,""8"":0,""9"":0},""Tuesday"":{""10"":15,""11"":22,""12"":27,""13"":31,""14"":32,""15"":33,""16"":35,""17"":39,""18"":43,""19"":50,""20"":50,""21"":41,""22"":0,""23"":0,""6"":0,""7"":0,""8"":0,""9"":0},""Wednesday"":{""10"":14,""11"":20,""12"":27,""13"":32,""14"":35,""15"":35,""16"":37,""17"":40,""18"":51,""19"":56,""20"":56,""21"":45,""22"":0,""23"":0,""6"":0,""7"":0,""8"":0,""9"":0}}",2173,4.8,"{""1"":28,""2"":10,""3"":40,""4"":155,""5"":1940}",-3.323369,114.603057,17512560721185444328,0x2de423e5ca73c87d:0xf3091d30bdb791e8,ChIJfchzyuUj5C0R6JG3vTAdCfM,"[{""title"":""All"",""image"":""https://lh3.googleusercontent.com/gps-cs-s/AHRPTWkUVke-37bGqMfHZJdw8V7JbqWR6o7xAmAZdihvC9eTz1S1c3ekVnehQQPUg3uywYIWP3foT9cfaM2dTgeyNPaf9O5MJA9xnJFgelY66ce9AdqfLHg_dzkvYPQ6thC77n9H4XupJw=w529-h298-k-no""},{""title"":""Menu"",""image"":""https://lh3.googleusercontent.com/gps-cs-s/AHRPTWmpdG7khj_u_5O82YKWd3xe09xQDqYulTfYspDRh6-1r0B4tqoF9UJ5bDpIXi2RBz9qAF8XN7MlWa5BWl210vXxjCqKWINH-UIzZ01rQYqTKUJu5qjtufbF82-0_YM0bDTyb_rO=w315-h298-k-no""},{""title"":""Videos"",""image"":""https://lh3.googleusercontent.com/gps-cs-s/AHRPTWnPXrc56dEICHkiicL1zo9t94SiJTO8xFju_JkZRZimt85vajgyXHYrVGmTDPwoLX-hpMe3cjDlfSIgjy8e0s-fhtnqeYYhmUar0QoM3T8bGK-tskxW_bBksh9aYzbuAGf1PHEvAA=w529-h298-k-no""},{""title"":""Food \u0026 drink"",""image"":""https://lh3.googleusercontent.com/gps-cs-s/AHRPTWnh3qYhPMy-Sgr8XkgQDFVo6INXpyL2MGnaorsFrSM2jFAR156ApuCS67QZ7SGE4AqQCYl9C-kO6CO45x8sqFvtfGITPG3EKKziBs8GtqRX_dkdC7IQ14xyrimVqN49wachGj5GEw=w298-h298-k-no""},{""title"":""Vibe"",""image"":""https://lh3.googleusercontent.com/gps-cs-s/AHRPTWmdQniuXIIy74xhSJXSVMELWADuJJJRyeGNgRaUJyBLz_GIrjPUBMJCKpwRwX4Z8J0W0WHGUHrlzvWVz2miCX7zMCkooY5407jBibTAbiSnzLxlhfGKF3Pc3NaEVxi6Zt1kbe3y=w224-h398-k-no""},{""title"":""Pizza"",""image"":""https://lh3.googleusercontent.com/gps-cs-s/AHRPTWlovQY6rTF-bPg8SIo8_Sp7-BAg4GyeVzN3mCeiTI4FK74sF9HeBlelNtrfSC2k2qGe4byNfpxlUlZMFWF0GL9hY-PNsLKHfrWoaFoODs2yODoVW6X255yHY1CFffOU-5oefwVFhQ=w397-h298-k-no""},{""title"":""Chocolate Cake"",""image"":""https://lh3.googleusercontent.com/gps-cs-s/AHRPTWmcT2YEhjVkwfliNqJeMUgtE1y_Wt43OVWo-yoxklwJ7Id03nzjxmRJ1YrIpGQhG7E8hI7PzUtnODZsr-siyUkMneEsKshxuAefwDwtg-m9i5szkgdYYHHfFu4AGLalyIb8f6nS1rH-TJMw=w224-h298-k-no""},{""title"":""Waffle"",""image"":""https://lh3.googleusercontent.com/gps-cs-s/AHRPTWldJu3ekpF8JK2H_h7mknpWBkB4cENyHAttrEbdxT_EjnlsmUxE_om6R08t1mM_LLOKeBqAtaUJdD7kuRmBQ_KQ3txiXpCvJduRgs4K1JH67BQBc-2wrC8x_oFLzYEHM2hZN5IKsw=w298-h298-k-no""},{""title"":""Mojito"",""image"":""https://lh3.googleusercontent.com/gps-cs-s/AHRPTWlqvK-fiAjIKNd2qRnP5bzg1XDSnQg6NSPSpWTBW1QkgQGaEbn12oV-NHK2m4mIN78sOmbHFpJp8VYVemw5C5fVpIPLxddsEKFrLQQT_GjjWCONXGLl_Bnmr50LPVmtZ_1v9kDztg=w224-h298-k-no""},{""title"":""Sirloin steak"",""image"":""https://lh3.googleusercontent.com/gps-cs-s/AHRPTWnzcU86Y2llZqvjc2MeNJ_-57r_drR9nbIDOJbF0XserGxGSDRIPClz-Rim0pxRfIPoiZE7r6yvZSeOSCyTYXI1MseOq9TJVas9F2dRrMJXtvluMlWdNBmdb_3jJcXDz5CB3j7vt7qL3S3A=w298-h298-k-no""},{""title"":""Fettuccine"",""image"":""https://lh3.googleusercontent.com/gps-cs-s/AHRPTWkk-DRm8kqJz1K2EomftnzsVhLKtOFrLG-x3ytOMTDrZ2Rdjmm9XYC7oKC6KeDip0dayYBldOaQCQG1IfYt9Fay0MHpUtnesdn_xpvnqVbhgmQxmb4yg1LCN3lbMcDWqH4NttKsDQ=w224-h298-k-no""},{""title"":""Latte"",""image"":""https://lh3.googleusercontent.com/gps-cs-s/AHRPTWmnw9d_sfzqejLEmxDyVvZ1rKDAsRwsBtXM3qfbl5Tx02HGQwW9hOC8c3fhkci7H4qQOy4HGk0T2RPsEsNn4iiB8P7crI66oHicwU8WQ-FKhom0s4KogIA9x383OmTizCeUfFpscA=w482-h298-k-no""},{""title"":""Iced tea"",""image"":""https://lh3.googleusercontent.com/gps-cs-s/AHRPTWnGmbr8SZhNDQMmO30Iio7KWMwgUO_uyQN8V_RsyDbNr1SUhakiCX6SoTDxwaEoMJYNnZDW6WKfx44GJHrxcFxEd5V5DrIcu2PJu0xY65R8GtFiiGdM0CGv1UvY9Xy8GruZbypE=w224-h298-k-no""},{""title"":""By owner"",""image"":""https://lh3.googleusercontent.com/gps-cs-s/AHRPTWlKAyci3Z2bMgL63uxz6_0hNTgu64BYppDgZ9ccxpIbHgIBsv575XP9tua8Ugc9nVSJrheOpQNMtEcH98DXlv-C0lDFWES1b07uXwOeJ9u0Y1c1QLLdUKwAX10gzeiVNM-b8Ss=w224-h398-k-no""}]","{""link"":""/url?q=https://grab.onelink.me/2695613898%3Fpid%3Dinappsharing%26c%3D6-C2WCRTN1MBNYCX%26is_retargeting%3Dtrue%26af_dp%3Dgrab%253A%252F%252Fopen%253FscreenType%253DGRABFOOD%2526sourceID%253DA4pcqCZkS4%2526merchantIDs%253D6-C2WCRTN1MBNYCX%26af_force_deeplink%3Dtrue%26af_web_dp%3Dhttps%253A%252F%252Fwww.grab.com%252Fdownload\u0026opi=79508299\u0026sa=U\u0026ved=0ahUKEwjd-5L6vtyWAxX2fGwGHfjMHIUQqRkIISgU\u0026usg=AOvVaw26HiopPuTF-xkM38P5Pdj9"",""source"":""grab.onelink.me""}"
3043499d-f7a0-4139-b121-07920cff8870,https://www.google.com/maps/place/Naturalis+%26+Kopi+Soe/data=!4m7!3m6!1s0x2de4214e45b61593:0x38f1d9576a5e4105!8m2!3d-3.3312973!4d114.6122992!16s%2Fg%2F11ngjhkdrl!19sChIJkxW2RU4h5C0RBUFealfZ8Tg?authuser=0&hl=en&g_ep=EgoyMDI2MDkwMi4wIJJjKgBIAVAD&rclk=1,Naturalis & Kopi Soe,Coffee shop,"MJ96+FWM Naturalis & Kopi Soe, Karang Mekar, Banjarmasin Timur, Banjarmasin City, South Kalimantan 70237","{""Friday"":[""8.00 am–10.00 pm""],""Monday"":[""8.00 am–10.00 pm""],""Saturday"":[""8.00 am–10.00 pm""],""Sunday"":[""8.00 am–10.00 pm""],""Thursday"":[""8.00 am–10.00 pm""],""Tuesday"":[""8.00 am–10.00 pm""],""Wednesday"":[""8.00 am–10.00 pm""]}","{""Friday"":{""10"":14,""11"":28,""12"":47,""13"":52,""14"":45,""15"":39,""16"":40,""17"":60,""18"":87,""19"":100,""20"":90,""21"":66,""22"":0,""23"":0,""6"":0,""7"":0,""8"":4,""9"":4},""Monday"":{""10"":14,""11"":19,""12"":23,""13"":30,""14"":28,""15"":27,""16"":33,""17"":49,""18"":66,""19"":73,""20"":64,""21"":47,""22"":0,""23"":0,""6"":0,""7"":0,""8"":9,""9"":14},""Saturday"":{""10"":11,""11"":14,""12"":20,""13"":27,""14"":31,""15"":33,""16"":40,""17"":52,""18"":75,""19"":85,""20"":83,""21"":69,""22"":0,""23"":0,""6"":0,""7"":0,""8"":7,""9"":9},""Sunday"":{""10"":9,""11"":12,""12"":21,""13"":25,""14"":30,""15"":34,""16"":40,""17"":57,""18"":78,""19"":97,""20"":90,""21"":68,""22"":0,""23"":0,""6"":0,""7"":0,""8"":4,""9"":7},""Thursday"":{""10"":15,""11"":21,""12"":28,""13"":30,""14"":28,""15"":31,""16"":34,""17"":47,""18"":68,""19"":76,""20"":59,""21"":36,""22"":0,""23"":0,""6"":0,""7"":0,""8"":7,""9"":8},""Tuesday"":{""10"":14,""11"":20,""12"":25,""13"":27,""14"":28,""15"":33,""16"":42,""17"":53,""18"":65,""19"":69,""20"":56,""21"":38,""22"":0,""23"":0,""6"":0,""7"":0,""8"":7,""9"":8},""Wednesday"":{""10"":14,""11"":21,""12"":32,""13"":40,""14"":45,""15"":47,""16"":51,""17"":62,""18"":80,""19"":83,""20"":68,""21"":47,""22"":0,""23"":0,""6"":0,""7"":0,""8"":6,""9"":9}}",104,4.3,"{""1"":10,""2"":1,""3"":3,""4"":21,""5"":69}",-3.331297,114.612299,4103299704981176581,0x2de4214e45b61593:0x38f1d9576a5e4105,ChIJkxW2RU4h5C0RBUFealfZ8Tg,"[{""title"":""All"",""image"":""https://lh3.googleusercontent.com/gps-cs-s/AHRPTWlZu9ttXY5DlDFE4f4Kg6Chv2-hh8_eRKm_3LGxgHP8aDp2oZta-D7GHWCNd9vANtvxMN0ZZu5225jK_vBJx5IAMF-aQaAVxSkpCGxylkvgeY_Cs8PBxbMMxQwDP7yZp-oEoXYo0v1HCRSy=w224-h398-k-no""},{""title"":""Menu"",""image"":""https://lh3.googleusercontent.com/gps-cs-s/AHRPTWlmDg8rw1aIfLmGHSb--0JUyIBMlmskrxOCWQf3GfKE9NPi3Ze9RwsW_HE2reE1shAmr761cYNvfwfu5q8TJ4eQs3dvifFzCXenRsfFIYWum2lB70SGGkGnSOXuLkdAaw_h2SSJeWY5xtML=w395-h298-k-no""},{""title"":""Videos"",""image"":""https://lh3.googleusercontent.com/gps-cs-s/AHRPTWlof-kOap1GvUj4x6CiRkVl2aroKEXlG5kUXbXXly9dyztlz9Gubq9uHIaGYos0hAu5g8b2ahHAsLEVwi87FeUkNdYRSWoi0TiIAXpm5Cf8lrMLuznGNEJp_i2dxnaJUCz5oxw=w224-h398-k-no""},{""title"":""Food \u0026 drink"",""image"":""https://lh3.googleusercontent.com/gps-cs-s/AHRPTWlU-_xrP-LJ0tvVvj7QFFe5ztHrfNie_Umm3d-7EEvk6h46ZdP1LBjGjnypekMLy16dpfVNr5UBq5dX6Q4goT9BC-GFlrCkv0D2OTNTP7YZLGHSf43p7_UzmyLSMKs30lm0p16D=w301-h298-k-no""},{""title"":""Vibe"",""image"":""https://lh3.googleusercontent.com/gps-cs-s/AHRPTWk8pOBMj_VOqDRknKhTXLWbSpltCjmvMbn4zhD6VIT87bPOfqikQzzGn283JfoZlsDuK8Cr8eXwxWcEGnIL-UpQ7n7dXvvOx2Wtl1YarCa6_kRpP4gd_iNVz9NmKhSIwUuCnBQ_=w397-h298-k-no""},{""title"":""Street View \u0026 360°"",""image"":""https://streetviewpixels-pa.googleapis.com/v1/thumbnail?panoid=6TYF43BfaD-Qt6_xS-qeXw\u0026cb_client=maps_sv.tactile.gps\u0026w=224\u0026h=298\u0026yaw=230.13863\u0026pitch=0\u0026thumbfov=100""}]","{""link"":"""",""source"":""""}"
3043499d-f7a0-4139-b121-07920cff8870,https://www.google.com/maps/place/Fore+Coffee+-+Duta+Mall+Banjarmasin/data=!4m7!3m6!1s0x2de423c60c0065b1:0x1892e6c8cf90dcec!8m2!3d-3.3239665!4d114.6015897!16s%2Fg%2F11p_1td0nd!19sChIJsWUADMYj5C0R7NyQz8jmkhg?authuser=0&hl=en&g_ep=EgoyMDI2MDkwMi4wIJJjKgBIAVAD&rclk=1,Fore Coffee - Duta Mall Banjarmasin,Coffee shop,"Jl. Ahmad Yani, Sungai Baru, Banjarmasin Tengah, Banjarmasin City, South Kalimantan 70122","{""Friday"":[""10.00 am–10.00 pm""],""Monday"":[""10.00 am–10.00 pm""],""Saturday"":[""10.00 am–10.00 pm""],""Sunday"":[""10.00 am–10.00 pm""],""Thursday"":[""10.00 am–10.00 pm""],""Tuesday"":[""10.00 am–10.00 pm""],""Wednesday"":[""10.00 am–10.00 pm""]}","{""Friday"":{""10"":62,""11"":64,""12"":60,""13"":63,""14"":66,""15"":65,""16"":60,""17"":68,""18"":77,""19"":74,""20"":67,""21"":59,""22"":0,""23"":0,""6"":0,""7"":0,""8"":0,""9"":0},""Monday"":{""10"":48,""11"":51,""12"":55,""13"":56,""14"":60,""15"":52,""16"":44,""17"":48,""18"":60,""19"":55,""20"":57,""21"":45,""22"":0,""23"":0,""6"":0,""7"":0,""8"":0,""9"":0},""Saturday"":{""10"":51,""11"":71,""12"":81,""13"":64,""14"":66,""15"":73,""16"":97,""17"":94,""18"":98,""19"":100,""20"":90,""21"":83,""22"":0,""23"":0,""6"":0,""7"":0,""8"":0,""9"":0},""Sunday"":{""10"":40,""11"":63,""12"":78,""13"":85,""14"":93,""15"":88,""16"":72,""17"":72,""18"":75,""19"":74,""20"":70,""21"":59,""22"":0,""23"":0,""6"":0,""7"":0,""8"":0,""9"":0},""Thursday"":{""10"":63,""11"":75,""12"":74,""13"":75,""14"":77,""15"":82,""16"":81,""17"":71,""18"":63,""19"":65,""20"":58,""21"":42,""22"":0,""23"":0,""6"":0,""7"":0,""8"":0,""9"":0},""Tuesday"":{""10"":43,""11"":60,""12"":52,""13"":59,""14"":59,""15"":62,""16"":64,""17"":56,""18"":58,""19"":44,""20"":37,""21"":33,""22"":0,""23"":0,""6"":0,""7"":0,""8"":0,""9"":0},""Wednesday"":{""10"":51,""11"":62,""12"":70,""13"":63,""14"":70,""15"":67,""16"":58,""17"":55,""18"":54,""19"":51,""20"":41,""21"":31,""22"":0,""23"":0,""6"":0,""7"":0,""8"":0,""9"":0}}",238,4.2,"{""1"":35,""2"":5,""3"":7,""4"":26,""5"":165}",-3.323967,114.60159,1770731353660251372,0x2de423c60c0065b1:0x1892e6c8cf90dcec,ChIJsWUADMYj5C0R7NyQz8jmkhg,"[{""title"":""All"",""image"":""https://lh3.googleusercontent.com/gps-cs-s/AHRPTWnxe_CDVJXOL2YuWTkqmV4a6j-vPrdG60kLvkpif8pEsR2Fw1Tge0H0bHq8iOa8JS5fY20Vk_6V1ULyl1_K58uKUi2jiFyWajio198gLfkVayOYODqBPxwEeTJFQm7-fN3lc94gHw=w224-h298-k-no""},{""title"":""Latest"",""image"":""https://lh3.googleusercontent.com/gps-cs-s/AHRPTWmOMrqiRgViP21yM5cyF7hBdzR90Ajjd2C-NE9lOu18z2PWh8rIpF8jJm_5Ui7sE2hFwChfaMgLLHTlgCQATcvAJQMsBKJphAYgbyz8xq9fbZS-r37Mi6qdZkA8fXMgcAokK4mTxxp73SM=w224-h298-k-no""},{""title"":""Videos"",""image"":""https://lh3.googleusercontent.com/gps-cs-s/AHRPTWlHOARfoz3kndb2LF-L80fsv7BPZ_Nc0U_PRKm-k50VJxiutA_GSP1QLoldC5EWlq1rraUzaaRdtGwdxCMOcrEXIhKPpAXo9wFRdL5h-dqTVyo1J7f_sL4IhRHceui2HCfRcYnNvwj2n7Eg=w224-h398-k-no""},{""title"":""Menu"",""image"":""https://lh3.googleusercontent.com/gps-cs-s/AHRPTWl_hZ7Q3zS05eniY6yDPzE57TPlDhm8zYR50Sbr3epFwjBhFc4ol5OAjMmp_HiulDR34ibDnmA_LwYDEwYYiBIEhq76bobZi_NfA5f-oTBAea3ojfZ5RzmofllftZm-6Uw_XonVdccHfa8I=w397-h298-k-no""},{""title"":""Food \u0026 drink"",""image"":""https://lh3.googleusercontent.com/gps-cs-s/AHRPTWlTJ5vPKU8y7fHR08WxAFZFqMHTcIa35ygkqMzmyQZVd6-E53VeRtps7CTJH1V77F0FlLTJFku2IWFk63SXGckPPwgjOdUyZbmThDXfDF2NJaQetBLkjAiLPpP2NDvng9WT7jtM=w238-h298-k-no""},{""title"":""Vibe"",""image"":""https://lh3.googleusercontent.com/gps-cs-s/AHRPTWlRoKhaaOybATwzDZeQzxGnBZw9EN471Y180oyOFsjlzTSU9Sbwe3MdlNh9tV7lOL9bmG999TfRNgPXEqsO-rWqX8Bbb6tDXaOKaHUPPEjozzaJsTiItfemN_wromnSeHpKfHv56ww38Lgj=w397-h298-k-no""},{""title"":""Iced coffee"",""image"":""https://lh3.googleusercontent.com/gps-cs-s/AHRPTWnfTv9R52cwjyujeYbxMPEn8bXJRFC_o_iY1HdVdcjtBU4CBB699zSPhTbzkYdbAruC89vf_Oj1rC9X588bYGWcT1kDNrKPkL9wLRBeZaVY_3-3bqe_qI4x70FuiqVBTZS9yyiGt3dhu77c=w224-h298-k-no""},{""title"":""Milk tea"",""image"":""https://lh3.googleusercontent.com/gps-cs-s/AHRPTWkXySlvzK4zMm1TZ7s05f7f6QoEjE79gvoWavUCGpbSZsPwsHzPOSsNpAcXc_DoLhvtTug5bq5OfdR403osHJqgVYWgPHC4s3xtIbIfABGKT7AFX_NgxTzAHN9zn_5R4btftGyY=w224-h298-k-no""},{""title"":""Coffee"",""image"":""https://lh3.googleusercontent.com/gps-cs-s/AHRPTWljdOgujwhNODFSqLmnPHdPbPBuonYD77K4EPPnkjk9WB2-5GNop-_VTrCfEVniFQeS2BP6DTLx-wkAhLMOKlaI5R11TYRYq3hpNVGy5IfzPqPYfvUvGd4rWG5TOnR_ghwqSKqkDc-_bMJV=w447-h298-k-no""},{""title"":""Croissant"",""image"":""https://lh3.googleusercontent.com/gps-cs-s/AHRPTWk5k-80AJdRjfwy7lPf05RWZxRqvXbOWfWeVYMRJqHY9zNWiiwibwIUotf7oeMIpLYjngU--mlUWP34WoEXrL6YfIx-JvO6rl9HLA2vTYSWMSFEpVWoPWyJhgMMkfw9pNv7YUn45g=w224-h398-k-no""},{""title"":""By owner"",""image"":""https://lh3.googleusercontent.com/gps-cs-s/AHRPTWnRvvzOH7DvFz03p1YyOBWuU0GP7Dw3bBQdR34W141B0LKKQCPb9mdVDnf1LIRT9V88tVcR-g7-_sWwEiy_WFGVUd6LxOBUB3-mqe3rEsbgF7xtQnIfS6JpWjaOTrowxwwS2kfd=w397-h298-k-no""}]","{""link"":"""",""source"":""""}"
3043499d-f7a0-4139-b121-07920cff8870,https://www.google.com/maps/place/De%27Kopi+Arwana/data=!4m7!3m6!1s0x2de423f00cbfd7db:0x324737339d55c042!8m2!3d-3.3122277!4d114.6172358!16s%2Fg%2F11hyxnwp6p!19sChIJ29e_DPAj5C0RQsBVnTM3RzI?authuser=0&hl=en&g_ep=EgoyMDI2MDkwMi4wIJJjKgBIAVAD&rclk=1,De'Kopi Arwana,Cafe,"Jl. Pangeran Hidayatullah No.5, Benua Anyar, Banjarmasin Timur, Banjarmasin City, South Kalimantan 70121","{""Friday"":[""Open 24 hours""],""Monday"":[""Open 24 hours""],""Saturday"":[""Open 24 hours""],""Sunday"":[""Open 24 hours""],""Thursday"":[""Open 24 hours""],""Tuesday"":[""Open 24 hours""],""Wednesday"":[""Open 24 hours""]}","{""Friday"":{""0"":30,""1"":16,""10"":22,""11"":22,""12"":23,""13"":25,""14"":29,""15"":35,""16"":43,""17"":54,""18"":61,""19"":68,""2"":7,""20"":76,""21"":79,""22"":69,""23"":52,""3"":4,""4"":3,""5"":5,""6"":7,""7"":12,""8"":16,""9"":19},""Monday"":{""0"":20,""1"":10,""10"":26,""11"":25,""12"":25,""13"":26,""14"":29,""15"":30,""16"":35,""17"":43,""18"":51,""19"":57,""2"":5,""20"":64,""21"":66,""22"":54,""23"":39,""3"":5,""4"":5,""5"":6,""6"":7,""7"":12,""8"":17,""9"":22},""Saturday"":{""0"":42,""1"":22,""10"":27,""11"":30,""12"":31,""13"":31,""14"":34,""15"":42,""16"":48,""17"":58,""18"":66,""19"":78,""2"":10,""20"":90,""21"":98,""22"":90,""23"":71,""3"":6,""4"":4,""5"":5,""6"":8,""7"":13,""8"":18,""9"":23},""Sunday"":{""0"":22,""1"":9,""10"":88,""11"":100,""12"":82,""13"":58,""14"":45,""15"":41,""16"":39,""17"":43,""18"":50,""19"":61,""2"":3,""20"":70,""21"":70,""22"":60,""23"":44,""3"":2,""4"":2,""5"":4,""6"":8,""7"":17,""8"":32,""9"":59},""Thursday"":{""0"":16,""1"":8,""10"":22,""11"":22,""12"":22,""13"":23,""14"":24,""15"":26,""16"":29,""17"":35,""18"":42,""19"":47,""2"":4,""20"":50,""21"":49,""22"":43,""23"":30,""3"":4,""4"":3,""5"":4,""6"":6,""7"":10,""8"":15,""9"":20},""Tuesday"":{""0"":25,""1"":12,""10"":20,""11"":21,""12"":20,""13"":23,""14"":25,""15"":27,""16"":30,""17"":39,""18"":52,""19"":63,""2"":5,""20"":70,""21"":68,""22"":59,""23"":43,""3"":4,""4"":3,""5"":3,""6"":4,""7"":9,""8"":15,""9"":19},""Wednesday"":{""0"":28,""1"":14,""10"":23,""11"":24,""12"":25,""13"":25,""14"":25,""15"":27,""16"":30,""17"":40,""18"":51,""19"":65,""2"":8,""20"":79,""21"":80,""22"":69,""23"":50,""3"":6,""4"":4,""5"":4,""6"":6,""7"":11,""8"":15,""9"":19}}",958,4.2,"{""1"":68,""2"":25,""3"":112,""4"":217,""5"":536}",-3.312228,114.617236,3622925120065355842,0x2de423f00cbfd7db:0x324737339d55c042,ChIJ29e_DPAj5C0RQsBVnTM3RzI,"[{""title"":""All"",""image"":""https://lh3.googleusercontent.com/gps-cs-s/AHRPTWn0NgekFdmyxg60RhagIcquuqGnMDk9sRlbaoivI0k2lpnKRdv0TtCXiuE31PqhEP7nKHitcW27ZCLBfmNl8A-3DgM0x8JOPVvnMjjtr_ul6KDNa8WULAVdQXMJBC6yTOwj6VYB=w645-h298-k-no""},{""title"":""Menu"",""image"":""https://lh3.googleusercontent.com/gps-cs-s/AHRPTWnA4HUa7OdOVM1i6-IyigmjZPefclbT31dFbg9iZigKio73Ku7DhhOJwaCWKL37W_NEyrpAJORwE48b-0bPsnO5Uek3_rzpIqcBkIQT6widh0akpPgzn7FzIvPZcLJ_QKeKw_5fsA=w397-h298-k-no""},{""title"":""Videos"",""image"":""https://lh3.googleusercontent.com/gps-cs-s/AHRPTWkVcjnB8L613BL-EmWjOSQtKrG9tAaNKaDH_SfNeMp0YHpHtwxjRBULa_9XQzsXIVNcZEy8BwjWNA0QXcbqKs2shMDkhHx8RKQS3Ovvzqk87T-5f6-dxTllmBlnv_VQpZBWUukj6w=w529-h298-k-no""},{""title"":""Food \u0026 drink"",""image"":""https://lh3.googleusercontent.com/gps-cs-s/AHRPTWncOG0LhCKsMJ5j1nW88jQqJQ2xQQ8AJF65EQxArYb4j1rPUgWvgFCxHOR5dnT_jaDOfsPNL-4yFClHRwAIZeznjmLo17Mmmio9mGZ9d_hAa-rlwM7Exs2AqnNkcNMngKHk1cML=w529-h298-k-no""},{""title"":""Vibe"",""image"":""https://lh3.googleusercontent.com/gps-cs-s/AHRPTWlkoa-eH62_jacEOPe2RLBouZVVcOJK2Vp3uJ6pPk7wYFLic9Wk1Nf8_VmISmKmmbFR_oFkWqx8-59jpzOzBo6G0X78oC7WqpCtcP93oLbcucCNoZ779rEkaaDxwhSwCWJIuHA=w224-h398-k-no""},{""title"":""Street View \u0026 360°"",""image"":""https://streetviewpixels-pa.googleapis.com/v1/thumbnail?panoid=koOCSYDtnfnglbAOHINb8w\u0026cb_client=maps_sv.tactile.gps\u0026w=224\u0026h=298\u0026yaw=161.11952\u0026pitch=0\u0026thumbfov=100""}]","{""link"":"""",""source"":""""}"
3043499d-f7a0-4139-b121-07920cff8870,https://www.google.com/maps/place/king+boba+a3/data=!4m7!3m6!1s0x2de681d0b01dfdc9:0xdb55abdeca8bab7c!8m2!3d-3.3214783!4d114.6098625!16s%2Fg%2F11l_hbmj3s!19sChIJyf0dsNCB5i0RfKuLyt6rVds?authuser=0&hl=en&g_ep=EgoyMDI2MDkwMi4wIJJjKgBIAVAD&rclk=1,king boba a3,Coffee shop,"Jl. Manggis, Kuripan, Banjarmasin Timur, Banjarmasin City, South Kalimantan 70235","{""Friday"":[""3.00 pm–12.00 am""],""Monday"":[""3.00 pm–12.00 am""],""Saturday"":[""3.00 pm–12.00 am""],""Sunday"":[""3.00 pm–12.00 am""],""Thursday"":[""3.00 pm–12.00 am""],""Tuesday"":[""3.00 pm–12.00 am""],""Wednesday"":[""3.00 pm–12.00 am""]}",{},0,0.0,"{""1"":0,""2"":0,""3"":0,""4"":0,""5"":0}",-3.321478,114.609862,15804727440695864188,0x2de681d0b01dfdc9:0xdb55abdeca8bab7c,ChIJyf0dsNCB5i0RfKuLyt6rVds,"[{""title"":""All"",""image"":""https://lh3.googleusercontent.com/gps-cs-s/AHRPTWkdeWRAiO9mRVhKw8C0W01kj1Y2ToT2OGyAHfExEBUr6w51VhtA7-wU5Y04edvbhysEWtvix9C-X47z8IM3pm-yLP4uBS0XDrk6ieN7eBMOhnm4KH8vbTqpz_YyYeUJCbMKdife=w224-h298-k-no""},{""title"":""Food \u0026 drink"",""image"":""https://lh3.googleusercontent.com/gps-cs-s/AHRPTWkfoIiUmTsftGbPGUGhnlHCkYPffUvVIDzlLFv6_BlVLWguvdWiNSbAVeSunRhHNe22DEXljQi2a0dqfEzaNyPpiBOlU7gtOkPtpHgt7x7dibU5XJbzPEfElUcIDl4r3ignHvM=w224-h298-k-no""},{""title"":""Videos"",""image"":""https://lh3.googleusercontent.com/gps-cs-s/AHRPTWkfoIiUmTsftGbPGUGhnlHCkYPffUvVIDzlLFv6_BlVLWguvdWiNSbAVeSunRhHNe22DEXljQi2a0dqfEzaNyPpiBOlU7gtOkPtpHgt7x7dibU5XJbzPEfElUcIDl4r3ignHvM=w224-h298-k-no""},{""title"":""By owner"",""image"":""https://lh3.googleusercontent.com/gps-cs-s/AHRPTWn6tJI8NhtyIYYoKtCFkEDvs6cljwBXNzbxVD9cqmpc3KY-N8Gd-jmo0C7CzB7bspYYjnmopL5Wg6d6ymebPX70GyeroTxIkMrwEQvU8nY6d-ikPue_8TZtN43RLEA7x8Xz77Gp=w224-h484-k-no""},{""title"":""Street View \u0026 360°"",""image"":""https://streetviewpixels-pa.googleapis.com/v1/thumbnail?panoid=6YNa3nGKil4sDaEqLm9_mg\u0026cb_client=maps_sv.tactile.gps\u0026w=224\u0026h=298\u0026yaw=278.32938\u0026pitch=0\u0026thumbfov=100""}]","{""link"":"""",""source"":""""}"
3043499d-f7a0-4139-b121-07920cff8870,https://www.google.com/maps/place/Roemah+Kajoe/data=!4m7!3m6!1s0x2de423004c6c1427:0xae768f6c73dfc033!8m2!3d-3.3283207!4d114.6115446!16s%2Fg%2F11vyt1hhx9!19sChIJJxRsTAAj5C0RM8Dfc2yPdq4?authuser=0&hl=en&g_ep=EgoyMDI2MDkwMi4wIJJjKgBIAVAD&rclk=1,Roemah Kajoe,Coffee shop,"Jl. Sabadra No.10, RW.53, Kebun Bunga, Banjarmasin Timur, Banjarmasin City, South Kalimantan 70237","{""Friday"":[""8.00 am–1.30 pm"",""5.00–9.00 pm""],""Monday"":[""8.00 am–1.30 pm"",""5.00–9.00 pm""],""Saturday"":[""8.00 am–1.30 pm"",""5.00–9.00 pm""],""Sunday"":[""Closed""],""Thursday"":[""8.00 am–1.30 pm"",""5.00–9.00 pm""],""Tuesday"":[""8.00 am–1.30 pm"",""5.00–9.00 pm""],""Wednesday"":[""8.00 am–1.30 pm"",""5.00–9.00 pm""]}","{""Friday"":{""10"":70,""11"":76,""12"":70,""13"":47,""14"":0,""15"":0,""16"":0,""17"":47,""18"":55,""19"":67,""20"":73,""21"":0,""22"":0,""23"":0,""6"":0,""7"":0,""8"":41,""9"":55},""Monday"":{""10"":52,""11"":76,""12"":100,""13"":97,""14"":0,""15"":0,""16"":0,""17"":76,""18"":79,""19"":82,""20"":73,""21"":0,""22"":0,""23"":0,""6"":0,""7"":0,""8"":44,""9"":47},""Saturday"":{""10"":44,""11"":55,""12"":64,""13"":67,""14"":0,""15"":0,""16"":0,""17"":76,""18"":88,""19"":91,""20"":85,""21"":0,""22"":0,""23"":0,""6"":0,""7"":0,""8"":44,""9"":41},""Sunday"":{},""Thursday"":{""10"":52,""11"":55,""12"":58,""13"":70,""14"":0,""15"":0,""16"":0,""17"":32,""18"":41,""19"":35,""20"":52,""21"":0,""22"":0,""23"":0,""6"":0,""7"":0,""8"":47,""9"":50},""Tuesday"":{""10"":76,""11"":82,""12"":79,""13"":76,""14"":0,""15"":0,""16"":0,""17"":50,""18"":55,""19"":52,""20"":38,""21"":0,""22"":0,""23"":0,""6"":0,""7"":0,""8"":44,""9"":55},""Wednesday"":{""10"":58,""11"":50,""12"":52,""13"":47,""14"":0,""15"":0,""16"":0,""17"":55,""18"":67,""19"":64,""20"":70,""21"":0,""22"":0,""23"":0,""6"":0,""7"":0,""8"":38,""9"":38}}",17,4.8,"{""1"":0,""2"":0,""3"":0,""4"":3,""5"":14}",-3.328321,114.611545,12571393105814601779,0x2de423004c6c1427:0xae768f6c73dfc033,ChIJJxRsTAAj5C0RM8Dfc2yPdq4,"[{""title"":""All"",""image"":""https://lh3.googleusercontent.com/gps-cs-s/AHRPTWlvJoT8Txiv76xa9SC020oO-FErYCFgHngKgkDm5J5YFS9fG-gDB2WeOr_8EnS6p0Op3H_m23j7Ykg_OxdFWedZ4LOx8uw-xcj-GH2EApIStQ0M_zPRGPJNS630_sALHbFPfsXMSxEpkJG6=w224-h300-k-no""},{""title"":""Latest"",""image"":""https://lh3.googleusercontent.com/gps-cs-s/AHRPTWnECxzJdqr5XQsQwGWhPGq5-NyjfIMdqG55MVdf_xAkI4E5j0JtX3sC6XPBSAKiYzdzs00woByzgmeQ4nmskpiMQiCec6T2d_maKk7p9SC8dt1VgbBdMUsujnhL2dWLsWJjGBaVrmfYHmQ=w224-h298-k-no""},{""title"":""Videos"",""image"":""https://lh3.googleusercontent.com/gps-cs-s/AHRPTWn9jSsb1yoPDqLhfWohuhmS96zO9kTE3A5ZPmxvoo1TVkKo2EF8D8gd7EXNynyo6U7T3Njh2LUJBAjzddmMSRK_OafKLfK1Yboum5rxX3fJ2IYmjoerkIVEnm-_R7h_HNLUGkpQ=w224-h481-k-no""},{""title"":""Menu"",""image"":""https://lh3.googleusercontent.com/gps-cs-s/AHRPTWkGLJXExjIu3jrq7UjzPtCbkGFvFHPd-osnFnTWERxXNHRNE5cpRmbNgI7OwpXBhycEGgwmwIejrZRdfrJA3Vp4a7AzqUYFmrkRqvhj-ufvXCJWCeA0y9mAnyMyVaLlOkzlKkvu=w224-h298-k-no""},{""title"":""Food \u0026 drink"",""image"":""https://lh3.googleusercontent.com/gps-cs-s/AHRPTWk02qq6RdfaWdO47gcZzqMQDIJS4Oqi0PoyKOajVBw0fofczerb11TlXhl_8e97p8z-oq9f4NjvJP0gyJ0nrcQZYloFhJBcO_fXstdubJkrg4ooIQD4fFepOMkU3W6udYfrNJIx=w224-h298-k-no""},{""title"":""Vibe"",""image"":""https://lh3.googleusercontent.com/gps-cs-s/AHRPTWkZ00nQ0Trb9gfmbRIyY8o7fls2S7dsZNMpyq38-BSj-pl1k9S7VjUShBFHL4itGMJ0FL_Dy5NWTebZidXj7bifap8owTB2BcOVCpjGi9rHXapPqLFStK9JgsNjFALUP8ekJWHLy-3XHGrC=w224-h398-k-no""},{""title"":""Mie ayam"",""image"":""https://lh3.googleusercontent.com/gps-cs-s/AHRPTWm1C9si7w74sgkWXFUmRw2lYo29e6QsuYgfbe2Px-ygjJF7lcb6dNRn4gZqjBBASNsowyP5vFRmiH2wxwRDtmlq1ZWPGDwtsf1Kl4JKY4boK8mR0NbCzs6aneS2zSB5GZzebiq-hw=w397-h298-k-no""},{""title"":""Coffee"",""image"":""https://lh3.googleusercontent.com/gps-cs-s/AHRPTWmekFa7SGzKysyMHFMT6JLfpI5EkKqrDyNIScSa-JT64SR61vxu0pU5UcAbcLaafmEgWQl_L089qn9Tbu3G3gXGZesIXXbJumMvnMp4BppuXGAc1Yvpt4A6JSQ6irYFL7IAPeU=w224-h298-k-no""},{""title"":""Street View \u0026 360°"",""image"":""https://streetviewpixels-pa.googleapis.com/v1/thumbnail?panoid=FGs8aEbZs9WIl7mHO3WTEw\u0026cb_client=maps_sv.tactile.gps\u0026w=224\u0026h=298\u0026yaw=230.12036\u0026pitch=0\u0026thumbfov=100""}]","{""link"":"""",""source"":""""}"
3043499d-f7a0-4139-b121-07920cff8870,https://www.google.com/maps/place/G+Five+Cafe+%26+Lounge/data=!4m7!3m6!1s0x2de42335b8bb12ad:0xe361248132bd667b!8m2!3d-3.3204925!4d114.6080783!16s%2Fg%2F11s4xck5n4!19sChIJrRK7uDUj5C0Re2a9MoEkYeM?authuser=0&hl=en&g_ep=EgoyMDI2MDkwMi4wIJJjKgBIAVAD&rclk=1,G Five Cafe & Lounge,Coffee shop,"Jl. Veteran Sungai Bilu No.29, Kuripan, Kec. Banjarmasin Tim., Kota Banjarmasin, Kalimantan Selatan 70236",{},{},36,4.2,"{""1"":5,""2"":1,""3"":2,""4"":1,""5"":27}",-3.320492,114.608078,16384417056671229563,0x2de42335b8bb12ad:0xe361248132bd667b,ChIJrRK7uDUj5C0Re2a9MoEkYeM,"[{""title"":""All"",""image"":""https://lh3.googleusercontent.com/gps-cs-s/AHRPTWlNRlZrUmydM6b6FxOXy2RG01UI-0dqjQ0bf6pV9XHJ4XNBWqSMxGfhiX1JUFwCYpX6UNvakDEG-BtMxb4HmUeDQo_5cc0Vq02IuGakJPqcpy6b4DcpwqZ1rpjS30plxuRDtST0lQ=w224-h398-k-no""},{""title"":""Latest"",""image"":""https://lh3.googleusercontent.com/gps-cs-s/AHRPTWl1n1cinmrZYSRqeoUYOI_0Rm0dsIFFd_q30HfEJw_WsXX73ieuaxKHKTHUUpgZYhykL6aTCdwSXyFtgnw9s65XJaZ7arw9XfD7EthzRCnC_0ioPpnwGTD6QLhXzVfyPM2e8PjQuO7fEiU=w224-h298-k-no""},{""title"":""Videos"",""image"":""https://lh3.googleusercontent.com/gps-cs-s/AHRPTWmm4UcYsk0D1bC6N09EevA97BeG43JRT0inJyRXoT5i2_z0Z1f02xwNK85K0pEiJ6RFp0BfjzzCBTmgtL1sLwlv_wqFnUe-eeFy2ikcqkMyXyXu5La0KWnPRccNeNuwaexmRdtQgg=w224-h395-k-no""},{""title"":""Menu"",""image"":""https://lh3.googleusercontent.com/gps-cs-s/AHRPTWny8Z-F4INuKZaMmOQyFax9JRkxH2Db6uxUSCSdUitjXVdM02vawcL76ukv0Xzo9rR8FlmHngPpITWsC2tJdmgYDqbRws0mfYKujbG8VgAtAQhOny8RdlQ3LsUnhPeVaKGTKu3fueF96jou=w224-h398-k-no""},{""title"":""Food \u0026 drink"",""image"":""https://lh3.googleusercontent.com/gps-cs-s/AHRPTWmac6TFQTkjWim9KaiM3kc1rcY1FZw2aojPFO6UZIZCR2FDc6e6ucCvrTdrSVAmUDKmX62Scu1Rfdb4oSBD9sp-sSIXM9hvkSOEDuwkiio8IYVAp0uR2vL0UhzCnPSHOHaEYC_1=w224-h397-k-no""},{""title"":""Vibe"",""image"":""https://lh3.googleusercontent.com/gps-cs-s/AHRPTWlqLApNgbG6NTfthco4Alr-wSIdlx2Dn1rkhFK12LD0KBX7uFiA0ccHCethR0GI6RUlbU4m5nYqXptOODmVutRQBo8OBzpQl1e8wsS4-fwYCbc_8joCwvOGBUbqtd0mMBLZv-FD=w224-h398-k-no""},{""title"":""Street View \u0026 360°"",""image"":""https://streetviewpixels-pa.googleapis.com/v1/thumbnail?panoid=v7R7EikU0XFdxHq9oTbFPA\u0026cb_client=maps_sv.tactile.gps\u0026w=224\u0026h=298\u0026yaw=160.28537\u0026pitch=0\u0026thumbfov=100""}]","{""link"":"""",""source"":""""}"
3043499d-f7a0-4139-b121-07920cff8870,https://www.google.com/maps/place/Kopi+Berbisik/data=!4m7!3m6!1s0x2de423145baf0143:0x9a4807406fff61d6!8m2!3d-3.3201315!4d114.6061593!16s%2Fg%2F11hdf8sg9z!19sChIJQwGvWxQj5C0R1mH_b0AHSJo?authuser=0&hl=en&g_ep=EgoyMDI2MDkwMi4wIJJjKgBIAVAD&rclk=1,Kopi Berbisik,Coffee shop,"MJH4+WFV Kopi Berbisik, Sungai Bilu, Banjarmasin Timur, Banjarmasin City, South Kalimantan 70232","{""Friday"":[""8.00 am–11.00 pm""],""Monday"":[""8.00 am–11.00 pm""],""Saturday"":[""8.00 am–11.00 pm""],""Sunday"":[""Closed""],""Thursday"":[""8.00 am–11.00 pm""],""Tuesday"":[""8.00 am–11.00 pm""],""Wednesday"":[""8.00 am–11.00 pm""]}","{""Friday"":{""10"":44,""11"":47,""12"":46,""13"":50,""14"":49,""15"":46,""16"":41,""17"":35,""18"":35,""19"":43,""20"":63,""21"":89,""22"":100,""23"":0,""6"":0,""7"":0,""8"":24,""9"":34},""Monday"":{""10"":29,""11"":43,""12"":56,""13"":67,""14"":63,""15"":55,""16"":46,""17"":39,""18"":37,""19"":35,""20"":48,""21"":57,""22"":67,""23"":0,""6"":0,""7"":0,""8"":17,""9"":24},""Saturday"":{""10"":28,""11"":40,""12"":46,""13"":50,""14"":50,""15"":48,""16"":47,""17"":42,""18"":43,""19"":43,""20"":61,""21"":82,""22"":97,""23"":0,""6"":0,""7"":0,""8"":14,""9"":20},""Sunday"":{},""Thursday"":{""10"":24,""11"":35,""12"":50,""13"":58,""14"":53,""15"":46,""16"":38,""17"":34,""18"":32,""19"":41,""20"":56,""21"":66,""22"":65,""23"":0,""6"":0,""7"":0,""8"":10,""9"":17},""Tuesday"":{""10"":30,""11"":41,""12"":57,""13"":61,""14"":64,""15"":53,""16"":46,""17"":39,""18"":32,""19"":32,""20"":40,""21"":53,""22"":59,""23"":0,""6"":0,""7"":0,""8"":14,""9"":18},""Wednesday"":{""10"":35,""11"":46,""12"":57,""13"":60,""14"":64,""15"":61,""16"":53,""17"":41,""18"":31,""19"":33,""20"":47,""21"":60,""22"":64,""23"":0,""6"":0,""7"":0,""8"":15,""9"":21}}",123,4.5,"{""1"":2,""2"":1,""3"":9,""4"":28,""5"":83}",-3.320132,114.606159,11117143653502378454,0x2de423145baf0143:0x9a4807406fff61d6,ChIJQwGvWxQj5C0R1mH_b0AHSJo,"[{""title"":""All"",""image"":""https://lh3.googleusercontent.com/gps-cs-s/AHRPTWmuc81R7lLyPIzZnQYiegDJ-9r-tBJSpuy5xYaT8wOwexzl5fU7sSRckQzhauOjlfOhvg4APoZfIA5JTrl18l8uajycs9ivPJzBlpyq-JsirfTxlWme9dhMxHyLrPGHV8wtJxqfHg=w529-h298-k-no""},{""title"":""Menu"",""image"":""https://lh3.googleusercontent.com/gps-cs-s/AHRPTWmUiGVNXUm-jju8301yGvWFlmfqGFeXIL1qqlwOcpzNLsGa3qzHBYH51zAVyePGZSv-BZfFbkTujrZlDUrqL-63iIRuxNmNuG9JtH_-CqnKQkAkly7Jz5c6yueSQrXzhinBcBJyAQ=w224-h298-k-no""},{""title"":""Videos"",""image"":""https://lh3.googleusercontent.com/gps-cs-s/AHRPTWkt2CAMRk_bi9RKt9Aq56-UB-XTvehYSk_qM3mkddfUaUJzcv7h4I89F-TQI1C-uGzIjUnv05gUurZVmyO5NMSOf2uE_TM6BgEdp6yp6xWAVSqkx54Au9cO0s74t6xu6ZofQk4=w224-h398-k-no""},{""title"":""Food \u0026 drink"",""image"":""https://lh3.googleusercontent.com/gps-cs-s/AHRPTWmVV2eci2ebwTPhCaupVmNYfLZTnuGBIG7Pk4ANioLJXS6yLLEV86citta8yEng1h4_qU0yRNiuOOgJ8fQiB0oBwcaZojX9wiDHWrb7XUSqAiZ0IGIyKqPkaFOXGBPuyVmcX_xGmjFHqKN9=w224-h298-k-no""},{""title"":""Vibe"",""image"":""https://lh3.googleusercontent.com/gps-cs-s/AHRPTWlZlWxrIsq68nMLqxEachOUgrRgt5H4h4Wev1ceV5Zh2B2-pRmKF2flElpIeVeyCNxFrK-IxJRwzoFkJJrR-Vk8lwQV3ftDJ28kQ7EVtGtRXYBYC7ID70m1TRbQaQVMf04f_hGJ=w224-h298-k-no""},{""title"":""Coffee"",""image"":""https://lh3.googleusercontent.com/gps-cs-s/AHRPTWldR2XvrbD4nBMF2bjOQru07m3fo0Lw9sshJcKIa6jsjS2wYz0q8hh8B_5a8kuVtfeeJmhBzDUqYuycmBFNE-0Al8pm_Dtg-HJlStmzksBCkU2pL0l-kOukHvMk65X7p-IKah5a1Q=w224-h298-k-no""},{""title"":""Street View \u0026 360°"",""image"":""https://streetviewpixels-pa.googleapis.com/v1/thumbnail?panoid=aeHPKEl10565xTsqNnvEkA\u0026cb_client=maps_sv.tactile.gps\u0026w=224\u0026h=298\u0026yaw=20.5313\u0026pitch=0\u0026thumbfov=100""}]","{""link"":"""",""source"":""""}"
3043499d-f7a0-4139-b121-07920cff8870,https://www.google.com/maps/place/Duduk+Sini+Koffie/data=!4m7!3m6!1s0x2de4230044bef039:0x7db4a8de4c8d5d01!8m2!3d-3.3283615!4d114.6085764!16s%2Fg%2F11zd37msyr!19sChIJOfC-RAAj5C0RAV2NTN6otH0?authuser=0&hl=en&g_ep=EgoyMDI2MDkwMi4wIJJjKgBIAVAD&rclk=1,Duduk Sini Koffie,Coffee shop,"Jl. A. Yani No.Km.3.5, Karang Mekar, Kec. Banjarmasin Tim., Kota Banjarmasin, Kalimantan Selatan 70237","{""Friday"":[""4.00–11.00 pm""],""Monday"":[""4.00–11.00 pm""],""Saturday"":[""4.00 pm–12.00 am""],""Sunday"":[""4.00 pm–12.00 am""],""Thursday"":[""4.00–11.00 pm""],""Tuesday"":[""4.00–11.00 pm""],""Wednesday"":[""4.00–11.00 pm""]}",{},1,5.0,"{""1"":0,""2"":0,""3"":0,""4"":0,""5"":1}",-3.328361,114.608576,9058050423269448961,0x2de4230044bef039:0x7db4a8de4c8d5d01,ChIJOfC-RAAj5C0RAV2NTN6otH0,"[{""title"":""All"",""image"":""https://lh3.googleusercontent.com/gps-cs-s/AHRPTWl7xTnMIDcwpWfzNGtuBoA657pPOM0YxPj_8Nz1tVQH51eM8QJxfXxc9iSDtlCLXx1l8Lvq255tndkkA7Kr_Bodm5yRzYCkdD6KkLRKs-bpuVTVlpeAksnIQpo0tAVNrtZgJqyHKVKi2lOd=w224-h298-k-no""},{""title"":""Latest"",""image"":""https://lh3.googleusercontent.com/gps-cs-s/AHRPTWkhFy4C8THrB_gkoFrLuWdEF3WYgyQeWiGxq8XQffsAkzkQRWnfdIGfJYj17r4CWoxkw65ZRl_kmWM8YzhuTzdWcLSuggBure9xEriJLHy4pr2wwFFJmYyrtrfJbEDlTOsKBnllcBj6z58=w224-h398-k-no""},{""title"":""Videos"",""image"":""https://lh3.googleusercontent.com/gps-cs-s/AHRPTWmQIUTPOyu5V1qMv-3R44OJYuwFBSTkkHm0008q4LFytcWPxX9Wro68y0Sf34msWqNw_l0sxmkTuE8YH9y6a62bWpoai4XHRdJexFUTwKFtpVqpmA3aRaYPhGJZQF7CwiTleETP4o5XOr9R=w224-h398-k-no""},{""title"":""Food \u0026 drink"",""image"":""https://lh3.googleusercontent.com/gps-cs-s/AHRPTWn5Ygrm_aupi83sHpYs9UO-ByXDiss2XGJlM0u_Qk17tlMG628_dSNCqpuZdL527h5KCmCd7j_yJPh-v85iS_xuMASZvT-r3GwU-l21Geoelg1M_EU-HRacmxwPNTEeE1LFo3-ASt3xbfve=w224-h398-k-no""},{""title"":""Street View \u0026 360°"",""image"":""https://streetviewpixels-pa.googleapis.com/v1/thumbnail?panoid=9Y3El-18hxRovB6mhXcz7w\u0026cb_client=maps_sv.tactile.gps\u0026w=224\u0026h=298\u0026yaw=223.17839\u0026pitch=0\u0026thumbfov=100""}]","{""link"":"""",""source"":""""}"
3043499d-f7a0-4139-b121-07920cff8870,https://www.google.com/maps/place/Heima+Coffee/data=!4m7!3m6!1s0x2de42708af2dbb61:0xafd272d359808032!8m2!3d-3.3238801!4d114.6188838!16s%2Fg%2F11k589r_ds!19sChIJYbstrwgn5C0RMoCAWdNy0q8?authuser=0&hl=en&g_ep=EgoyMDI2MDkwMi4wIJJjKgBIAVAD&rclk=1,Heima Coffee,Coffee shop,"Jl. Melati Indah No.15, Pemurus Luar, Kec. Banjarmasin Tim., Kota Banjarmasin, Kalimantan Selatan 70236",{},{},21,5.0,"{""1"":0,""2"":0,""3"":0,""4"":0,""5"":21}",-3.32388,114.618884,12669314953811886130,0x2de42708af2dbb61:0xafd272d359808032,ChIJYbstrwgn5C0RMoCAWdNy0q8,"[{""title"":""All"",""image"":""https://lh3.googleusercontent.com/gps-cs-s/AHRPTWnOJlcExWzRKBTTm0tZjRoMIL91-M383eZPlb6DzwtKuPLkf1Z_x3_GgJxCXLdWbSXPdWnVmHYpj0t_70CbOKqEVMil2cvfcrzx4d9wB1PW_FNAoAncgsVTU73HVCuQqyfvDpXQ=w224-h298-k-no""},{""title"":""Food \u0026 drink"",""image"":""https://lh3.googleusercontent.com/gps-cs-s/AHRPTWnEwVnKHvaAGpZ4FJvjm4t6wDij7EwuhXe12RrFuR0h4qF1BbvE2Mutui1IUA6t2FaffDccPnluC5WZ7xEAIvJu4OkYLYSjuPgbz7Khcxv18C6z3_14trVIiI8AKbJj2wUJZNDt=w224-h298-k-no""},{""title"":""Videos"",""image"":""https://lh3.googleusercontent.com/gps-cs-s/AHRPTWkZAZKI1Hnuy_Z2OWsxZG70vX5Dinh28485lXhtUclg53tlFZ29sNKZdzzECkfw53sC48UmLm6pbzh523ZYneBG8A3jkIaeweXYZB11Whlo3QeWe26vVAeMS33a04HpTwKD3HZW=w224-h398-k-no""},{""title"":""Vibe"",""image"":""https://lh3.googleusercontent.com/gps-cs-s/AHRPTWnNj7oMCjj5Jd200WQ1k3-o8O3l-jVJXXW1Ay3Zb-iIUd9VJJmEITas4sX_3cVHHptHp_uPVEaz7yT0H0vowQptS1Ko5qTUvKunqV9772Mr0KaU7yc9DnR36QDgcbehnJupFjAGGA=w224-h398-k-no""},{""title"":""Street View \u0026 360°"",""image"":""https://streetviewpixels-pa.googleapis.com/v1/thumbnail?panoid=ve7JsdVl9T1gkS0tqjbeFg\u0026cb_client=maps_sv.tactile.gps\u0026w=224\u0026h=298\u0026yaw=226.54408\u0026pitch=0\u0026thumbfov=100""}]","{""link"":"""",""source"":""""}"
3043499d-f7a0-4139-b121-07920cff8870,https://www.google.com/maps/place/Teman+Coffee/data=!4m7!3m6!1s0x2de4239a3d348a97:0x6a86c3881f2be33c!8m2!3d-3.3275809!4d114.6058534!16s%2Fg%2F11z9hx8q7d!19sChIJl4o0PZoj5C0RPOMrH4jDhmo?authuser=0&hl=en&g_ep=EgoyMDI2MDkwMi4wIJJjKgBIAVAD&rclk=1,Teman Coffee,Coffee shop,"Jl. P. Antasari No.93, Karang Mekar, Kec. Banjarmasin Tim., Kota Banjarmasin, Kalimantan Selatan 70234",{},{},3,5.0,"{""1"":0,""2"":0,""3"":0,""4"":0,""5"":3}",-3.327581,114.605853,7676037604305527612,0x2de4239a3d348a97:0x6a86c3881f2be33c,ChIJl4o0PZoj5C0RPOMrH4jDhmo,"[{""title"":""All"",""image"":""https://lh3.googleusercontent.com/gps-cs-s/AHRPTWm1_Xw45ufU-VtpfgBW5gAMHbtyEu1eYy9KfypP_bASXiSs0q_WE0u_w31P8iELoUA6vn3lVe-3bLxfYUBvF0Va4-m9upPg1sWw4z2jUX4I_Hvrm1ecywPKVqYGUt-NH1kp_j0hAKnlDnA=w224-h398-k-no""},{""title"":""Food \u0026 drink"",""image"":""https://lh3.googleusercontent.com/gps-cs-s/AHRPTWnJ9jJF2pqXoTYj2yO9t2idxEWwA4bgjzz0oVcvtWSYfjwh6Rj5F_fTa5006PyidlF5a0GGo5flSEKl-75alqVX3pDWocydNVrh21TyIRAe96QudkINS3NX1jf4JI5_1Q7JHIUvCjukbgiK=w229-h298-k-no""},{""title"":""Videos"",""image"":""https://lh3.googleusercontent.com/gps-cs-s/AHRPTWm1_Xw45ufU-VtpfgBW5gAMHbtyEu1eYy9KfypP_bASXiSs0q_WE0u_w31P8iELoUA6vn3lVe-3bLxfYUBvF0Va4-m9upPg1sWw4z2jUX4I_Hvrm1ecywPKVqYGUt-NH1kp_j0hAKnlDnA=w224-h398-k-no""},{""title"":""Street View \u0026 360°"",""image"":""https://streetviewpixels-pa.googleapis.com/v1/thumbnail?panoid=zEDiYIml-jzpiWmXXTba0A\u0026cb_client=maps_sv.tactile.gps\u0026w=224\u0026h=298\u0026yaw=146.86082\u0026pitch=0\u0026thumbfov=100""}]","{""link"":"""",""source"":""""}"
3043499d-f7a0-4139-b121-07920cff8870,https://www.google.com/maps/place/D%27BUNCU+CAFE/data=!4m7!3m6!1s0x2de421c34a038823:0xc0ba4ca5dd8700fc!8m2!3d-3.3306614!4d114.6131624!16s%2Fg%2F11qr2q0nw2!19sChIJI4gDSsMh5C0R_ACH3aVMusA?authuser=0&hl=en&g_ep=EgoyMDI2MDkwMi4wIJJjKgBIAVAD&rclk=1,D'BUNCU CAFE,Coffee shop,"Jl. A. Yani KM.3,5 No.03, Kebun Bunga, Banjarmasin Timur, Banjarmasin City, South Kalimantan 70237",{},{},2,5.0,"{""1"":0,""2"":0,""3"":0,""4"":0,""5"":2}",-3.330661,114.613162,13887496676220272892,0x2de421c34a038823:0xc0ba4ca5dd8700fc,ChIJI4gDSsMh5C0R_ACH3aVMusA,"[{""title"":""All"",""image"":""https://lh3.googleusercontent.com/gps-cs-s/AHRPTWkm6kdxqt2rnk6Z8KkyfvfTUMS87MGFV1MRKZrrNsSgYTMtWLgd4WL1oqZa-UgG32FQM8TU7G3Q53sOYIwMhB2rSEqgFReYO0jUiPHxaeNfWhM983vpU5dp05PcwEs4SBSJAjo=w224-h298-k-no""},{""title"":""Food \u0026 drink"",""image"":""https://lh3.googleusercontent.com/gps-cs-s/AHRPTWkm6kdxqt2rnk6Z8KkyfvfTUMS87MGFV1MRKZrrNsSgYTMtWLgd4WL1oqZa-UgG32FQM8TU7G3Q53sOYIwMhB2rSEqgFReYO0jUiPHxaeNfWhM983vpU5dp05PcwEs4SBSJAjo=w224-h298-k-no""},{""title"":""Street View \u0026 360°"",""image"":""https://streetviewpixels-pa.googleapis.com/v1/thumbnail?panoid=3CHKzZoD2OmNBuTGkNypDw\u0026cb_client=maps_sv.tactile.gps\u0026w=224\u0026h=298\u0026yaw=281.94754\u0026pitch=0\u0026thumbfov=100""}]","{""link"":"""",""source"":""""}"
3043499d-f7a0-4139-b121-07920cff8870,https://www.google.com/maps/place/Aneka+Jus+Icha/data=!4m7!3m6!1s0x5444419f85fff63:0x85d58ba7229120e2!8m2!3d-3.3237001!4d114.6081044!16s%2Fg%2F11b75ghcbz!19sChIJY_9f-BlERAUR4iCRIqeL1YU?authuser=0&hl=en&g_ep=EgoyMDI2MDkwMi4wIJJjKgBIAVAD&rclk=1,Aneka Jus Icha,Juice shop,"MJG5+G69 Aneka Jus Icha, Gg. 4 Jl. Cemp. Putih, Kebun Bunga, Kec. Banjarmasin Tim., Kota Banjarmasin, Kalimantan Selatan 70122","{""Friday"":[""11.00 am–9.00 pm""],""Monday"":[""11.00 am–9.00 pm""],""Saturday"":[""Closed""],""Sunday"":[""Closed""],""Thursday"":[""11.00 am–9.00 pm""],""Tuesday"":[""11.00 am–9.00 pm""],""Wednesday"":[""11.00 am–9.00 pm""]}",{},16,4.3,"{""1"":0,""2"":2,""3"":1,""4"":4,""5"":9}",-3.3237,114.608104,9643767727039520994,0x5444419f85fff63:0x85d58ba7229120e2,ChIJY_9f-BlERAUR4iCRIqeL1YU,"[{""title"":""All"",""image"":""https://lh3.googleusercontent.com/gps-cs-s/AHRPTWlLzH9amIhYjPAqFRB1fRLqsxlFqjS2RLMkOU3RdbuXFS1Zyp8vQl2QTxyCuFahU7A-y02F7d10qbuRdNOVwAyhIr_Rx1cExr2DEl6ZRvb9wzK7uIjXT0uAmtlwpA197xaxM_4k1w=w529-h298-k-no""},{""title"":""Menu"",""image"":""https://lh3.googleusercontent.com/gps-cs-s/AHRPTWkDnTb782SdvnRcs6c8DfhNJHmhz2p76F0W-zZStgiezfcg2PWmSV1lWyAH0eyWbuPHQW3UdGZHzOP2BflGWmXe_RG1Bw5AGVLvtIufnkFmx1knMEH5Dl7wZ-WG4AxkTHRw75BJ=w527-h298-k-no""}]","{""link"":"""",""source"":""""}"
3043499d-f7a0-4139-b121-07920cff8870,https://www.google.com/maps/place/Dalgona+coffee+%26+eatery/data=!4m7!3m6!1s0x2de423204eb9c359:0x106de62b862dbc43!8m2!3d-3.3202886!4d114.598281!16s%2Fg%2F11l38zp0r0!19sChIJWcO5TiAj5C0RQ7wthivmbRA?authuser=0&hl=en&g_ep=EgoyMDI2MDkwMi4wIJJjKgBIAVAD&rclk=1,Dalgona coffee & eatery,Coffee shop,"MHHX+V8J Dalgona coffee & eatery, Jl. Veteran, Melayu, Kec. Banjarmasin Tengah, Kota Banjarmasin, Kalimantan Selatan 70122",{},{},1,4.0,"{""1"":0,""2"":0,""3"":0,""4"":1,""5"":0}",-3.320289,114.598281,1183855351677434947,0x2de423204eb9c359:0x106de62b862dbc43,ChIJWcO5TiAj5C0RQ7wthivmbRA,"[{""title"":""All"",""image"":""https://lh3.googleusercontent.com/gps-cs-s/AHRPTWmAK14gIkGz3AHcQmcfs2bA1Wdywpuo_jeJjEWoMGCAxfDlt6dzsuF7i4VSe9Q0Xj0a-wP_GB0XqjGDwJ4M9JzM-zmHffus9OxkWvzROC0vcpqH3vUXFBAsd2CamVrOOkV8IX4Jkw=w224-h398-k-no""},{""title"":""Food \u0026 drink"",""image"":""https://lh3.googleusercontent.com/gps-cs-s/AHRPTWmKQ2ULtvh3ySzzSsBjO8K7XpLjL3NG9TthnbanP65usx4Hohgu-dXOE-JU4F_jo0jVtE_PhGNIwqiMzMpGzhBNIbhNCC6PA9_0y1XbAOueaabLnjFOoaQ6IZL3MyxiIn1PvpjQIQ=w529-h298-k-no""},{""title"":""Videos"",""image"":""https://lh3.googleusercontent.com/gps-cs-s/AHRPTWmAK14gIkGz3AHcQmcfs2bA1Wdywpuo_jeJjEWoMGCAxfDlt6dzsuF7i4VSe9Q0Xj0a-wP_GB0XqjGDwJ4M9JzM-zmHffus9OxkWvzROC0vcpqH3vUXFBAsd2CamVrOOkV8IX4Jkw=w224-h398-k-no""},{""title"":""Street View \u0026 360°"",""image"":""https://streetviewpixels-pa.googleapis.com/v1/thumbnail?panoid=VqV-r0praLGYkLBo9euWUQ\u0026cb_client=maps_sv.tactile.gps\u0026w=224\u0026h=298\u0026yaw=333.59686\u0026pitch=0\u0026thumbfov=100""}]","{""link"":"""",""source"":""""}"
3043499d-f7a0-4139-b121-07920cff8870,https://www.google.com/maps/place/Kopi+Kah+X+Warmindo/data=!4m7!3m6!1s0x2de4230035face7b:0x183114c64a5ea482!8m2!3d-3.3200576!4d114.6049924!16s%2Fg%2F11ydcccb99!19sChIJe876NQAj5C0RgqReSsYUMRg?authuser=0&hl=en&g_ep=EgoyMDI2MDkwMi4wIJJjKgBIAVAD&rclk=1,Kopi Kah X Warmindo,Coffee shop,"Jl. Kuripan No.20, Sungai Bilu, Kec. Banjarmasin Tim., Kota Banjarmasin, Kalimantan Selatan 70122","{""Friday"":[""7.00 pm–3.00 am""],""Monday"":[""7.00 pm–3.00 am""],""Saturday"":[""7.00 pm–3.00 am""],""Sunday"":[""7.00 pm–3.00 am""],""Thursday"":[""7.00 pm–3.00 am""],""Tuesday"":[""7.00 pm–3.00 am""],""Wednesday"":[""7.00 pm–3.00 am""]}",{},3,5.0,"{""1"":0,""2"":0,""3"":0,""4"":0,""5"":3}",-3.320058,114.604992,1743197372652889218,0x2de4230035face7b:0x183114c64a5ea482,ChIJe876NQAj5C0RgqReSsYUMRg,"[{""title"":""All"",""image"":""https://streetviewpixels-pa.googleapis.com/v1/thumbnail?panoid=Fg6TpMedTwaFx3t7UwZIzg\u0026cb_client=maps_sv.tactile.gps\u0026w=224\u0026h=298\u0026yaw=12.234315\u0026pitch=0\u0026thumbfov=100""},{""title"":""Street View \u0026 360°"",""image"":""https://streetviewpixels-pa.googleapis.com/v1/thumbnail?panoid=Fg6TpMedTwaFx3t7UwZIzg\u0026cb_client=maps_sv.tactile.gps\u0026w=224\u0026h=298\u0026yaw=12.234315\u0026pitch=0\u0026thumbfov=100""}]","{""link"":"""",""source"":""""}"
3043499d-f7a0-4139-b121-07920cff8870,https://www.google.com/maps/place/Kopi+Centong/data=!4m7!3m6!1s0x2de42317d31a0153:0x802151f40f297466!8m2!3d-3.3194708!4d114.6044245!16s%2Fg%2F11r8f7wkr8!19sChIJUwEa0xcj5C0RZnQpD_RRIYA?authuser=0&hl=en&g_ep=EgoyMDI2MDkwMi4wIJJjKgBIAVAD&rclk=1,Kopi Centong,Coffee shop,"samping toko buku taat, Jl. Simpang Sungai Bilu No.4, Melayu, Banjarmasin Tengah, Banjarmasin City, South Kalimantan 70122","{""Friday"":[""9.00 am–11.30 pm""],""Monday"":[""9.00 am–11.00 pm""],""Saturday"":[""9.00 am–11.30 pm""],""Sunday"":[""9.00 am–11.30 pm""],""Thursday"":[""9.00 am–11.30 pm""],""Tuesday"":[""9.00 am–11.30 pm""],""Wednesday"":[""9.00 am–11.30 pm""]}","{""Friday"":{""10"":27,""11"":22,""12"":33,""13"":22,""14"":22,""15"":22,""16"":27,""17"":27,""18"":38,""19"":38,""20"":55,""21"":38,""22"":44,""23"":33,""6"":0,""7"":0,""8"":0,""9"":16},""Monday"":{""10"":83,""11"":72,""12"":77,""13"":72,""14"":55,""15"":44,""16"":33,""17"":50,""18"":50,""19"":38,""20"":38,""21"":38,""22"":61,""23"":0,""6"":0,""7"":0,""8"":0,""9"":83},""Saturday"":{""10"":38,""11"":33,""12"":27,""13"":16,""14"":16,""15"":11,""16"":16,""17"":38,""18"":55,""19"":55,""20"":44,""21"":33,""22"":38,""23"":33,""6"":0,""7"":0,""8"":0,""9"":55},""Sunday"":{""10"":55,""11"":44,""12"":55,""13"":38,""14"":44,""15"":27,""16"":16,""17"":11,""18"":22,""19"":33,""20"":27,""21"":27,""22"":27,""23"":38,""6"":0,""7"":0,""8"":0,""9"":38},""Thursday"":{""10"":33,""11"":27,""12"":22,""13"":33,""14"":27,""15"":44,""16"":55,""17"":55,""18"":44,""19"":27,""20"":33,""21"":44,""22"":50,""23"":44,""6"":0,""7"":0,""8"":0,""9"":38},""Tuesday"":{""10"":22,""11"":44,""12"":61,""13"":100,""14"":72,""15"":66,""16"":44,""17"":50,""18"":33,""19"":33,""20"":44,""21"":61,""22"":83,""23"":72,""6"":0,""7"":0,""8"":0,""9"":33},""Wednesday"":{""10"":33,""11"":50,""12"":61,""13"":83,""14"":55,""15"":38,""16"":22,""17"":27,""18"":33,""19"":50,""20"":61,""21"":50,""22"":27,""23"":22,""6"":0,""7"":0,""8"":0,""9"":33}}",1,5.0,"{""1"":0,""2"":0,""3"":0,""4"":0,""5"":1}",-3.319471,114.604424,9232750819754472550,0x2de42317d31a0153:0x802151f40f297466,ChIJUwEa0xcj5C0RZnQpD_RRIYA,"[{""title"":""All"",""image"":""https://lh3.googleusercontent.com/gps-cs-s/AHRPTWn7GKhLU2kjDAK3NFEfogJkSltqcWPZdmBOYcBQFq1qGmp8cB3rTEzFVWintmtt_D5oJPW-lo-ZlQjWsk_m2wld790FiGNBFPl_gLrsKhE6GVrsU0d3_kQ1VDLmn8-mz1FjxZcy_Q=w224-h479-k-no""},{""title"":""Street View \u0026 360°"",""image"":""https://streetviewpixels-pa.googleapis.com/v1/thumbnail?panoid=xP17-hEpmMHfQYE4DpT12Q\u0026cb_client=maps_sv.tactile.gps\u0026w=224\u0026h=298\u0026yaw=270.47153\u0026pitch=0\u0026thumbfov=100""}]","{""link"":"""",""source"":""""}"
3043499d-f7a0-4139-b121-07920cff8870,https://www.google.com/maps/place/De%27+Paola+coffee/data=!4m7!3m6!1s0x2de4237a52b88b93:0x30b8adbc6179b664!8m2!3d-3.3229476!4d114.5934709!16s%2Fg%2F11szfw0zj_!19sChIJk4u4Unoj5C0RZLZ5YbytuDA?authuser=0&hl=en&g_ep=EgoyMDI2MDkwMi4wIJJjKgBIAVAD&rclk=1,De' Paola coffee,Coffee shop,"Jl. Simpang Hasanuddin No.40, Kertak Baru Ulu, Banjarmasin Tengah, Banjarmasin City, South Kalimantan 70231","{""Friday"":[""10.00 am–11.00 pm""],""Monday"":[""10.00 am–11.00 pm""],""Saturday"":[""10.00 am–11.00 pm""],""Sunday"":[""10.00 am–11.00 pm""],""Thursday"":[""10.00 am–11.00 pm""],""Tuesday"":[""10.00 am–11.00 pm""],""Wednesday"":[""10.00 am–11.00 pm""]}","{""Friday"":{""10"":38,""11"":69,""12"":61,""13"":61,""14"":61,""15"":46,""16"":46,""17"":38,""18"":46,""19"":69,""20"":53,""21"":46,""22"":53,""23"":0,""6"":0,""7"":0,""8"":0,""9"":0},""Monday"":{""10"":53,""11"":61,""12"":61,""13"":46,""14"":53,""15"":61,""16"":61,""17"":61,""18"":53,""19"":53,""20"":53,""21"":53,""22"":46,""23"":0,""6"":0,""7"":0,""8"":0,""9"":0},""Saturday"":{""10"":76,""11"":69,""12"":53,""13"":46,""14"":38,""15"":46,""16"":69,""17"":69,""18"":92,""19"":61,""20"":61,""21"":53,""22"":53,""23"":0,""6"":0,""7"":0,""8"":0,""9"":0},""Sunday"":{""10"":46,""11"":61,""12"":53,""13"":38,""14"":30,""15"":23,""16"":30,""17"":38,""18"":61,""19"":53,""20"":46,""21"":53,""22"":61,""23"":0,""6"":0,""7"":0,""8"":0,""9"":0},""Thursday"":{""10"":61,""11"":61,""12"":69,""13"":46,""14"":38,""15"":30,""16"":38,""17"":53,""18"":30,""19"":30,""20"":23,""21"":38,""22"":30,""23"":0,""6"":0,""7"":0,""8"":0,""9"":0},""Tuesday"":{""10"":30,""11"":23,""12"":30,""13"":30,""14"":53,""15"":69,""16"":92,""17"":84,""18"":76,""19"":46,""20"":46,""21"":46,""22"":61,""23"":0,""6"":0,""7"":0,""8"":0,""9"":0},""Wednesday"":{""10"":38,""11"":30,""12"":30,""13"":30,""14"":53,""15"":76,""16"":100,""17"":92,""18"":61,""19"":38,""20"":30,""21"":38,""22"":61,""23"":0,""6"":0,""7"":0,""8"":0,""9"":0}}",8,4.5,"{""1"":0,""2"":0,""3"":1,""4"":2,""5"":5}",-3.322948,114.593471,3510746934136125028,0x2de4237a52b88b93:0x30b8adbc6179b664,ChIJk4u4Unoj5C0RZLZ5YbytuDA,"[{""title"":""All"",""image"":""https://lh3.googleusercontent.com/gps-cs-s/AHRPTWnQua8potbuyhFYRXemEQI8tbLzgKI9IbHvr-WJaHCV3_Fwdi2I0ItRyxnKiO1ujDYCvUsuWAnf2iSTkyAtMiJFthW3SxcIboUjpGtCBNpUc0eMl-8DxzGRLDWeHpDavoT9rYAa=w224-h298-k-no""},{""title"":""Menu"",""image"":""https://lh3.googleusercontent.com/gps-cs-s/AHRPTWnEoR6Yrjil2NJMXC7asGjnwx944JpdPXLyHMq5DnEyAfyl1OGuncXYBOa0n9umlFORAe4pfYoB9zq5fQ9cUWNzd2ev5MfVoR_02npn0TYy1u7Nv_SPmyCNjarKuZ95fD_-c72v=w224-h316-k-no""},{""title"":""Food \u0026 drink"",""image"":""https://lh3.googleusercontent.com/gps-cs-s/AHRPTWntZDNcQkCL8-BMXfWr0IhIFulhOIaOGmexGEzIAFYBCYQ4eKLozxi4W-m8A0gcs5UJ9V9NTDdQ8iUWlZw3FflKsDt9T3TWXV6XcoTcw9GporUGif4SN-G79QVfrLUYFB0dLZej=w224-h298-k-no""},{""title"":""Vibe"",""image"":""https://lh3.googleusercontent.com/gps-cs-s/AHRPTWnipEm5jKPdmrgwm1gdtG_4TLosLUdsykcVh7WOM5LdsPI7b8olVIOOO24XqRRvrZSzjNeyJDwz6Xq0_-IMRBkCAK5_rtul9t50hVO7WOB3wT55u9MlkewHOgZdgOLnJCUjGBiT6Q=w224-h298-k-no""},{""title"":""By owner"",""image"":""https://lh3.googleusercontent.com/gps-cs-s/AHRPTWnEoR6Yrjil2NJMXC7asGjnwx944JpdPXLyHMq5DnEyAfyl1OGuncXYBOa0n9umlFORAe4pfYoB9zq5fQ9cUWNzd2ev5MfVoR_02npn0TYy1u7Nv_SPmyCNjarKuZ95fD_-c72v=w224-h316-k-no""},{""title"":""Street View \u0026 360°"",""image"":""https://streetviewpixels-pa.googleapis.com/v1/thumbnail?panoid=THZRvYFVM013lw_uykU7sw\u0026cb_client=maps_sv.tactile.gps\u0026w=224\u0026h=298\u0026yaw=274.5895\u0026pitch=0\u0026thumbfov=100""}]","{""link"":"""",""source"":""""}"
3043499d-f7a0-4139-b121-07920cff8870,https://www.google.com/maps/place/Kala+Cafe+BDJ+-+01+%28Gatot+Subroto%29/data=!4m7!3m6!1s0x2de4237129f82c4f:0xa4858ca85304a0c1!8m2!3d-3.3252224!4d114.6177819!16s%2Fg%2F11hyt5v11m!19sChIJTyz4KXEj5C0RwaAEU6iMhaQ?authuser=0&hl=en&g_ep=EgoyMDI2MDkwMi4wIJJjKgBIAVAD&rclk=1,Kala Cafe BDJ - 01 (Gatot Subroto),Cafe,"H, 70236, Jl. Gatot Subroto No.76D, Kebun Bunga, Banjarmasin Timur, Banjarmasin City, South Kalimantan 70237","{""Friday"":[""10.00 am–10.00 pm""],""Monday"":[""10.00 am–10.00 pm""],""Saturday"":[""10.00 am–10.00 pm""],""Sunday"":[""10.00 am–10.00 pm""],""Thursday"":[""10.00 am–10.00 pm""],""Tuesday"":[""10.00 am–10.00 pm""],""Wednesday"":[""10.00 am–10.00 pm""]}","{""Friday"":{""10"":28,""11"":33,""12"":40,""13"":53,""14"":66,""15"":80,""16"":84,""17"":87,""18"":87,""19"":93,""20"":100,""21"":96,""22"":0,""23"":0,""6"":0,""7"":0,""8"":0,""9"":0},""Monday"":{""10"":29,""11"":41,""12"":49,""13"":58,""14"":69,""15"":77,""16"":85,""17"":86,""18"":94,""19"":93,""20"":93,""21"":77,""22"":0,""23"":0,""6"":0,""7"":0,""8"":0,""9"":0},""Saturday"":{""10"":46,""11"":61,""12"":73,""13"":81,""14"":80,""15"":85,""16"":77,""17"":73,""18"":70,""19"":74,""20"":88,""21"":92,""22"":0,""23"":0,""6"":0,""7"":0,""8"":0,""9"":0},""Sunday"":{""10"":11,""11"":14,""12"":17,""13"":22,""14"":27,""15"":32,""16"":44,""17"":50,""18"":58,""19"":65,""20"":72,""21"":69,""22"":0,""23"":0,""6"":0,""7"":0,""8"":0,""9"":0},""Thursday"":{""10"":33,""11"":46,""12"":54,""13"":55,""14"":58,""15"":58,""16"":63,""17"":65,""18"":73,""19"":82,""20"":89,""21"":76,""22"":0,""23"":0,""6"":0,""7"":0,""8"":0,""9"":0},""Tuesday"":{""10"":29,""11"":41,""12"":53,""13"":66,""14"":69,""15"":72,""16"":71,""17"":75,""18"":85,""19"":93,""20"":95,""21"":79,""22"":0,""23"":0,""6"":0,""7"":0,""8"":0,""9"":0},""Wednesday"":{""10"":31,""11"":42,""12"":54,""13"":63,""14"":71,""15"":79,""16"":79,""17"":76,""18"":77,""19"":86,""20"":95,""21"":91,""22"":0,""23"":0,""6"":0,""7"":0,""8"":0,""9"":0}}",623,4.5,"{""1"":19,""2"":8,""3"":30,""4"":139,""5"":427}",-3.325222,114.617782,11855036248697905345,0x2de4237129f82c4f:0xa4858ca85304a0c1,ChIJTyz4KXEj5C0RwaAEU6iMhaQ,"[{""title"":""All"",""image"":""https://lh3.googleusercontent.com/gps-cs-s/AHRPTWnA-nAMNdCvy1ayPAXT9P8E7Jm-S0hYJpoSfI8XWoSdSVqzazRdwHHWENv00EWsg2alDxokCgjsOeu5-p-TvMYat51_9hG1gtphzXqy7X9U2J5xk9g4BSJ_6AU5vHBvHymbFgE40w=w224-h298-k-no""},{""title"":""Latest"",""image"":""https://lh3.googleusercontent.com/gps-cs-s/AHRPTWl3dVoEf-hh6MI1D4b0bwTig5TVhZJxA15-YUHmuuuIWmTbWe4lsWIXMnQ-U6lUyeaKC6LfArgVjvaNrTtvSmIazUV7CHjuixV785v6C5L3D170kbW7I6wZ-wwv6mvXmIn_rM8RXoPL68Mn=w224-h398-k-no""},{""title"":""Videos"",""image"":""https://lh3.googleusercontent.com/gps-cs-s/AHRPTWlbm_FLQsL_y-gHFUKK2sI61iqg8hWZPdnH-i7QeLpCXPOX9glY6uIaeEZLqP6Lr27t2pJV24hmq8DJVYb2OxtDmDmEj5jOA-Cbman3PwtAXojbocy7DXMc0HgBQigiiVvyv8PLrA=w224-h398-k-no""},{""title"":""Menu"",""image"":""https://lh3.googleusercontent.com/gps-cs-s/AHRPTWnwNOgNHDyFxkJhs2j5dv8A179zuOee-26kpWqqMpebfbHPe0EtecssN7mxlp8RsuO_4wOPmZS7LNWKjYYmsotUBo4yGntCprPikWopypR4fvXy9K6dZD86JeAOBQ78ljgtF-6xtQ=w529-h298-k-no""},{""title"":""Food \u0026 drink"",""image"":""https://lh3.googleusercontent.com/gps-cs-s/AHRPTWnXAFUTyJI7xgVShlWx_MiwvfJ8JrF_fuA9FKTM6Sk-9McUcE1bmQBxnOttMOAOyYiGpGk1PSDlBRnF_wwLePmPYrYgiYdCOa-bzbv4_NH1uizqqbVDIiKkplgxvej9Zcfopys2=w224-h336-k-no""},{""title"":""Vibe"",""image"":""https://lh3.googleusercontent.com/gps-cs-s/AHRPTWmvH7Lq50tREsTky_EXBOC3D1YK4CK2xhH4hBVbNRsUySwBKzyDgG_1nRURFwh8fWUD-5CAvGCkRfr0B8hdUGzLjJS7mQrCAJeGlqNfOx9OnWknWLQ-3l7H6NcGkw0CXas_B-1tNmyPHHYu=w224-h398-k-no""},{""title"":""Iced coffee"",""image"":""https://lh3.googleusercontent.com/gps-cs-s/AHRPTWlGQSS5b1LwLajBetOAXxc1R79O_-4du5MCjpeU8BStOxXqzpkYQ9qx9jJKUmSD22qMRPY6Uff90Qiq0O4c0LLH9lAicPezCdi2iYwk2_DPDthd3tTJbesAYFN0bHejR-SCPFSZ=w224-h298-k-no""},{""title"":""Milk tea"",""image"":""https://lh3.googleusercontent.com/gps-cs-s/AHRPTWkrZzrp4L6h2uAX6T7CDiPB-3ecaWbMMor34g7G_4UZCCaBH9TcsWcd-yx1jSMOhkg9EG9xFCitL0cugDdJc3hmHWf1cyC34einIHpph77w9kZyNyOLZ7F9T4ZosG3Y9jGfcEH2zuoVAtM=w224-h298-k-no""},{""title"":""Coffee"",""image"":""https://lh3.googleusercontent.com/gps-cs-s/AHRPTWkW-Y6UGx6BuusLRiIC1pCgUSLAtqeoKr8jPkWfXR5aghjwmga9I8CZOGB6vBNbMUdSAIh5zx-uAzfyJEfQImDLlcPbN8gwAOiR0MbYNPXx5DP2A71eRmbETzJI8Ot8zpqj8_tBuw=w224-h298-k-no""},{""title"":""Street View \u0026 360°"",""image"":""https://streetviewpixels-pa.googleapis.com/v1/thumbnail?panoid=C_DLe-HDYY9g5sa7E4reiA\u0026cb_client=maps_sv.tactile.gps\u0026w=224\u0026h=298\u0026yaw=105.50199\u0026pitch=0\u0026thumbfov=100""}]","{""link"":"""",""source"":""""}"
3043499d-f7a0-4139-b121-07920cff8870,https://www.google.com/maps/place/Kopi+Kenangan+-+Duta+Mall+Banjarmasin/data=!4m7!3m6!1s0x2de4234124829991:0x7f592bd0eb864336!8m2!3d-3.3228218!4d114.6029635!16s%2Fg%2F11shnq813_!19sChIJkZmCJEEj5C0RNkOG69ArWX8?authuser=0&hl=en&g_ep=EgoyMDI2MDkwMi4wIJJjKgBIAVAD&rclk=1,Kopi Kenangan - Duta Mall Banjarmasin,Coffee shop,"Jl. A. Yani Jl. Simpang Ulin No.KM 2 Lantai GF, Melayu, Kec. Banjarmasin Tengah, Kota Banjarmasin, Kalimantan Selatan 70234","{""Friday"":[""9.00 am–10.00 pm""],""Monday"":[""9.00 am–10.00 pm""],""Saturday"":[""9.00 am–10.00 pm""],""Sunday"":[""9.00 am–10.00 pm""],""Thursday"":[""9.00 am–10.00 pm""],""Tuesday"":[""9.00 am–10.00 pm""],""Wednesday"":[""9.00 am–10.00 pm""]}","{""Friday"":{""10"":48,""11"":51,""12"":56,""13"":35,""14"":33,""15"":35,""16"":28,""17"":35,""18"":38,""19"":51,""20"":51,""21"":58,""22"":0,""23"":0,""6"":0,""7"":0,""8"":0,""9"":35},""Monday"":{""10"":38,""11"":46,""12"":66,""13"":64,""14"":58,""15"":56,""16"":56,""17"":51,""18"":69,""19"":61,""20"":71,""21"":66,""22"":0,""23"":0,""6"":0,""7"":0,""8"":0,""9"":33},""Saturday"":{""10"":48,""11"":53,""12"":64,""13"":71,""14"":97,""15"":100,""16"":97,""17"":89,""18"":89,""19"":71,""20"":61,""21"":48,""22"":0,""23"":0,""6"":0,""7"":0,""8"":0,""9"":51},""Sunday"":{""10"":71,""11"":56,""12"":69,""13"":69,""14"":92,""15"":87,""16"":82,""17"":66,""18"":61,""19"":61,""20"":84,""21"":89,""22"":0,""23"":0,""6"":0,""7"":0,""8"":0,""9"":61},""Thursday"":{""10"":74,""11"":74,""12"":66,""13"":66,""14"":48,""15"":43,""16"":35,""17"":41,""18"":48,""19"":61,""20"":66,""21"":79,""22"":0,""23"":0,""6"":0,""7"":0,""8"":0,""9"":64},""Tuesday"":{""10"":58,""11"":69,""12"":76,""13"":58,""14"":46,""15"":30,""16"":25,""17"":20,""18"":20,""19"":25,""20"":33,""21"":30,""22"":0,""23"":0,""6"":0,""7"":0,""8"":0,""9"":48},""Wednesday"":{""10"":38,""11"":46,""12"":51,""13"":69,""14"":87,""15"":56,""16"":46,""17"":51,""18"":64,""19"":69,""20"":66,""21"":69,""22"":0,""23"":0,""6"":0,""7"":0,""8"":0,""9"":43}}",129,3.9,"{""1"":27,""2"":6,""3"":5,""4"":7,""5"":84}",-3.322822,114.602964,9176413892048732982,0x2de4234124829991:0x7f592bd0eb864336,ChIJkZmCJEEj5C0RNkOG69ArWX8,"[{""title"":""All"",""image"":""https://lh3.googleusercontent.com/gps-cs-s/AHRPTWkP34I8SZA8C8J8rR_rYH8rMkTwA4glcCGJfcZan_b0AgrNs4qEmENApsO6WhzyVD-sBFTRCYJb-lTzPq7fa2GZbNZ-kjLGPWqkQcULGfjjWJvwjwlkox7pXR2fFU8-JTxRJDXVQg=w529-h298-k-no""},{""title"":""Menu"",""image"":""https://lh3.googleusercontent.com/gps-cs-s/AHRPTWnpONt34nBeLlDwliPQ0xnMxeR9DOdEDFfrg-1NlLYOJWLB8Y212QVRMfP-ONi59p9fmXZ7vPoXWeLjl6IrIku7CMyyfGmi-qR0QvRPKmnie52rdbxjl1_VaeCQeyRcuRvj_ko=w421-h298-k-no""},{""title"":""Videos"",""image"":""https://lh3.googleusercontent.com/gps-cs-s/AHRPTWn9g9WvsIPr8Yy33Wye7q8jtpJ4DbCbKx9KcfpQ6B26sNLTfBVA88b2YTfHuVZ3PU3rlrDuoBf89SWTNDye2Nwt3erJ8Gn2YHCy6cUqIZCGkuFPfJKPW3DzXlB-rXFyYVRg_HpXQyZNm9c=w224-h398-k-no""},{""title"":""Food \u0026 drink"",""image"":""https://lh3.googleusercontent.com/gps-cs-s/AHRPTWlw_Bj57ng6wWvuhrY2qwUOjq9AO93OVoXLrilOJWcMdYdeacUJUNBvzv3OvA8WcqMOTWj2RgqVHBRaPBuZOZN6QRF-2M165y3CvIdajs0qlyXvNgzg7mDDQSh-3M0QJQHBKp8V=w224-h298-k-no""},{""title"":""Vibe"",""image"":""https://lh3.googleusercontent.com/gps-cs-s/AHRPTWmITbxDvvhf0zBkw0adwQokbtakToO-IUb8NYgypoikKkTDZMNxkOUpUjDkx1h9-ifHHD3YZo7aUp83pNhThq1JMlFIN1t5QPbC0Ww4XD2zbVcxvSchz9O0F7ZizG1QAMpND0nuHHiVfTpT=w224-h298-k-no""},{""title"":""Coffee"",""image"":""https://lh3.googleusercontent.com/gps-cs-s/AHRPTWmg6gZIyU-0yFjg_upHlW4MjnoEOX8HeZ350eIxhOK6xLTXkffMmFBO3SsaLtQb4WNjLjztdI-rDI8I3287dMptlulB9ZSccwBRcevCNMjymbCuVMK5gq7zNWrYtlJPbVH1Ukpixu9KFWkp=w224-h398-k-no""},{""title"":""By owner"",""image"":""https://lh3.googleusercontent.com/gps-cs-s/AHRPTWnzPg5x2DovBfnp7ToMIfM2ewnROpJyw9fJ9baukpVA27ddgwXsj3HklkCoyLu40NIx1YuIjXzsvgR_V1DxIVlJfewG2whlXBygm6vKgrl5zwKBGF4d5qOrYcgndFX6tZeBk4jQ=w529-h298-k-no""}]","{""link"":"""",""source"":""""}"
3043499d-f7a0-4139-b121-07920cff8870,https://www.google.com/maps/place/DHM+KOPI%2F+VAN+RISOL/data=!4m7!3m6!1s0x2de4230071efb585:0xb83b85cf2ae75004!8m2!3d-3.3213411!4d114.6150372!16s%2Fg%2F11vw_xqr30!19sChIJhbXvcQAj5C0RBFDnKs-FO7g?authuser=0&hl=en&g_ep=EgoyMDI2MDkwMi4wIJJjKgBIAVAD&rclk=1,DHM KOPI/ VAN RISOL,Coffee shop,"MJH8+F27 DHM KOPI/ VAN RISOL, Gg. H. Asmuni, Kuripan, Kec. Banjarmasin Tim., Kota Banjarmasin, Kalimantan Selatan 70239",{},{},1,5.0,"{""1"":0,""2"":0,""3"":0,""4"":0,""5"":1}",-3.321341,114.615037,13275351451429195780,0x2de4230071efb585:0xb83b85cf2ae75004,ChIJhbXvcQAj5C0RBFDnKs-FO7g,"[{""title"":""All"",""image"":""https://lh3.googleusercontent.com/gps-cs-s/AHRPTWkTK6Nw4WuWD8v1QFwRgVfSRYMMKqMkW0ODWB-7ay6mBsLig-Uu-LH0g3UAw-px7MYUWdN529RvagSbNfk6WRfoM5lQBAZ5p8UNFwAnaU8dbYXt-41A81ylR3EtuJ4KQ-XkBvsVbJfHkpSd=w224-h312-k-no""},{""title"":""Menu"",""image"":""https://lh3.googleusercontent.com/gps-cs-s/AHRPTWkhsgx1_cl00xxJ1mlLgB-EEgxfOFGpK7voJ6Jj_wFYfmTAqMdta9jWxRsDajCkCiWDegV5iOh-Ia8ER0WF0hyAt630ArrhdI9yz479-9pd4EUBqZdMYcvxM46J7UV_IKuygdltSpkzsW4=w224-h492-k-no""}]","{""link"":"""",""source"":""""}"
3043499d-f7a0-4139-b121-07920cff8870,https://www.google.com/maps/place/POINT+COFFEE/data=!4m7!3m6!1s0x2de423ae07047d0b:0x1c04697c26291bcf!8m2!3d-3.3241875!4d114.6175625!16s%2Fg%2F11ssv9s_k9!19sChIJC30EB64j5C0RzxspJnxpBBw?authuser=0&hl=en&g_ep=EgoyMDI2MDkwMi4wIJJjKgBIAVAD&rclk=1,POINT COFFEE,Coffee shop,"MJG9+822 POINT COFFEE, Kuripan, Banjarmasin Timur, Banjarmasin City, South Kalimantan 70239",{},{},19,3.4,"{""1"":6,""2"":2,""3"":0,""4"":1,""5"":10}",-3.324187,114.617562,2018854514905914319,0x2de423ae07047d0b:0x1c04697c26291bcf,ChIJC30EB64j5C0RzxspJnxpBBw,"[{""title"":""All"",""image"":""https://lh3.googleusercontent.com/gps-cs-s/AHRPTWkD2UIJpxbWCK4Nqes-h-5wnjAr9Evnfgkic_weGEBm11LQuQ43voXfWh_EBrpgtXP51xIqVX8Wpdq3eQ82wN22ZYp9KBXe3v_fyuha-v2U67RbUUlNfpAK93RZKOCfoVkLbqc=w427-h298-k-no""},{""title"":""Menu"",""image"":""https://lh3.googleusercontent.com/gps-cs-s/AHRPTWmPvV03PUmLKCFpKjFvb-4JIo7aicy7_QNkmNCkkl1X9yuebHkiWrQkKDpm1yMoooPdrShSG-Hy6jpb7yQs04TrKIodkRdJlnu3hikvtD0PBU6Vx4QO5UXe1YCPJTRZ42_qBMRxmA=w224-h317-k-no""},{""title"":""Videos"",""image"":""https://lh3.googleusercontent.com/gps-cs-s/AHRPTWlR38ZKk6MMdZ5RCkLC4jtGkRa_hDXnnRqkDAuwNhrtlkOJXBo2jZxG6L_OzIVv1qUxj-h3YSJ4xlCxUtaDMmsxLsjHI9rOMqBhHq_Hy_QIwW95RmGKJQ92dlF9fdOR6ALfE60=w529-h298-k-no""},{""title"":""Food \u0026 drink"",""image"":""https://lh3.googleusercontent.com/gps-cs-s/AHRPTWmqK_DEdudcfGhw4TbeAs4046hqFOIuP6IeDH3sD9M-xE8Ky-52m2TgKQz85SumaP5HlQLgH2RPvhGM0SaCoGLqE5lhhoECnhjIVPG9eupq8YiPYF2m_7P420Cf6IcyfBg1I5k=w395-h298-k-no""},{""title"":""Vibe"",""image"":""https://lh3.googleusercontent.com/gps-cs-s/AHRPTWl_8jJ335mmhAfDF4SSvk8bvyycS_nZNlI-CXYwgTCr4E8UotlKdeRImS_o2oGUX6aKzpZdFo3ennCQhDb3IBC5IohtYKSAKSKTgiqz1qlfYjtnbdI5YmJZUu3rIj_EzsYCsNF4MA=w224-h486-k-no""},{""title"":""Coffee"",""image"":""https://lh3.googleusercontent.com/gps-cs-s/AHRPTWmqK_DEdudcfGhw4TbeAs4046hqFOIuP6IeDH3sD9M-xE8Ky-52m2TgKQz85SumaP5HlQLgH2RPvhGM0SaCoGLqE5lhhoECnhjIVPG9eupq8YiPYF2m_7P420Cf6IcyfBg1I5k=w395-h298-k-no""},{""title"":""By owner"",""image"":""https://lh3.googleusercontent.com/gps-cs-s/AHRPTWlhWLcRuYM1RjKukw9lL66Od9DQfBLErePYn2JEVPK3z73Fdm42MUtk7mdcrNOx_ntQ2ygNH0C2Z2lFIDVY_MrO1ifqwR7KL3t6iwIKcdOq7jw4o8zqnZzL5n-xXboYpygHs6ww=w529-h298-k-no""},{""title"":""Street View \u0026 360°"",""image"":""https://streetviewpixels-pa.googleapis.com/v1/thumbnail?panoid=SvN4UlY-Eiyjlc3X6S7NSQ\u0026cb_client=maps_sv.tactile.gps\u0026w=224\u0026h=298\u0026yaw=285.2509\u0026pitch=0\u0026thumbfov=100""}]","{""link"":"""",""source"":""""}"
3043499d-f7a0-4139-b121-07920cff8870,https://www.google.com/maps/place/DHM+Coffee/data=!4m7!3m6!1s0x2de4230038434281:0xf5410c43ea4793fe!8m2!3d-3.3199414!4d114.6168332!16s%2Fg%2F11y8tc502k!19sChIJgUJDOAAj5C0R_pNH6kMMQfU?authuser=0&hl=en&g_ep=EgoyMDI2MDkwMi4wIJJjKgBIAVAD&rclk=1,DHM Coffee,Coffee shop,"MJJ8+2PG DHM Coffee, Samping Koramil Timur, Jalan Vetran, Sebelum Lampu Merah Jl. Gatot Subroto, Pengambangan, Kec. Banjarmasin Tim., Kota Banjarmasin, Kalimantan Selatan 70239",{},{},2,5.0,"{""1"":0,""2"":0,""3"":0,""4"":0,""5"":2}",-3.319941,114.616833,17672419898611438590,0x2de4230038434281:0xf5410c43ea4793fe,ChIJgUJDOAAj5C0R_pNH6kMMQfU,"[{""title"":""All"",""image"":""https://streetviewpixels-pa.googleapis.com/v1/thumbnail?panoid=ASwzmahJQtiMDITHUOEyGQ\u0026cb_client=maps_sv.tactile.gps\u0026w=224\u0026h=298\u0026yaw=153.24202\u0026pitch=0\u0026thumbfov=100""},{""title"":""Street View \u0026 360°"",""image"":""https://streetviewpixels-pa.googleapis.com/v1/thumbnail?panoid=ASwzmahJQtiMDITHUOEyGQ\u0026cb_client=maps_sv.tactile.gps\u0026w=224\u0026h=298\u0026yaw=153.24202\u0026pitch=0\u0026thumbfov=100""}]","{""link"":"""",""source"":""""}"
3043499d-f7a0-4139-b121-07920cff8870,https://www.google.com/maps/place/Coffee+Toffee+-+Taher+Square/data=!4m7!3m6!1s0x544441707df96f1:0xa4f85df540a942a6!8m2!3d-3.321388!4d114.5945905!16s%2Fg%2F11b75f7sh3!19sChIJ8ZbfBxdERAURpkKpQPVd-KQ?authuser=0&hl=en&g_ep=EgoyMDI2MDkwMi4wIJJjKgBIAVAD&rclk=1,Coffee Toffee - Taher Square,Coffee shop,"Taher Square, Jl. Kapten Piere Tendean No.25 Lantai 2, Sungai Baru, Kec. Banjarmasin Tengah, Kota Banjarmasin, Kalimantan Selatan 70122","{""Friday"":[""11.00 am–11.30 pm""],""Monday"":[""11.00 am–11.30 pm""],""Saturday"":[""11.00 am–11.55 pm""],""Sunday"":[""11.00 am–11.55 pm""],""Thursday"":[""11.00 am–11.30 pm""],""Tuesday"":[""11.00 am–11.30 pm""],""Wednesday"":[""11.00 am–11.30 pm""]}","{""Friday"":{""10"":0,""11"":28,""12"":24,""13"":29,""14"":38,""15"":44,""16"":42,""17"":41,""18"":49,""19"":49,""20"":42,""21"":44,""22"":45,""23"":48,""6"":0,""7"":0,""8"":0,""9"":0},""Monday"":{""10"":0,""11"":28,""12"":35,""13"":37,""14"":46,""15"":46,""16"":40,""17"":32,""18"":31,""19"":31,""20"":42,""21"":53,""22"":64,""23"":50,""6"":0,""7"":0,""8"":0,""9"":0},""Saturday"":{""10"":0,""11"":24,""12"":25,""13"":29,""14"":28,""15"":25,""16"":23,""17"":31,""18"":31,""19"":33,""20"":40,""21"":42,""22"":50,""23"":42,""6"":0,""7"":0,""8"":0,""9"":0},""Sunday"":{""10"":0,""11"":20,""12"":20,""13"":22,""14"":25,""15"":35,""16"":32,""17"":36,""18"":37,""19"":42,""20"":40,""21"":38,""22"":40,""23"":45,""6"":0,""7"":0,""8"":0,""9"":0},""Thursday"":{""10"":0,""11"":38,""12"":48,""13"":54,""14"":67,""15"":55,""16"":48,""17"":36,""18"":31,""19"":27,""20"":24,""21"":28,""22"":31,""23"":25,""6"":0,""7"":0,""8"":0,""9"":0},""Tuesday"":{""10"":0,""11"":31,""12"":31,""13"":35,""14"":31,""15"":25,""16"":27,""17"":27,""18"":27,""19"":22,""20"":22,""21"":27,""22"":41,""23"":45,""6"":0,""7"":0,""8"":0,""9"":0},""Wednesday"":{""10"":0,""11"":33,""12"":29,""13"":31,""14"":31,""15"":31,""16"":37,""17"":27,""18"":33,""19"":38,""20"":55,""21"":71,""22"":100,""23"":85,""6"":0,""7"":0,""8"":0,""9"":0}}",692,4.4,"{""1"":6,""2"":10,""3"":72,""4"":195,""5"":409}",-3.321388,114.59459,11887354524377629350,0x544441707df96f1:0xa4f85df540a942a6,ChIJ8ZbfBxdERAURpkKpQPVd-KQ,"[{""title"":""All"",""image"":""https://lh3.googleusercontent.com/gps-cs-s/AHRPTWkVYbSbXcS-UQZK7VP4uk8qYbt6t-pTioEIWFC-2nrqqreI3_9VZCduGKdDD2YOi2-vmepxoe1jEvfgwrCPERKUJ3mz9XLXcnfgIbskUb94uQdyCz3yiliqw45gDOr2YkgDa_5c=w529-h298-k-no""},{""title"":""Menu"",""image"":""https://lh3.googleusercontent.com/gps-cs-s/AHRPTWl2Hh9E02o4r3IbMG_TNY6YuP4C2Btn0uo4Gg8fE-7HwOwPSez7rJej9AEWGBdDVw0Qvtdp3U7u5OwQvcKyriOWgpLWOg_6kOmvIbIIYES9JKoYQoVSjxLYLiepeoLTgsvJwioN=w224-h298-k-no""},{""title"":""Videos"",""image"":""https://lh3.googleusercontent.com/gps-cs-s/AHRPTWkPsWALUrRHBgkBpv3A--T1srKoryyP8MllMqqqOG88DtIH-JpybuzMdZcPJZaaRMcHbh84op6glRSznkxTI0pBIn_rBhoIqDUZ1-JLHdXzbymgJqUUpI36a_2tuJuF7J4kqHGzvF7gXZz6=w224-h398-k-no""},{""title"":""Food \u0026 drink"",""image"":""https://lh3.googleusercontent.com/gps-cs-s/AHRPTWkcssfFaOBVw9BxSko6Gx6tErsIAMRK8jE-3I32bS_-QB6iWBd3jImJkjdPBHaoo6LvFAxD-Ca8uUQ8-un-KsPiKqwYGXOmbxbWQ8BXrkgcUet66NxYFyqPNGo-q5mk571v8pPCsg=w298-h298-k-no""},{""title"":""Vibe"",""image"":""https://lh3.googleusercontent.com/gps-cs-s/AHRPTWnaZlLGmXe9hCj4XWvrj1fr4hL4r5lb64CDevyVif3XVGevQprSbKWM4NbDIL3NcZjg55XosE1iyhqOaMHa2BaV0RaVOcIgJOiEFkM5hBK2rcGZv_KCI_mjcd_7f0e41-lUHQ7P=w529-h298-k-no""},{""title"":""Iced coffee"",""image"":""https://lh3.googleusercontent.com/gps-cs-s/AHRPTWlWKEATVT9hU9a3gg79vWg4JaZmh0CFEGv6MqgjU9sEXmsatZN82tV8FVWwd2ARvIg9HnXfdCV8-uXMd5-C3ysTNQa-sp6WSqJSs-6viZweEuw1PdAFruOSFdto0L6xiRC8cL56li81SAqT=w224-h398-k-no""},{""title"":""Cappuccino"",""image"":""https://lh3.googleusercontent.com/gps-cs-s/AHRPTWnxEuLH4Wu-ONhE0HhaqK0vg7YWws-6yVRewXc9O6VPdyk78n72ipn9zKcbWbMQ2PNyWdI8aJ039B85CauL9H1cvqnyMTnGSgq2t-Inii0UhTbuxjvVlJ4IJTEKcgQ0mdsSpWs-=w298-h298-k-no""},{""title"":""Coffee"",""image"":""https://lh3.googleusercontent.com/gps-cs-s/AHRPTWlwOh1VLRDUBjzi-YykQLk4RiLkFVrZ_Gs2rLrYhzip19z_gUEI_3eC0a4XRhG_2IHeZrWHF7unYeW9neuyLq7P8r3H9pDTKmwUhbD1GMkxLN5WdXhcB4IhzPrY_5IKqz6fv0dL=w224-h398-k-no""},{""title"":""Street View \u0026 360°"",""image"":""https://streetviewpixels-pa.googleapis.com/v1/thumbnail?panoid=MqUmtcyvrGFqTVmpCP9Baw\u0026cb_client=maps_sv.tactile.gps\u0026w=224\u0026h=298\u0026yaw=62.863914\u0026pitch=0\u0026thumbfov=100""}]","{""link"":"""",""source"":""""}"
3043499d-f7a0-4139-b121-07920cff8870,https://www.google.com/maps/place/Kopi+Anno/data=!4m7!3m6!1s0x2de421648bfcc1f1:0x92ce84566469d02f!8m2!3d-3.3305228!4d114.6132622!16s%2Fg%2F11r_x0_xbq!19sChIJ8cH8i2Qh5C0RL9BpZFaEzpI?authuser=0&hl=en&g_ep=EgoyMDI2MDkwMi4wIJJjKgBIAVAD&rclk=1,Kopi Anno,Coffee shop,"Jl. Gatot Subroto No.3, Kebun Bunga, Kec. Banjarmasin Tim., Kota Banjarmasin, Kalimantan Selatan 70237","{""Friday"":[""5.00 am–10.00 pm""],""Monday"":[""5.00 am–10.00 pm""],""Saturday"":[""5.00 am–10.00 pm""],""Sunday"":[""5.00 am–10.00 pm""],""Thursday"":[""5.00 am–10.00 pm""],""Tuesday"":[""5.00 am–10.00 pm""],""Wednesday"":[""5.00 am–10.00 pm""]}","{""Friday"":{""10"":46,""11"":53,""12"":40,""13"":60,""14"":40,""15"":53,""16"":53,""17"":66,""18"":40,""19"":33,""20"":26,""21"":46,""4"":0,""5"":53,""6"":46,""7"":53,""8"":66,""9"":66},""Monday"":{""10"":33,""11"":26,""12"":33,""13"":26,""14"":26,""15"":46,""16"":60,""17"":53,""18"":46,""19"":53,""20"":60,""21"":66,""4"":0,""5"":66,""6"":53,""7"":40,""8"":26,""9"":26},""Saturday"":{""10"":53,""11"":46,""12"":40,""13"":33,""14"":40,""15"":53,""16"":53,""17"":40,""18"":33,""19"":33,""20"":26,""21"":26,""4"":0,""5"":40,""6"":40,""7"":40,""8"":53,""9"":60},""Sunday"":{""10"":66,""11"":60,""12"":66,""13"":40,""14"":40,""15"":53,""16"":53,""17"":40,""18"":20,""19"":26,""20"":33,""21"":66,""4"":0,""5"":66,""6"":73,""7"":100,""8"":80,""9"":86},""Thursday"":{""10"":66,""11"":60,""12"":60,""13"":46,""14"":40,""15"":46,""16"":46,""17"":66,""18"":46,""19"":53,""20"":73,""21"":73,""4"":0,""5"":40,""6"":20,""7"":20,""8"":26,""9"":60},""Tuesday"":{""10"":33,""11"":33,""12"":53,""13"":60,""14"":53,""15"":53,""16"":33,""17"":46,""18"":46,""19"":40,""20"":20,""21"":20,""4"":0,""5"":13,""6"":13,""7"":26,""8"":26,""9"":26},""Wednesday"":{""10"":53,""11"":53,""12"":53,""13"":66,""14"":60,""15"":80,""16"":93,""17"":86,""18"":73,""19"":66,""20"":60,""21"":40,""4"":0,""5"":66,""6"":60,""7"":86,""8"":93,""9"":80}}",23,4.7,"{""1"":0,""2"":0,""3"":1,""4"":5,""5"":17}",-3.330523,114.613262,10578538081326583855,0x2de421648bfcc1f1:0x92ce84566469d02f,ChIJ8cH8i2Qh5C0RL9BpZFaEzpI,"[{""title"":""All"",""image"":""https://lh3.googleusercontent.com/gps-cs-s/AHRPTWlLnXvlDcAJi_Rhdsl1R7y66J82B1U1WEpVuE1w5OqZpsbklTRjbequuykp_bmoK5NBEDY-MyEwor6s3ueAVqxBr5ot8cbm4iNo5Zeo1jz6ONbmebbtpRci8j5O55Yfolz07Lc=w298-h298-k-no""},{""title"":""Food \u0026 drink"",""image"":""https://lh3.googleusercontent.com/gps-cs-s/AHRPTWmVftiC8R1x1E5b7ax9C4bgrFAQNM_WqcoeoOVLNWuB9aFV4pLfXjTP-XZHRvuoOMx6a721924lnSGgjqqLgC_BPjsTwqhztK1cJmp4GB1dvdrhAnJWIz3NsPbN6CGW1we5AhY=w397-h298-k-no""},{""title"":""Vibe"",""image"":""https://lh3.googleusercontent.com/gps-cs-s/AHRPTWlLnXvlDcAJi_Rhdsl1R7y66J82B1U1WEpVuE1w5OqZpsbklTRjbequuykp_bmoK5NBEDY-MyEwor6s3ueAVqxBr5ot8cbm4iNo5Zeo1jz6ONbmebbtpRci8j5O55Yfolz07Lc=w298-h298-k-no""},{""title"":""Coffee"",""image"":""https://lh3.googleusercontent.com/gps-cs-s/AHRPTWmVftiC8R1x1E5b7ax9C4bgrFAQNM_WqcoeoOVLNWuB9aFV4pLfXjTP-XZHRvuoOMx6a721924lnSGgjqqLgC_BPjsTwqhztK1cJmp4GB1dvdrhAnJWIz3NsPbN6CGW1we5AhY=w397-h298-k-no""},{""title"":""Street View \u0026 360°"",""image"":""https://streetviewpixels-pa.googleapis.com/v1/thumbnail?panoid=fmXoeXvRQ-u1y6_xm6L-Nw\u0026cb_client=maps_sv.tactile.gps\u0026w=224\u0026h=298\u0026yaw=276.16013\u0026pitch=0\u0026thumbfov=100""}]","{""link"":"""",""source"":""""}"
3043499d-f7a0-4139-b121-07920cff8870,https://www.google.com/maps/place/PLOT+STREET+COFFE/data=!4m7!3m6!1s0x2de423e5b724c647:0x17078957a06fd602!8m2!3d-3.3283235!4d114.6029362!16s%2Fg%2F11vz5m1ppq!19sChIJR8Ykt-Uj5C0RAtZvoFeJBxc?authuser=0&hl=en&g_ep=EgoyMDI2MDkwMi4wIJJjKgBIAVAD&rclk=1,PLOT STREET COFFE,Coffee shop,"Jl. P. Antasari No.09, Pekapuran Laut, Kec. Banjarmasin Tengah, Kota Banjarmasin, Kalimantan Selatan 70234","{""Friday"":[""8.00 pm–2.00 am""],""Monday"":[""8.00 pm–2.00 am""],""Saturday"":[""8.00 pm–2.00 am""],""Sunday"":[""8.00 pm–2.00 am""],""Thursday"":[""8.00 pm–2.00 am""],""Tuesday"":[""8.00 pm–2.00 am""],""Wednesday"":[""8.00 pm–2.00 am""]}",{},0,0.0,"{""1"":0,""2"":0,""3"":0,""4"":0,""5"":0}",-3.328323,114.602936,1659445997156161026,0x2de423e5b724c647:0x17078957a06fd602,ChIJR8Ykt-Uj5C0RAtZvoFeJBxc,"[{""title"":""All"",""image"":""https://streetviewpixels-pa.googleapis.com/v1/thumbnail?panoid=4HCzYSeOHgzYFi9v_07meQ\u0026cb_client=maps_sv.tactile.gps\u0026w=224\u0026h=298\u0026yaw=3.2902782\u0026pitch=0\u0026thumbfov=100""},{""title"":""Menu"",""image"":""https://lh3.googleusercontent.com/gps-cs-s/AHRPTWlXHha9foLPzCqldaD0K5CSqmcZJYHQomJQtXNPkpcHHfVgfDD__PRUg6NNGoxjVXBRIK5Edacb2dc1PV8Mo78GGtlQGIoQ_GOoEwWcokbp8cSn9-KQEIQ8wRs4AauRA3tahhAY=w224-h510-k-no""},{""title"":""By owner"",""image"":""https://lh3.googleusercontent.com/gps-cs-s/AHRPTWlXHha9foLPzCqldaD0K5CSqmcZJYHQomJQtXNPkpcHHfVgfDD__PRUg6NNGoxjVXBRIK5Edacb2dc1PV8Mo78GGtlQGIoQ_GOoEwWcokbp8cSn9-KQEIQ8wRs4AauRA3tahhAY=w224-h510-k-no""},{""title"":""Street View \u0026 360°"",""image"":""https://streetviewpixels-pa.googleapis.com/v1/thumbnail?panoid=4HCzYSeOHgzYFi9v_07meQ\u0026cb_client=maps_sv.tactile.gps\u0026w=224\u0026h=298\u0026yaw=3.2902782\u0026pitch=0\u0026thumbfov=100""}]","{""link"":"""",""source"":""""}"
3043499d-f7a0-4139-b121-07920cff8870,https://www.google.com/maps/place/POINT+COFFEE/data=!4m7!3m6!1s0x2de42328fa577bf1:0xcd2221ebdf2125cb!8m2!3d-3.3200672!4d114.6023862!16s%2Fg%2F11ltkh_z7j!19sChIJ8XtX-igj5C0RyyUh3-shIs0?authuser=0&hl=en&g_ep=EgoyMDI2MDkwMi4wIJJjKgBIAVAD&rclk=1,POINT COFFEE,Coffee shop,"JL VETERAN KOTA, Melayu, Kec. Banjarmasin Tengah, Kota Banjarmasin, Kalimantan Selatan 70234",{},{},8,1.6,"{""1"":6,""2"":1,""3"":0,""4"":0,""5"":1}",-3.320067,114.602386,14781414223927911883,0x2de42328fa577bf1:0xcd2221ebdf2125cb,ChIJ8XtX-igj5C0RyyUh3-shIs0,"[{""title"":""All"",""image"":""https://lh3.googleusercontent.com/gps-cs-s/AHRPTWltqWprgDs8-zoJpX-ki3gLjA9ciQ8Pg_0LnNtFVpwhTVGevGjzEZs5JuCb03-EzFPpJ8wYqzveDwHSU_XOufMD1qyo9Wu-FHxfmLwXtgDFHTFIvxBJyHyQDnId6zSpkffnuYSH=w427-h298-k-no""},{""title"":""Menu"",""image"":""https://lh3.googleusercontent.com/gps-cs-s/AHRPTWlqoG8YxS2YC7GPxwZPlXINt8yuf-EL11O9s9SovWccQ0dV7SkfA6sk2WaO2zO9-iWD9YfDR3bgUhflqT2h9muSoDuCZEpdplmKEtoFHkh0pLBPx0XlA-oBm1m1KQPxBJZixEhN5w=w421-h298-k-no""},{""title"":""Videos"",""image"":""https://lh3.googleusercontent.com/gps-cs-s/AHRPTWlMZj1SzpajuBpCV3WfLXJ8ZkHGvz7Xlv1rJKzBeg3Rug_ATOV9t87ruQBmo6g4zq1lB2io3wHCcvzKtTO8vXqag8M5btU8C6IEBeHkVrnF6mQkRjMDWzHCQw2ovmumvAX8ejEX=w529-h298-k-no""},{""title"":""Food \u0026 drink"",""image"":""https://lh3.googleusercontent.com/gps-cs-s/AHRPTWnifdDgFbLFqMf5NQmmjpthfiCCvysibKk3LLRGFISPXjNxLNXSO7LHUCxtlgHJFkMuMZtq3Y5Q3WjeyV3QFFHzO29kn8JFLY9VQakEEoMCgCRiBq2azk4q5HCC_fAPLxWrtR0mpA=w395-h298-k-no""},{""title"":""Vibe"",""image"":""https://lh3.googleusercontent.com/gps-cs-s/AHRPTWltqWprgDs8-zoJpX-ki3gLjA9ciQ8Pg_0LnNtFVpwhTVGevGjzEZs5JuCb03-EzFPpJ8wYqzveDwHSU_XOufMD1qyo9Wu-FHxfmLwXtgDFHTFIvxBJyHyQDnId6zSpkffnuYSH=w427-h298-k-no""},{""title"":""Coffee"",""image"":""https://lh3.googleusercontent.com/gps-cs-s/AHRPTWnifdDgFbLFqMf5NQmmjpthfiCCvysibKk3LLRGFISPXjNxLNXSO7LHUCxtlgHJFkMuMZtq3Y5Q3WjeyV3QFFHzO29kn8JFLY9VQakEEoMCgCRiBq2azk4q5HCC_fAPLxWrtR0mpA=w395-h298-k-no""},{""title"":""By owner"",""image"":""https://lh3.googleusercontent.com/gps-cs-s/AHRPTWlMZj1SzpajuBpCV3WfLXJ8ZkHGvz7Xlv1rJKzBeg3Rug_ATOV9t87ruQBmo6g4zq1lB2io3wHCcvzKtTO8vXqag8M5btU8C6IEBeHkVrnF6mQkRjMDWzHCQw2ovmumvAX8ejEX=w529-h298-k-no""},{""title"":""Street View \u0026 360°"",""image"":""https://streetviewpixels-pa.googleapis.com/v1/thumbnail?panoid=eeMqOwJdylK0SvMPTXY6UA\u0026cb_client=maps_sv.tactile.gps\u0026w=224\u0026h=298\u0026yaw=345.05087\u0026pitch=0\u0026thumbfov=100""}]","{""link"":"""",""source"":""""}"
3043499d-f7a0-4139-b121-07920cff8870,https://www.google.com/maps/place/Teristimewa+Smoothies+Veteran/data=!4m7!3m6!1s0x2de423489a4f1949:0xeb74d57e00a1f1ab!8m2!3d-3.3199456!4d114.6103637!16s%2Fg%2F11x6nrh88_!19sChIJSRlPmkgj5C0Rq_GhAH7VdOs?authuser=0&hl=en&g_ep=EgoyMDI2MDkwMi4wIJJjKgBIAVAD&rclk=1,Teristimewa Smoothies Veteran,Juice shop,"Depan Indomaret, Jl. Veteran Sungai Bilu, Sungai Bilu, Kec. Banjarmasin Tim., Kota Banjarmasin, Kalimantan Selatan 70236","{""Friday"":[""2.30–10.00 pm""],""Monday"":[""2.30–10.00 pm""],""Saturday"":[""2.30–10.00 pm""],""Sunday"":[""2.30–10.00 pm""],""Thursday"":[""2.30–10.00 pm""],""Tuesday"":[""2.30–10.00 pm""],""Wednesday"":[""2.30–10.00 pm""]}",{},2,5.0,"{""1"":0,""2"":0,""3"":0,""4"":0,""5"":2}",-3.319946,114.610364,16966420433364709803,0x2de423489a4f1949:0xeb74d57e00a1f1ab,ChIJSRlPmkgj5C0Rq_GhAH7VdOs,"[{""title"":""All"",""image"":""https://streetviewpixels-pa.googleapis.com/v1/thumbnail?panoid=CbhCHib7LbmfrkGoQ4MsUg\u0026cb_client=maps_sv.tactile.gps\u0026w=224\u0026h=298\u0026yaw=27.311613\u0026pitch=0\u0026thumbfov=100""},{""title"":""By owner"",""image"":""https://lh3.googleusercontent.com/gps-cs-s/AHRPTWnhLCvshfTBmYIUwjC9m5TY3JwvShjnj6RR98MXaMiXabwFxBdHeblmAeWQK7XLrfqZxN6WtIWcxKxlGIss7nDPAuGOTpNaO3VFeX7uLzLHN16payFbTIefU5KC6wi6YrqnkALU2Ds5D19k=w270-h298-k-no""},{""title"":""Street View \u0026 360°"",""image"":""https://streetviewpixels-pa.googleapis.com/v1/thumbnail?panoid=CbhCHib7LbmfrkGoQ4MsUg\u0026cb_client=maps_sv.tactile.gps\u0026w=224\u0026h=298\u0026yaw=27.311613\u0026pitch=0\u0026thumbfov=100""}]","{""link"":"""",""source"":""""}"
3043499d-f7a0-4139-b121-07920cff8870,https://www.google.com/maps/place/Starbucks+Duta+Mall+Banjarmasin/data=!4m7!3m6!1s0x2de4238a8fb6a549:0x1e81b9d977c33a66!8m2!3d-3.3234041!4d114.6029903!16s%2Fg%2F11kjy96j4x!19sChIJSaW2j4oj5C0RZjrDd9m5gR4?authuser=0&hl=en&g_ep=EgoyMDI2MDkwMi4wIJJjKgBIAVAD&rclk=1,Starbucks Duta Mall Banjarmasin,Coffee shop,"Jl. A. Yani No.Km 2, Melayu, Kec. Banjarmasin Tengah, Kota Banjarmasin, Kalimantan Selatan 70122","{""Friday"":[""9.00 am–11.00 pm""],""Monday"":[""9.00 am–10.00 pm""],""Saturday"":[""9.00 am–11.00 pm""],""Sunday"":[""9.00 am–11.00 pm""],""Thursday"":[""9.00 am–10.00 pm""],""Tuesday"":[""9.00 am–10.00 pm""],""Wednesday"":[""9.00 am–10.00 pm""]}","{""Friday"":{""10"":66,""11"":64,""12"":60,""13"":50,""14"":54,""15"":43,""16"":49,""17"":68,""18"":100,""19"":96,""20"":74,""21"":58,""22"":0,""23"":0,""6"":0,""7"":0,""8"":0,""9"":0},""Monday"":{""10"":43,""11"":52,""12"":62,""13"":72,""14"":84,""15"":84,""16"":56,""17"":47,""18"":41,""19"":49,""20"":52,""21"":49,""22"":0,""23"":0,""6"":0,""7"":0,""8"":0,""9"":0},""Saturday"":{""10"":82,""11"":90,""12"":84,""13"":64,""14"":58,""15"":49,""16"":56,""17"":58,""18"":70,""19"":72,""20"":78,""21"":68,""22"":0,""23"":0,""6"":0,""7"":0,""8"":0,""9"":0},""Sunday"":{""10"":64,""11"":72,""12"":74,""13"":62,""14"":62,""15"":64,""16"":64,""17"":60,""18"":60,""19"":78,""20"":80,""21"":92,""22"":0,""23"":0,""6"":0,""7"":0,""8"":0,""9"":0},""Thursday"":{""10"":41,""11"":50,""12"":56,""13"":68,""14"":72,""15"":70,""16"":49,""17"":41,""18"":41,""19"":56,""20"":86,""21"":88,""22"":0,""23"":0,""6"":0,""7"":0,""8"":0,""9"":0},""Tuesday"":{""10"":45,""11"":35,""12"":47,""13"":52,""14"":56,""15"":45,""16"":43,""17"":50,""18"":70,""19"":74,""20"":64,""21"":45,""22"":0,""23"":0,""6"":0,""7"":0,""8"":0,""9"":0},""Wednesday"":{""10"":43,""11"":45,""12"":52,""13"":49,""14"":49,""15"":49,""16"":47,""17"":49,""18"":56,""19"":64,""20"":76,""21"":76,""22"":0,""23"":0,""6"":0,""7"":0,""8"":0,""9"":0}}",63,4.1,"{""1"":9,""2"":2,""3"":2,""4"":10,""5"":40}",-3.323404,114.60299,2198242436801837670,0x2de4238a8fb6a549:0x1e81b9d977c33a66,ChIJSaW2j4oj5C0RZjrDd9m5gR4,"[{""title"":""All"",""image"":""https://lh3.googleusercontent.com/gps-cs-s/AHRPTWmSaHsGfWi324zxTCA2_qpbqK1yr6O40w_j_pJo5gWBMrYBw2xd2_JvV5NVYTg0byD20UFODNP_HSEjpRkt1awPAa308f3FjU8VizUeSb7DSPQdH2hhwmu8ImLBrhp23kOXg7rZ=w447-h298-k-no""},{""title"":""Menu"",""image"":""https://lh3.googleusercontent.com/gps-cs-s/AHRPTWmI7iMr7nvJGcaYHrc9jkPyWilqRd7GSCWMjaFArfg8pHaLkDy9jx-2Uz-7YQDyFBtAEXlixtdgnntKKmtkCEre8nVYp4wmRYlY5u9roblCvALO_20id7CxHgum2JHR7fjbrEHKDw=w447-h298-k-no""},{""title"":""Videos"",""image"":""https://lh3.googleusercontent.com/gps-cs-s/AHRPTWltvuBrUa2BYCx9cJl0JBhsvNwi1XPpcJctljtgdRh6USSqZuQqCCtBsBM6CklfZfn68o-pQ-wI8g5RHwo3f7FFQpLm763xXsmmiilHY-ejARPL_FDqF_i3IiD1N2p30GKaJejm=w224-h398-k-no""},{""title"":""Food \u0026 drink"",""image"":""https://lh3.googleusercontent.com/gps-cs-s/AHRPTWn7ed7pTWrhjbAIE7tyUip7O6ZFwbUzKH5wqbr0OAZfqiS84dnJFyjYlJ-a8LDORaWnGCEQTqHmY0gi8uKsZc0D_6yCAPwHFfLFFJ-duTaE0NKXPh5Jzk2gllqcjn8L6TtNZaolRH6WsWIm=w224-h398-k-no""},{""title"":""Vibe"",""image"":""https://lh3.googleusercontent.com/gps-cs-s/AHRPTWnL2qKP7BE5EaKYxol6GEjQUPebv1G3R7xpXk9FxFn9WDo40Xo3Sri_UK98-gRRv0yTO301gVnaP2f3W9lCFsWHY8eZMqNZv4nLuqOzeNggKSY79CHCnT5KwzHIUjvpaQqcecu0=w298-h298-k-no""},{""title"":""Coffee"",""image"":""https://lh3.googleusercontent.com/gps-cs-s/AHRPTWmj_kCVJwt0nT3hAe5UOp6KFDCAO71NK_QxAIkfFMce3TY3lGKJFXhYtAXzNa56qk_PUvWGwby9b1RA6qAhchKaw6-dbLcBWiLmcGU9NxcTXFfUYYKJ31Aeak3DXvPHpxSohDY=w224-h298-k-no""}]","{""link"":"""",""source"":""""}"
3043499d-f7a0-4139-b121-07920cff8870,https://www.google.com/maps/place/Copioneer/data=!4m7!3m6!1s0x2de4239c1b6a6b39:0x2d0defd2d2612259!8m2!3d-3.3255716!4d114.6042962!16s%2Fg%2F11r2jcghc9!19sChIJOWtqG5wj5C0RWSJh0tLvDS0?authuser=0&hl=en&g_ep=EgoyMDI2MDkwMi4wIJJjKgBIAVAD&rclk=1,Copioneer,Coffee shop,"MJF3+QPF Copioneer, Sungai Baru, Kec. Banjarmasin Tengah, Kota Banjarmasin, Kalimantan Selatan 70236","{""Friday"":[""10.00 am–11.00 pm""],""Monday"":[""9.00 am–11.00 pm""],""Saturday"":[""10.00 am–11.00 pm""],""Sunday"":[""10.00 am–11.00 pm""],""Thursday"":[""9.00 am–11.00 pm""],""Tuesday"":[""9.00 am–11.00 pm""],""Wednesday"":[""10.00 am–11.00 pm""]}","{""Friday"":{""10"":50,""11"":40,""12"":45,""13"":40,""14"":40,""15"":50,""16"":40,""17"":30,""18"":30,""19"":30,""20"":40,""21"":20,""22"":25,""23"":0,""6"":0,""7"":0,""8"":0,""9"":0},""Monday"":{""10"":50,""11"":55,""12"":55,""13"":55,""14"":50,""15"":55,""16"":60,""17"":40,""18"":20,""19"":10,""20"":15,""21"":35,""22"":45,""23"":0,""6"":0,""7"":0,""8"":0,""9"":50},""Saturday"":{""10"":75,""11"":70,""12"":45,""13"":40,""14"":35,""15"":50,""16"":55,""17"":65,""18"":75,""19"":65,""20"":65,""21"":45,""22"":40,""23"":0,""6"":0,""7"":0,""8"":0,""9"":0},""Sunday"":{""10"":70,""11"":50,""12"":55,""13"":35,""14"":35,""15"":30,""16"":20,""17"":25,""18"":30,""19"":35,""20"":35,""21"":20,""22"":15,""23"":0,""6"":0,""7"":0,""8"":0,""9"":0},""Thursday"":{""10"":20,""11"":20,""12"":20,""13"":30,""14"":35,""15"":25,""16"":15,""17"":15,""18"":15,""19"":20,""20"":25,""21"":30,""22"":45,""23"":0,""6"":0,""7"":0,""8"":0,""9"":20},""Tuesday"":{""10"":70,""11"":45,""12"":25,""13"":20,""14"":25,""15"":25,""16"":35,""17"":35,""18"":35,""19"":35,""20"":35,""21"":20,""22"":15,""23"":0,""6"":0,""7"":0,""8"":0,""9"":100},""Wednesday"":{""10"":20,""11"":20,""12"":35,""13"":55,""14"":80,""15"":85,""16"":80,""17"":55,""18"":40,""19"":35,""20"":35,""21"":25,""22"":20,""23"":0,""6"":0,""7"":0,""8"":0,""9"":0}}",0,0.0,"{""1"":0,""2"":0,""3"":0,""4"":0,""5"":0}",-3.325572,114.604296,3246514595155747417,0x2de4239c1b6a6b39:0x2d0defd2d2612259,ChIJOWtqG5wj5C0RWSJh0tLvDS0,"[{""title"":""All"",""image"":""https://streetviewpixels-pa.googleapis.com/v1/thumbnail?panoid=nxT6H7sDNYZkX2v_OwIOxw\u0026cb_client=maps_sv.tactile.gps\u0026w=224\u0026h=298\u0026yaw=225.91432\u0026pitch=0\u0026thumbfov=100""},{""title"":""Street View \u0026 360°"",""image"":""https://streetviewpixels-pa.googleapis.com/v1/thumbnail?panoid=nxT6H7sDNYZkX2v_OwIOxw\u0026cb_client=maps_sv.tactile.gps\u0026w=224\u0026h=298\u0026yaw=225.91432\u0026pitch=0\u0026thumbfov=100""}]","{""link"":"""",""source"":""""}"
3043499d-f7a0-4139-b121-07920cff8870,https://www.google.com/maps/place/Warung+Bamara/data=!4m7!3m6!1s0x2de423001801bc6f:0xaf9e29fb5cc40eea!8m2!3d-3.3242472!4d114.6169419!16s%2Fg%2F11lmj73mw6!19sChIJb7wBGAAj5C0R6g7EXPspnq8?authuser=0&hl=en&g_ep=EgoyMDI2MDkwMi4wIJJjKgBIAVAD&rclk=1,Warung Bamara,Coffee shop,"Jl. Arthaloka, Kuripan, Banjarmasin Timur, Banjarmasin City, South Kalimantan 70239","{""Friday"":[""4.00–10.00 pm""],""Monday"":[""4.00–10.00 pm""],""Saturday"":[""4.00–10.00 pm""],""Sunday"":[""4.00–10.00 pm""],""Thursday"":[""4.00–10.00 pm""],""Tuesday"":[""4.00–10.00 pm""],""Wednesday"":[""4.00–10.00 pm""]}",{},6,4.8,"{""1"":0,""2"":0,""3"":0,""4"":1,""5"":5}",-3.324247,114.616942,12654598162527555306,0x2de423001801bc6f:0xaf9e29fb5cc40eea,ChIJb7wBGAAj5C0R6g7EXPspnq8,"[{""title"":""All"",""image"":""https://lh3.googleusercontent.com/gps-cs-s/AHRPTWn-tE4AKKjfwhfm1vqzbffLrXw1kTUcRBYh0P0_CZ_jXPuqpx4tSGmlfmefFp5SVBXqsSQ5gRwTjxwY5EJMDcYE0bVp-s1H-c7j3ciJJTtxB-b87-zTaxU8KRNiy9V8HN4JqBU=w224-h298-k-no""},{""title"":""Food \u0026 drink"",""image"":""https://lh3.googleusercontent.com/gps-cs-s/AHRPTWkKgCo_xngfDlavn0O2LUqTIs0XWcsV3dHtgQ1OJtBlgPeJPh_y8AuxZ8HflYV-mUAIsDT3VTyBe__N-q6s7CwtjjwMFWeqtosa4ibckq3rWGHJtGuqyjRbQWSRxKxW5EEHJ6s=w224-h298-k-no""},{""title"":""Videos"",""image"":""https://lh3.googleusercontent.com/gps-cs-s/AHRPTWmH8AylyoNJUOMd6CHVrVICqeaHc52Xl5UKSPs5lcK-LPGRXpfeqvT3XQjungbSuumj-XSynm1e_Y5eDqj90rX-XIzFYPC2WnvQsOU3dJqUvrFfr0x7Q1KMacXaL-4JmQzTg-_DnQ=w224-h398-k-no""},{""title"":""Vibe"",""image"":""https://lh3.googleusercontent.com/gps-cs-s/AHRPTWnJm0NT58k4irayeNQP7s0gjrnmDUaFEWc4TjHYHUddCEwAI2VeJg2RJoP9qC18h8oXkbXFDmoywIc9yNklMHQWCzgPCB6EywDhtku4Q3tFCtM4iHYPB5RfiuXz9klOKVOZx_MC=w224-h298-k-no""},{""title"":""By owner"",""image"":""https://lh3.googleusercontent.com/gps-cs-s/AHRPTWmem9nHBP6vpdrVfIIwYGZ7Bj8fZO1F66Xv33xMT-phtE2luz466vYukPxWigFyybJiQk_rLm-Pq-KDH3ybRKcWk7WlE2AxfDZHliH_HnZvyeMV3VgjmLnUqsHO9R_qQHl8L9tazg=w447-h298-k-no""},{""title"":""Street View \u0026 360°"",""image"":""https://streetviewpixels-pa.googleapis.com/v1/thumbnail?panoid=HAmPRaJpENyVTvHTHpYhfA\u0026cb_client=maps_sv.tactile.gps\u0026w=224\u0026h=298\u0026yaw=250.04982\u0026pitch=0\u0026thumbfov=100""}]","{""link"":"""",""source"":""""}"
3043499d-f7a0-4139-b121-07920cff8870,https://www.google.com/maps/place/Kopi+Janji+Jiwa+Duta+Mall/data=!4m7!3m6!1s0x2de423e3d151389d:0x610d24bafe54cfb0!8m2!3d-3.322651!4d114.6034299!16s%2Fg%2F11hzxyj0fn!19sChIJnThR0eMj5C0RsM9U_rokDWE?authuser=0&hl=en&g_ep=EgoyMDI2MDkwMi4wIJJjKgBIAVAD&rclk=1,Kopi Janji Jiwa Duta Mall,Cafe,"MJG3+W9M Kopi Janji Jiwa Duta Mall, Melayu, Kec. Banjarmasin Tengah, Kota Banjarmasin, Kalimantan Selatan 70122","{""Friday"":[""10.30 am–9.30 pm""],""Monday"":[""10.30 am–9.30 pm""],""Saturday"":[""10.30 am–9.30 pm""],""Sunday"":[""10.30 am–9.30 pm""],""Thursday"":[""10.30 am–9.30 pm""],""Tuesday"":[""10.30 am–9.30 pm""],""Wednesday"":[""10.30 am–9.30 pm""]}","{""Friday"":{""10"":42,""11"":53,""12"":51,""13"":48,""14"":60,""15"":64,""16"":66,""17"":53,""18"":46,""19"":35,""20"":37,""21"":44,""22"":0,""23"":0,""6"":0,""7"":0,""8"":0,""9"":0},""Monday"":{""10"":48,""11"":46,""12"":42,""13"":40,""14"":48,""15"":48,""16"":51,""17"":51,""18"":55,""19"":66,""20"":57,""21"":53,""22"":0,""23"":0,""6"":0,""7"":0,""8"":0,""9"":0},""Saturday"":{""10"":53,""11"":62,""12"":60,""13"":64,""14"":46,""15"":44,""16"":42,""17"":55,""18"":62,""19"":68,""20"":60,""21"":60,""22"":0,""23"":0,""6"":0,""7"":0,""8"":0,""9"":0},""Sunday"":{""10"":42,""11"":46,""12"":44,""13"":46,""14"":40,""15"":48,""16"":64,""17"":84,""18"":100,""19"":95,""20"":82,""21"":75,""22"":0,""23"":0,""6"":0,""7"":0,""8"":0,""9"":0},""Thursday"":{""10"":64,""11"":60,""12"":57,""13"":57,""14"":40,""15"":33,""16"":35,""17"":37,""18"":42,""19"":40,""20"":37,""21"":35,""22"":0,""23"":0,""6"":0,""7"":0,""8"":0,""9"":0},""Tuesday"":{""10"":48,""11"":66,""12"":62,""13"":62,""14"":51,""15"":48,""16"":55,""17"":48,""18"":51,""19"":55,""20"":55,""21"":57,""22"":0,""23"":0,""6"":0,""7"":0,""8"":0,""9"":0},""Wednesday"":{""10"":37,""11"":40,""12"":46,""13"":53,""14"":44,""15"":44,""16"":35,""17"":35,""18"":31,""19"":35,""20"":53,""21"":48,""22"":0,""23"":0,""6"":0,""7"":0,""8"":0,""9"":0}}",26,4.0,"{""1"":3,""2"":2,""3"":1,""4"":6,""5"":14}",-3.322651,114.60343,6993286181925736368,0x2de423e3d151389d:0x610d24bafe54cfb0,ChIJnThR0eMj5C0RsM9U_rokDWE,"[{""title"":""All"",""image"":""https://lh3.googleusercontent.com/gps-cs-s/AHRPTWmgwcSZgofebsQT_iAd6Q30mXler6pedmXY4iSCx8JXi1NhjebLkuPxx5MJ_AnShAAd67YjYgsD6T3vCuxGivAxuSq7Fgxb2Vu8LHmQ7SMbfXA8P2yHbIFCkafnPQIT70u-OtttfQ=w397-h298-k-no""},{""title"":""Menu"",""image"":""https://lh3.googleusercontent.com/gps-cs-s/AHRPTWmRtvfsZ2fSYbWWV0JywXGg8BVZN7p8doRYZRryKmrfFXggWTOGhlMP9DoxJwFVe0JlPLwjCL8H51BkdmpNZ-P8g-E8c6bbmA8whYgfQDaUvUNSFUhdc0kJrNds9zi2mlMtyrhq=w645-h298-k-no""},{""title"":""Food \u0026 drink"",""image"":""https://lh3.googleusercontent.com/gps-cs-s/AHRPTWkg6xwMj8GpvuPWJkok8cthU6v4PEHpF6G_eN9Ty3yaTvv4xW5Cj7zbu1KyUNeIDeiBM69_tMNoIG96L5JVMy-s9XJLZAyYbjZ0f3Ly6QFNY2zmQ70-PnZkivSJSL1GKZrkjSXP=w224-h298-k-no""},{""title"":""Vibe"",""image"":""https://lh3.googleusercontent.com/gps-cs-s/AHRPTWkWR-lF3mguHUNn-wg4ZRLA2UmH1QBS8ttXPMzaLojJAN9vunk2yotiJyginHrPR7BvrislQmDQo5y2POkf4iRE1y6OtYHyFSMtHws5EEf1PxgLv_XnznP5-AnFQbwB24Jft6le9g=w646-h298-k-no""}]","{""link"":"""",""source"":""""}"
3043499d-f7a0-4139-b121-07920cff8870,https://www.google.com/maps/place/Kedai+Kopi+%2F+Coffee+Shop+Green+Beans+Banjarmasin/data=!4m7!3m6!1s0x2de4270d647ed39b:0x37f70745d898c0fd!8m2!3d-3.3386169!4d114.6222248!16s%2Fg%2F11rssflscw!19sChIJm9N-ZA0n5C0R_cCY2EUH9zc?authuser=0&hl=en&g_ep=EgoyMDI2MDkwMi4wIJJjKgBIAVAD&rclk=1,Kedai Kopi / Coffee Shop Green Beans Banjarmasin,Coffee shop,"Jl. Dharma Bakti II No.3, Pemurus Luar, Kec. Banjarmasin Tim., Kota Banjarmasin, Kalimantan Selatan 70249","{""Friday"":[""9.00 am–12.00 am""],""Monday"":[""9.00 am–11.00 pm""],""Saturday"":[""9.00 am–12.00 am""],""Sunday"":[""9.00 am–11.00 pm""],""Thursday"":[""Closed""],""Tuesday"":[""9.00 am–11.00 pm""],""Wednesday"":[""9.00 am–11.00 pm""]}","{""Friday"":{""10"":73,""11"":66,""12"":46,""13"":33,""14"":46,""15"":46,""16"":66,""17"":46,""18"":33,""19"":33,""20"":66,""21"":53,""22"":53,""23"":73,""6"":0,""7"":0,""8"":0,""9"":46},""Monday"":{""10"":53,""11"":53,""12"":66,""13"":53,""14"":66,""15"":60,""16"":60,""17"":46,""18"":33,""19"":26,""20"":53,""21"":60,""22"":100,""23"":0,""6"":0,""7"":0,""8"":0,""9"":46},""Saturday"":{""10"":46,""11"":53,""12"":53,""13"":60,""14"":46,""15"":40,""16"":53,""17"":73,""18"":93,""19"":100,""20"":93,""21"":80,""22"":66,""23"":73,""6"":0,""7"":0,""8"":0,""9"":53},""Sunday"":{""10"":53,""11"":53,""12"":66,""13"":60,""14"":80,""15"":60,""16"":46,""17"":20,""18"":26,""19"":46,""20"":53,""21"":60,""22"":46,""23"":0,""6"":0,""7"":0,""8"":0,""9"":33},""Thursday"":{},""Tuesday"":{""10"":40,""11"":26,""12"":13,""13"":0,""14"":0,""15"":13,""16"":20,""17"":33,""18"":40,""19"":53,""20"":60,""21"":46,""22"":40,""23"":0,""6"":0,""7"":0,""8"":0,""9"":53},""Wednesday"":{""10"":66,""11"":46,""12"":40,""13"":13,""14"":13,""15"":26,""16"":33,""17"":53,""18"":46,""19"":53,""20"":60,""21"":53,""22"":73,""23"":0,""6"":0,""7"":0,""8"":0,""9"":73}}",3,5.0,"{""1"":0,""2"":0,""3"":0,""4"":0,""5"":3}",-3.338617,114.622225,4032699987901595901,0x2de4270d647ed39b:0x37f70745d898c0fd,ChIJm9N-ZA0n5C0R_cCY2EUH9zc,"[{""title"":""All"",""image"":""https://lh3.googleusercontent.com/gps-cs-s/AHRPTWnS91k7Ny1orgyvq8o7F9lZzFfJUPmFjZzavuZtHZma3APx6qIollOQzjEV61U814v1DNyfYMu0wvfpZuSISj4g1GXgz-yufMuLYJZ0dufEjyeQ9f7_mQNzAhOR6T4lrT8mLt3u=w397-h298-k-no""},{""title"":""Menu"",""image"":""https://lh3.googleusercontent.com/gps-cs-s/AHRPTWlTXQgBRfORSkfAze7fEsuURnO-vaYa8UtHg7lKDGE_v9SmNAs-Ws7JbWXH_zWvsRjegBJEARaIJSbruzYeGRrze5utUh177lga3cdt9DRPamR-qqs1R1sHJnWuG66wxBstMDVo8Q=w224-h398-k-no""},{""title"":""Videos"",""image"":""https://lh3.googleusercontent.com/gps-cs-s/AHRPTWk1t47j12WpnGodjgbunUMAROywLt4ME3BSF4iYk-_if-dkPMPTnwIRfr2ut44GDR1qM1ShXilfjhdyq8ozHWZ5uMQrfyWI-uh_EDYb-6PV7JIZzFH4VQlqDyBNCUTDoi0DiOOH=w224-h398-k-no""},{""title"":""Food \u0026 drink"",""image"":""https://lh3.googleusercontent.com/gps-cs-s/AHRPTWn6t7Xp5odeRqOFhZYIBfYA1Egb7eG-rFpx3L0e98Sk5e0qw_q6k0kZto4Sl78c1Qnfjc0Vn8haIC6vHC0kiVrhWF-2xp07pnnTwr3crBla88Kg7ZDj-SZYKy6SAvucu8qIKk7J=w298-h298-k-no""},{""title"":""Coffee"",""image"":""https://lh3.googleusercontent.com/gps-cs-s/AHRPTWl5kcYFCJgdZk48GS6bIQhAtA0nZ24LXyvul0oQjTpvPodpIlrJyBdMg6rAQOOTdRxyW8DFRxZqpMr-ozAFMjVkumRcMbQQOXEDzVzSIo1mwrxhs21wxCdfdB56lJbii_eeCyC1=w224-h298-k-no""},{""title"":""By owner"",""image"":""https://lh3.googleusercontent.com/gps-cs-s/AHRPTWnzrKNicHjvfFQTJV8evx4U4RXvC0-P4pmld9DxBM3ohtWEgE8_U1SSSW-HuNx4PpHyPL6KDwG-KkgQ814-R9z7UvfhsATxWlyg04o72EjUovW5atSequyuKDv4ZiNcYMlRzDiAwQ=w224-h398-k-no""},{""title"":""Street View \u0026 360°"",""image"":""https://streetviewpixels-pa.googleapis.com/v1/thumbnail?panoid=wNu4BfPIbcEWC3_nIK5IQA\u0026cb_client=maps_sv.tactile.gps\u0026w=224\u0026h=298\u0026yaw=171.7343\u0026pitch=0\u0026thumbfov=100""}]","{""link"":"""",""source"":""""}"
3043499d-f7a0-4139-b121-07920cff8870,https://www.google.com/maps/place/Sari+Mulia+Cafe/data=!4m7!3m6!1s0x2de423e30dc1f01f:0x7805d9b2f034b9aa!8m2!3d-3.3277835!4d114.6048534!16s%2Fg%2F11b6nr8kys!19sChIJH_DBDeMj5C0Rqrk08LLZBXg?authuser=0&hl=en&g_ep=EgoyMDI2MDkwMi4wIJJjKgBIAVAD&rclk=1,Sari Mulia Cafe,Cafe,"MJC3+VWQ Sari Mulia Cafe, Jl. P. Antasari, Sungai Baru, Banjarmasin Tengah, Banjarmasin City, South Kalimantan 70233","{""Friday"":[""8.00 am–5.00 pm""],""Monday"":[""8.00 am–5.00 pm""],""Saturday"":[""8.00 am–5.00 pm""],""Sunday"":[""8.00 am–5.00 pm""],""Thursday"":[""8.00 am–5.00 pm""],""Tuesday"":[""8.00 am–5.00 pm""],""Wednesday"":[""8.00 am–5.00 pm""]}",{},9,3.8,"{""1"":1,""2"":0,""3"":3,""4"":1,""5"":4}",-3.327783,114.604853,8648558021992298922,0x2de423e30dc1f01f:0x7805d9b2f034b9aa,ChIJH_DBDeMj5C0Rqrk08LLZBXg,"[{""title"":""All"",""image"":""https://lh3.googleusercontent.com/gps-proxy/ALd4DhEYyomhOwOFVCWnvqM0-EVfwHLTsDBgdFtzNpsq_QorPhr69i-SeQruOL4Af-RWVjxZbC4zu1UMlxcEjZDJJUYaK3aVXTuByPD37Berf9LcfajN2jxPp6uTBkHXgNCetM10-5bJFHDhtfn1TgtJI0IK2PXjCRcuqAOBwkqoQN160oZyPKvy4NcYgYUVu4rrc_Cq0N8=w397-h298-k-no""},{""title"":""Vibe"",""image"":""https://lh3.googleusercontent.com/gps-proxy/ALd4DhGox0nY5WxK08eYm24NVYGvaVN6vTZ-krY9Z6vgZjJks9AnftvKPojlSTKCZcm2omFNfkeK2lpLcJTGalRIa0cy63MvWnQu-j9NgkppTfMmScS8KHEL8u6ZD1h7IAofFz8ylAhBqIy-iXOzeHPfkIW8iTbKrOfn8AOVM_ob4rlAXA711rmhUnkH564BJFo6PuSnvg=w397-h298-k-no""},{""title"":""Street View \u0026 360°"",""image"":""https://streetviewpixels-pa.googleapis.com/v1/thumbnail?panoid=AoUPRFqihVzpGrhMqKG0HA\u0026cb_client=maps_sv.tactile.gps\u0026w=224\u0026h=298\u0026yaw=348.96973\u0026pitch=0\u0026thumbfov=100""}]","{""link"":"""",""source"":""""}"
3043499d-f7a0-4139-b121-07920cff8870,https://www.google.com/maps/place/AL+Malihah/data=!4m7!3m6!1s0x2de421a0f3287d1d:0x13fd06718d268022!8m2!3d-3.3238398!4d114.6123148!16s%2Fg%2F11xljbhq1x!19sChIJHX0o86Ah5C0RIoAmjXEG_RM?authuser=0&hl=en&g_ep=EgoyMDI2MDkwMi4wIJJjKgBIAVAD&rclk=1,AL Malihah,Donut shop,"Gg. Delima komp.cinta damai, Kebun Bunga, Kec. Banjarmasin Tim., Kota Banjarmasin, Kalimantan Selatan 70235",{},{},1,5.0,"{""1"":0,""2"":0,""3"":0,""4"":0,""5"":1}",-3.32384,114.612315,1440314540597608482,0x2de421a0f3287d1d:0x13fd06718d268022,ChIJHX0o86Ah5C0RIoAmjXEG_RM,"[{""title"":""All"",""image"":""https://lh3.googleusercontent.com/gps-cs-s/AHRPTWkg6vKYnvHvl5ZHhsJ0EWjOo0dX0cV8Jhl-wjqpB94Fa6mZKZDX1xmieVPaBl5kdfUdmOi0838fLNOlMJoNmgaIaDyE83U4t7gt7xrM3gl1ARE6mJcn0X1AgrW7I9XJti2A5LpU6P6x1pg=w397-h298-k-no""},{""title"":""Food \u0026 drink"",""image"":""https://lh3.googleusercontent.com/gps-cs-s/AHRPTWkVBtW7e-i2SMtAQXhwZTbUG_u4K1q-FCx6_nv6FrlzQnLvIRwWMOsKPn8zH0AWJwpqLzxo0Ihwpiq6IMmgNy4oV0LRIQsoYzqNHkCQBHFsAmNTXgQbMDHRPClxBlFmWKIABfN7L0elO2PW=w224-h298-k-no""},{""title"":""Doughnut"",""image"":""https://lh3.googleusercontent.com/gps-cs-s/AHRPTWlKvQJRdEMv7SZx7zeYJPmELderGErJ8UJNr2VWTtdRtBUV7ga2g5x12yNd6aobJKY3PWWzaDh99VzmaGJ3880Iju82_atbuOkbBlDipjnpZW-RPBw5xJVxfxN7ocfu0ORoMw-kN8lg7U93=w224-h298-k-no""}]","{""link"":"""",""source"":""""}"
3043499d-f7a0-4139-b121-07920cff8870,https://www.google.com/maps/place/Warung+Mama+Opek/data=!4m7!3m6!1s0x2de4230066c0bc7b:0x579d41790cac5a06!8m2!3d-3.3287557!4d114.6074343!16s%2Fg%2F11wmyg7w0f!19sChIJe7zAZgAj5C0RBlqsDHlBnVc?authuser=0&hl=en&g_ep=EgoyMDI2MDkwMi4wIJJjKgBIAVAD&rclk=1,Warung Mama Opek,Coffee shop,"MJC4+FXV Warung Mama Opek, Gg. Binjai, Karang Mekar, Kec. Banjarmasin Tim., Kota Banjarmasin, Kalimantan Selatan 70236","{""Friday"":[""6.00 am–12.00 am""],""Monday"":[""6.00 am–12.00 am""],""Saturday"":[""6.00 am–12.00 am""],""Sunday"":[""6.00 am–12.00 am""],""Thursday"":[""6.00 am–12.00 am""],""Tuesday"":[""6.00 am–12.00 am""],""Wednesday"":[""6.00 am–12.00 am""]}","{""Friday"":{""10"":41,""11"":45,""12"":33,""13"":20,""14"":25,""15"":16,""16"":20,""17"":20,""18"":45,""19"":58,""20"":95,""21"":100,""22"":83,""23"":66,""5"":0,""6"":37,""7"":41,""8"":45,""9"":41},""Monday"":{""10"":58,""11"":66,""12"":54,""13"":37,""14"":41,""15"":41,""16"":70,""17"":58,""18"":66,""19"":70,""20"":66,""21"":45,""22"":20,""23"":8,""5"":0,""6"":33,""7"":41,""8"":41,""9"":54},""Saturday"":{""10"":75,""11"":66,""12"":58,""13"":58,""14"":66,""15"":41,""16"":41,""17"":50,""18"":70,""19"":70,""20"":58,""21"":37,""22"":33,""23"":29,""5"":0,""6"":33,""7"":33,""8"":45,""9"":66},""Sunday"":{""10"":62,""11"":58,""12"":41,""13"":29,""14"":29,""15"":41,""16"":58,""17"":79,""18"":62,""19"":58,""20"":58,""21"":79,""22"":75,""23"":75,""5"":0,""6"":25,""7"":29,""8"":37,""9"":54},""Thursday"":{""10"":58,""11"":62,""12"":62,""13"":58,""14"":62,""15"":54,""16"":70,""17"":62,""18"":66,""19"":66,""20"":66,""21"":75,""22"":75,""23"":66,""5"":0,""6"":29,""7"":25,""8"":33,""9"":37},""Tuesday"":{""10"":58,""11"":62,""12"":54,""13"":45,""14"":45,""15"":37,""16"":41,""17"":33,""18"":37,""19"":41,""20"":58,""21"":62,""22"":66,""23"":54,""5"":0,""6"":20,""7"":29,""8"":41,""9"":58},""Wednesday"":{""10"":91,""11"":66,""12"":37,""13"":33,""14"":29,""15"":33,""16"":37,""17"":41,""18"":58,""19"":66,""20"":87,""21"":100,""22"":100,""23"":70,""5"":0,""6"":41,""7"":54,""8"":70,""9"":91}}",3,5.0,"{""1"":0,""2"":0,""3"":0,""4"":0,""5"":3}",-3.328756,114.607434,6313274240802773510,0x2de4230066c0bc7b:0x579d41790cac5a06,ChIJe7zAZgAj5C0RBlqsDHlBnVc,"[{""title"":""All"",""image"":""https://streetviewpixels-pa.googleapis.com/v1/thumbnail?panoid=D5WwZhZ3IOR2kEIL8S5M5A\u0026cb_client=maps_sv.tactile.gps\u0026w=224\u0026h=298\u0026yaw=162.07239\u0026pitch=0\u0026thumbfov=100""},{""title"":""Street View \u0026 360°"",""image"":""https://streetviewpixels-pa.googleapis.com/v1/thumbnail?panoid=D5WwZhZ3IOR2kEIL8S5M5A\u0026cb_client=maps_sv.tactile.gps\u0026w=224\u0026h=298\u0026yaw=162.07239\u0026pitch=0\u0026thumbfov=100""}]","{""link"":"""",""source"":""""}"
3043499d-f7a0-4139-b121-07920cff8870,https://www.google.com/maps/place/skyco_bdj/data=!4m7!3m6!1s0x2de423268722235f:0xf9b5d68ecf561975!8m2!3d-3.3193845!4d114.6087103!16s%2Fg%2F11q7zfr9n0!19sChIJXyMihyYj5C0RdRlWz47Wtfk?authuser=0&hl=en&g_ep=EgoyMDI2MDkwMi4wIJJjKgBIAVAD&rclk=1,skyco_bdj,Coffee shop,"Jl. Veteran Gg. Antara No.55 Rt.23, Sungai Bilu, Kec. Banjarmasin Tim., Kota Banjarmasin, Kalimantan Selatan 70236","{""Friday"":[""9.00 am–8.00 pm""],""Monday"":[""9.00 am–8.00 pm""],""Saturday"":[""9.00 am–8.00 pm""],""Sunday"":[""Closed""],""Thursday"":[""9.00 am–8.00 pm""],""Tuesday"":[""9.00 am–8.00 pm""],""Wednesday"":[""9.00 am–8.00 pm""]}",{},0,0.0,"{""1"":0,""2"":0,""3"":0,""4"":0,""5"":0}",-3.319384,114.60871,17993523795080911221,0x2de423268722235f:0xf9b5d68ecf561975,ChIJXyMihyYj5C0RdRlWz47Wtfk,"[{""title"":""All"",""image"":""https://lh3.googleusercontent.com/gps-cs-s/AHRPTWnaPgQBD1JGQVfyE7Kp8bGEEWnWv81iHnXbqHTWeIHHhNYOrMdUTq0-p5NfAvQAw8s1AX5LbjqrWOcxyU-7II1BbIHhak3fdUBKJEB7Is_pj5f4uUVq-YC-vmdTTl-doDk_QBa5=w224-h298-k-no""},{""title"":""Coffee"",""image"":""https://lh3.googleusercontent.com/gps-cs-s/AHRPTWnaPgQBD1JGQVfyE7Kp8bGEEWnWv81iHnXbqHTWeIHHhNYOrMdUTq0-p5NfAvQAw8s1AX5LbjqrWOcxyU-7II1BbIHhak3fdUBKJEB7Is_pj5f4uUVq-YC-vmdTTl-doDk_QBa5=w224-h298-k-no""},{""title"":""By owner"",""image"":""https://lh3.googleusercontent.com/gps-cs-s/AHRPTWkgFh4lQYVds5RCWWGJdI39oJ6iWwNgAQrfsEAy2zr5Sj2cS1MLPXEIAOoTx2fEHCLOjKon0M3tAzdsocY7BaCc_yfej1fP0PJr6ahdpVvET2nYH1n49JNp-EWVm4-8VSH8uHpO=w285-h298-k-no""}]","{""link"":"""",""source"":""""}"
3043499d-f7a0-4139-b121-07920cff8870,https://www.google.com/maps/place/Kopi+Kenangan+-+Ruko+Gatot+Subroto+Banjarmasin/data=!4m7!3m6!1s0x2de42367301c8cd5:0x56c0377f942406e0!8m2!3d-3.3268905!4d114.61739!16s%2Fg%2F11qbcgcc34!19sChIJ1YwcMGcj5C0R4AYklH83wFY?authuser=0&hl=en&g_ep=EgoyMDI2MDkwMi4wIJJjKgBIAVAD&rclk=1,Kopi Kenangan - Ruko Gatot Subroto Banjarmasin,Coffee shop,"Jl. Gatot Subroto, Kebun Bunga, Banjarmasin Timur, Banjarmasin City, South Kalimantan 70235","{""Friday"":[""Open 24 hours""],""Monday"":[""Open 24 hours""],""Saturday"":[""Open 24 hours""],""Sunday"":[""Open 24 hours""],""Thursday"":[""Open 24 hours""],""Tuesday"":[""Open 24 hours""],""Wednesday"":[""Open 24 hours""]}","{""Friday"":{""0"":40,""1"":23,""10"":24,""11"":29,""12"":31,""13"":34,""14"":38,""15"":41,""16"":44,""17"":47,""18"":52,""19"":63,""2"":12,""20"":79,""21"":90,""22"":84,""23"":66,""3"":7,""4"":4,""5"":3,""6"":4,""7"":9,""8"":15,""9"":20},""Monday"":{""0"":40,""1"":21,""10"":29,""11"":37,""12"":40,""13"":43,""14"":40,""15"":40,""16"":40,""17"":42,""18"":48,""19"":58,""2"":11,""20"":73,""21"":82,""22"":81,""23"":64,""3"":6,""4"":4,""5"":4,""6"":6,""7"":12,""8"":19,""9"":24},""Saturday"":{""0"":52,""1"":33,""10"":30,""11"":36,""12"":38,""13"":41,""14"":43,""15"":44,""16"":45,""17"":47,""18"":54,""19"":69,""2"":20,""20"":88,""21"":100,""22"":96,""23"":79,""3"":12,""4"":7,""5"":4,""6"":5,""7"":11,""8"":17,""9"":25},""Sunday"":{""0"":36,""1"":20,""10"":24,""11"":32,""12"":41,""13"":45,""14"":45,""15"":45,""16"":45,""17"":54,""18"":62,""19"":76,""2"":10,""20"":87,""21"":88,""22"":78,""23"":60,""3"":5,""4"":4,""5"":4,""6"":5,""7"":5,""8"":10,""9"":15},""Thursday"":{""0"":36,""1"":23,""10"":24,""11"":31,""12"":36,""13"":38,""14"":40,""15"":42,""16"":43,""17"":41,""18"":43,""19"":51,""2"":13,""20"":64,""21"":69,""22"":65,""23"":53,""3"":9,""4"":5,""5"":5,""6"":7,""7"":11,""8"":16,""9"":19},""Tuesday"":{""0"":38,""1"":21,""10"":28,""11"":33,""12"":39,""13"":42,""14"":41,""15"":40,""16"":41,""17"":43,""18"":52,""19"":64,""2"":12,""20"":78,""21"":83,""22"":77,""23"":61,""3"":8,""4"":4,""5"":4,""6"":8,""7"":14,""8"":20,""9"":23},""Wednesday"":{""0"":39,""1"":21,""10"":28,""11"":33,""12"":39,""13"":43,""14"":45,""15"":46,""16"":49,""17"":53,""18"":57,""19"":66,""2"":10,""20"":79,""21"":85,""22"":76,""23"":61,""3"":5,""4"":5,""5"":5,""6"":8,""7"":12,""8"":19,""9"":24}}",311,4.1,"{""1"":42,""2"":11,""3"":12,""4"":46,""5"":200}",-3.32689,114.61739,6251057303876011744,0x2de42367301c8cd5:0x56c0377f942406e0,ChIJ1YwcMGcj5C0R4AYklH83wFY,"[{""title"":""All"",""image"":""https://lh3.googleusercontent.com/gps-cs-s/AHRPTWn0-7V3MR2ecUgLYl-bJSRoAcomr2wPqdvnfwxaMPpYR4aOcmmSEP_9xiRp5KLHxe4ExQcB7kGHeeqOVuVKWUKyxy5uOcdbQqsOgxjATwu2ERttxEHn9POrD_tZOrtHxNoGWPLi9iBF3uc=w224-h298-k-no""},{""title"":""Latest"",""image"":""https://lh3.googleusercontent.com/gps-cs-s/AHRPTWnbYTZ8VhMwPT4C3XSTpfV1RJ-mm0w6YWhG2KTLqcEN203NLdjdb9-G0-bA6THUaCRKj_l3xi57T_nebx2rsou76gt75yT5AyMpjkAXnMmRglp78QFwYPjyZlAs1d9oDB-zRyFewHjydhs=w224-h298-k-no""},{""title"":""Videos"",""image"":""https://lh3.googleusercontent.com/gps-cs-s/AHRPTWlMiOa78KqbDspOmguSITsIM0HleGXs4bt3RT8Ch3cfI_EkP5P1ODboaGWFoDRAhFBb4SD8wGxgEn29QYh8RRPi3jht7A_SmTjoQwF5VwUGzOoXbwePgWS7lk4nNR-yJHdRtiGjDT5oHmnN=w224-h398-k-no""},{""title"":""Menu"",""image"":""https://lh3.googleusercontent.com/gps-cs-s/AHRPTWlHuJ5BucOwgaqsRYo9Ok43SLJjEwIb74oIZHZfRGwB3BcS6QJ3Dbi6V5AND6h-NHGhz-d223XcHyp7h1hKhwbNzsB4OmMK-6eDM4OEPDYtec03nHuuGxgFEf9khfh3sEUBgrX3yA=w421-h298-k-no""},{""title"":""Food \u0026 drink"",""image"":""https://lh3.googleusercontent.com/gps-cs-s/AHRPTWlTqWG4MWof0o7ryoAL2S2UbWW1cZyTetjmOEkRWxXKrHpeItNK1TuCHY1LnrrhoV1-HmjdcQZIR-S6hY7-JEsE3JwxXmPsAdDOu01zB-NDdL1pcbRw5XCctr2GRwggzy_5zsVu9w=w529-h298-k-no""},{""title"":""Vibe"",""image"":""https://lh3.googleusercontent.com/gps-cs-s/AHRPTWljoVitAKh-3ZMvYun8ZKqdReM3LNxplGDo05dVlKjA5kQStgilcZ-HxVlpddbkOGTbMXAqjYdIcL3jkR4D7KPeX5Xnw50wnmafMgnqUUshFvGRCKZkSdLql8yG2X59R_mCIvekozwgzboM=w224-h298-k-no""},{""title"":""Iced coffee"",""image"":""https://lh3.googleusercontent.com/gps-cs-s/AHRPTWm74TK13BC0ADdthPk-YnbftxcGB_yRZsDzZgNdMZTrtp2RARhn3kauHCsm0Tk6xUfJiwjW-k9M58I5wLS5TqnbUP-vGsgDJdBNCgMt8N2twge16-HhMbVdgVENXCSCkFWAV6zcKibxKyPy=w447-h298-k-no""},{""title"":""Coffee"",""image"":""https://lh3.googleusercontent.com/gps-cs-s/AHRPTWkupZ-0yeQQApon-us9AvkzUz3zBFcNE-DlyeYwKIJp7BxNFDRur1QjHR84E4ocWK1ILZ4D_rPdMQ9rkIu-uBaULpq8A8fP8FiM15IWzd8StO3veI3gJJKZF5-EhgtQ8y6HmuQGNQ=w224-h298-k-no""},{""title"":""By owner"",""image"":""https://lh3.googleusercontent.com/gps-cs-s/AHRPTWkmxk-SnmYQaTsl8KE8Chf188QDDC8uF73IiUX6ii99CrBHJ3t3As9mjhVTZdTM23amQwbOsqEWiFm5lUqPEe51na3mVSJVi3Jr2URcRLBTJVXosPSQhPc1ox6GEoP1d56-URU=w529-h298-k-no""},{""title"":""Street View \u0026 360°"",""image"":""https://streetviewpixels-pa.googleapis.com/v1/thumbnail?panoid=GAK42VIsqSFZLDuP9cgb2w\u0026cb_client=maps_sv.tactile.gps\u0026w=224\u0026h=298\u0026yaw=89.87948\u0026pitch=0\u0026thumbfov=100""}]","{""link"":"""",""source"":""""}"
3043499d-f7a0-4139-b121-07920cff8870,https://www.google.com/maps/place/Teras+Roti+Kopi/data=!4m7!3m6!1s0x2de42382d4408e8d:0xbbfadc33735c3454!8m2!3d-3.3293427!4d114.6050652!16s%2Fg%2F11nvb71zf3!19sChIJjY5A1IIj5C0RVDRcczPc-rs?authuser=0&hl=en&g_ep=EgoyMDI2MDkwMi4wIJJjKgBIAVAD&rclk=1,Teras Roti Kopi,Coffee shop,"Jl. Putri Junjung Buih No.23, Karang Mekar, Kec. Banjarmasin Tim., Kota Banjarmasin, Kalimantan Selatan 70234","{""Friday"":[""7.00 am–10.00 pm""],""Monday"":[""7.00 am–10.00 pm""],""Saturday"":[""7.00 am–10.00 pm""],""Sunday"":[""7.00 am–8.00 pm""],""Thursday"":[""7.00 am–10.00 pm""],""Tuesday"":[""7.00 am–10.00 pm""],""Wednesday"":[""7.00 am–10.00 pm""]}",{},0,0.0,"{""1"":0,""2"":0,""3"":0,""4"":0,""5"":0}",-3.329343,114.605065,13545380942807053396,0x2de42382d4408e8d:0xbbfadc33735c3454,ChIJjY5A1IIj5C0RVDRcczPc-rs,"[{""title"":""All"",""image"":""https://lh3.googleusercontent.com/gps-cs-s/AHRPTWmtPpuuVt-RtFs7rQoBbjPs2OUNRoAZ-VkhCP1AAWx1y-YSi4RC1w6xt2MAz8ycJGlJQ_ESo3t0gLibvtm-xFKdye4ZMaChlJWVM7Hb562XtNqSGEeg3fyo1Tn0c2ztCi_dUmgoJMaTO6Q=w224-h497-k-no""},{""title"":""Latest"",""image"":""https://lh3.googleusercontent.com/gps-cs-s/AHRPTWkoZeaQv-V_U3xgaNNPv8f9C9qS8L-epb6I5yzN_8sthvU9WLS0N1pIlEyFZ6ClA9zBaD0tu8mJXTNBKY4dfR8ZJi8IpOH612c_qLbHR8tlR3zv7piShIya6MROpIvC7L2EHDX7avkswqHk=w224-h501-k-no""},{""title"":""Menu"",""image"":""https://lh3.googleusercontent.com/gps-cs-s/AHRPTWmGk_1cDRQmV5FgJ-C6IRntblrw9GQVVT1z0E3qrbruJot3SByoLTWCLo440rVAJZXT67pS8QrWNlAw53kGB-Bt0yQ4waUWDDq-SIZQphFUSiOkmFAReBKbcyIQYVpLSgSol1RXYDnwjqO0=w224-h497-k-no""},{""title"":""Food \u0026 drink"",""image"":""https://lh3.googleusercontent.com/gps-cs-s/AHRPTWkoZeaQv-V_U3xgaNNPv8f9C9qS8L-epb6I5yzN_8sthvU9WLS0N1pIlEyFZ6ClA9zBaD0tu8mJXTNBKY4dfR8ZJi8IpOH612c_qLbHR8tlR3zv7piShIya6MROpIvC7L2EHDX7avkswqHk=w224-h501-k-no""},{""title"":""By owner"",""image"":""https://lh3.googleusercontent.com/gps-cs-s/AHRPTWmtPpuuVt-RtFs7rQoBbjPs2OUNRoAZ-VkhCP1AAWx1y-YSi4RC1w6xt2MAz8ycJGlJQ_ESo3t0gLibvtm-xFKdye4ZMaChlJWVM7Hb562XtNqSGEeg3fyo1Tn0c2ztCi_dUmgoJMaTO6Q=w224-h497-k-no""}]","{""link"":"""",""source"":""""}"
3043499d-f7a0-4139-b121-07920cff8870,https://www.google.com/maps/place/MARSCOFF/data=!4m7!3m6!1s0x2de42300435629c1:0x14d16c4cc8deef2b!8m2!3d-3.3199536!4d114.613748!16s%2Fg%2F11zhzdq716!19sChIJwSlWQwAj5C0RK-_eyExs0RQ?authuser=0&hl=en&g_ep=EgoyMDI2MDkwMi4wIJJjKgBIAVAD&rclk=1,MARSCOFF,Coffee shop,"sebelum SMP 7 sekitar 700 meter, veteran sekitar 30 meter Jl.veteran Seberang, Jl. Veteran Gg. Dwikora Gg. Baru No.samping, Kuripan, Kec. Banjarmasin Tim., Kota Banjarmasin, Kalimantan Selatan 70239","{""Friday"":[""7.00 pm–1.09 am""],""Monday"":[""7.00 pm–1.09 am""],""Saturday"":[""7.00 pm–1.09 am""],""Sunday"":[""7.00 pm–1.09 am""],""Thursday"":[""7.00 pm–1.09 am""],""Tuesday"":[""7.00 pm–1.09 am""],""Wednesday"":[""7.00 pm–1.09 am""]}",{},0,0.0,"{""1"":0,""2"":0,""3"":0,""4"":0,""5"":0}",-3.319954,114.613748,1500099227934453547,0x2de42300435629c1:0x14d16c4cc8deef2b,ChIJwSlWQwAj5C0RK-_eyExs0RQ,"[{""title"":""All"",""image"":""https://streetviewpixels-pa.googleapis.com/v1/thumbnail?panoid=TFCtRNrcXfMIG7wH1vPcEA\u0026cb_client=maps_sv.tactile.gps\u0026w=224\u0026h=298\u0026yaw=190.9834\u0026pitch=0\u0026thumbfov=100""},{""title"":""Street View \u0026 360°"",""image"":""https://streetviewpixels-pa.googleapis.com/v1/thumbnail?panoid=TFCtRNrcXfMIG7wH1vPcEA\u0026cb_client=maps_sv.tactile.gps\u0026w=224\u0026h=298\u0026yaw=190.9834\u0026pitch=0\u0026thumbfov=100""}]","{""link"":"""",""source"":""""}"
3043499d-f7a0-4139-b121-07920cff8870,https://www.google.com/maps/place/King+Donut/data=!4m7!3m6!1s0x2de4230042ca69db:0x692e7abdce9099b5!8m2!3d-3.3201003!4d114.6109326!16s%2Fg%2F11vx0_53hs!19sChIJ22nKQgAj5C0RtZmQzr16Lmk?authuser=0&hl=en&g_ep=EgoyMDI2MDkwMi4wIJJjKgBIAVAD&rclk=1,King Donut,Donut shop,"Jl. Veteran Sungai Bilu, Kuripan, Kec. Banjarmasin Tim., Kota Banjarmasin, Kalimantan Selatan 70239","{""Friday"":[""10.00 am–10.00 pm""],""Monday"":[""10.00 am–10.00 pm""],""Saturday"":[""10.00 am–10.00 pm""],""Sunday"":[""10.00 am–10.00 pm""],""Thursday"":[""10.00 am–10.00 pm""],""Tuesday"":[""10.00 am–10.00 pm""],""Wednesday"":[""10.00 am–10.00 pm""]}","{""Friday"":{""10"":31,""11"":58,""12"":96,""13"":100,""14"":67,""15"":45,""16"":38,""17"":43,""18"":52,""19"":57,""20"":51,""21"":39,""22"":0,""23"":0,""6"":0,""7"":0,""8"":0,""9"":0},""Monday"":{""10"":20,""11"":25,""12"":32,""13"":39,""14"":40,""15"":41,""16"":40,""17"":35,""18"":38,""19"":32,""20"":29,""21"":23,""22"":0,""23"":0,""6"":0,""7"":0,""8"":0,""9"":0},""Saturday"":{""10"":18,""11"":25,""12"":36,""13"":40,""14"":41,""15"":41,""16"":45,""17"":43,""18"":40,""19"":42,""20"":39,""21"":36,""22"":0,""23"":0,""6"":0,""7"":0,""8"":0,""9"":0},""Sunday"":{""10"":19,""11"":23,""12"":27,""13"":29,""14"":27,""15"":27,""16"":27,""17"":27,""18"":31,""19"":36,""20"":37,""21"":38,""22"":0,""23"":0,""6"":0,""7"":0,""8"":0,""9"":0},""Thursday"":{""10"":31,""11"":35,""12"":38,""13"":37,""14"":37,""15"":39,""16"":40,""17"":38,""18"":43,""19"":43,""20"":36,""21"":21,""22"":0,""23"":0,""6"":0,""7"":0,""8"":0,""9"":0},""Tuesday"":{""10"":22,""11"":29,""12"":39,""13"":43,""14"":39,""15"":36,""16"":35,""17"":33,""18"":37,""19"":37,""20"":30,""21"":26,""22"":0,""23"":0,""6"":0,""7"":0,""8"":0,""9"":0},""Wednesday"":{""10"":23,""11"":30,""12"":38,""13"":41,""14"":40,""15"":37,""16"":36,""17"":34,""18"":38,""19"":41,""20"":34,""21"":29,""22"":0,""23"":0,""6"":0,""7"":0,""8"":0,""9"":0}}",40,4.3,"{""1"":3,""2"":3,""3"":3,""4"":1,""5"":30}",-3.3201,114.610933,7579130178544114101,0x2de4230042ca69db:0x692e7abdce9099b5,ChIJ22nKQgAj5C0RtZmQzr16Lmk,"[{""title"":""All"",""image"":""https://lh3.googleusercontent.com/gps-cs-s/AHRPTWmWO-yaI47VDimkg6nxHsAFP-zZ0vtoZgLzHJ0e5LunBCTNLVplgnAsHp0iHSfVpxKbED715pIIZJ9OJzL1FehQ7ZKLk_jzLIHL8yRL2qiqDGEIZjCXA3WwqrR6fusKLUhPApUkFivvwo3G=w397-h298-k-no""},{""title"":""Menu"",""image"":""https://lh3.googleusercontent.com/gps-cs-s/AHRPTWkgKTuE7kWpWftUIC7yvK2l4lzMo2_wTNyysmq4iOu83g-TdWbP4P1IBGvJg6bFcz-nHvMYT5ccagpqsYtMZINWaaWoRXZteACjnf7iMrs-k-nMAUb9oEJJBDGH9iU3Jn7bdubs=w224-h396-k-no""},{""title"":""Videos"",""image"":""https://lh3.googleusercontent.com/gps-cs-s/AHRPTWlsir3Fso2OECGAFUJkWwXsSZD1klM19sOZUlN_k94uHYQR4CUpGR7IiMRC8DJDHS57ts4hbmumwRgUxSOzdc_OuCeJzr8B5Uv_04K1H-MLRcsgzmHOJoh3JPIfuv4rqKqgL5UO=w224-h398-k-no""},{""title"":""Food \u0026 drink"",""image"":""https://lh3.googleusercontent.com/gps-cs-s/AHRPTWmH3x83rpB27Doa8zOT6yeHZWs38CTfILgpBlp45zi12We2kEIpu-20So1xAhU_aEZBukFreA-_SJf8k9dmhFWv_4Lj41W5MpvWXtbvK_TqfVEv3SsuFRfAIBaW42e2YyHQNDwsrrned-o=w224-h398-k-no""},{""title"":""Doughnut"",""image"":""https://lh3.googleusercontent.com/gps-cs-s/AHRPTWnZbj1f8Z24rIid0At-8i1xknuLe4LhLjLw_E6LGEFJUXPGGNzMg1UUV8-FYqcXvMASFTwOjQLB0PPP-w-XuXfsQcTm8q4-hhIGHW10l7063s2TT9WbA73REPW-hPJJrpDA1dJF=w224-h398-k-no""},{""title"":""Street View \u0026 360°"",""image"":""https://streetviewpixels-pa.googleapis.com/v1/thumbnail?panoid=gc4fLYhHavsQf6ZjLKPlcg\u0026cb_client=maps_sv.tactile.gps\u0026w=224\u0026h=298\u0026yaw=161.77126\u0026pitch=0\u0026thumbfov=100""}]","{""link"":"""",""source"":""""}"
3043499d-f7a0-4139-b121-07920cff8870,https://www.google.com/maps/place/Es+Teh+Jumbo+Tiga+AL+Khas+solo/data=!4m7!3m6!1s0x2de42300188d6ee7:0x92c7b2776f05e7a0!8m2!3d-3.3199779!4d114.6113157!16s%2Fg%2F11yqfrmthq!19sChIJ526NGAAj5C0RoOcFb3eyx5I?authuser=0&hl=en&g_ep=EgoyMDI2MDkwMi4wIJJjKgBIAVAD&rclk=1,Es Teh Jumbo Tiga AL Khas solo,Coffee shop,"MJJ6+2H4 Es Teh Jumbo Tiga AL Khas solo, Jl. Veteran Sungai Bilu, Kuripan, Kec. Banjarmasin Tim., Kota Banjarmasin, Kalimantan Selatan 70239",{},{},0,0.0,"{""1"":0,""2"":0,""3"":0,""4"":0,""5"":0}",-3.319978,114.611316,10576618475936409504,0x2de42300188d6ee7:0x92c7b2776f05e7a0,ChIJ526NGAAj5C0RoOcFb3eyx5I,"[{""title"":""All"",""image"":""https://streetviewpixels-pa.googleapis.com/v1/thumbnail?panoid=do27tVkEoI-qv7BtkrUYMQ\u0026cb_client=maps_sv.tactile.gps\u0026w=224\u0026h=298\u0026yaw=201.51059\u0026pitch=0\u0026thumbfov=100""},{""title"":""Street View \u0026 360°"",""image"":""https://streetviewpixels-pa.googleapis.com/v1/thumbnail?panoid=do27tVkEoI-qv7BtkrUYMQ\u0026cb_client=maps_sv.tactile.gps\u0026w=224\u0026h=298\u0026yaw=201.51059\u0026pitch=0\u0026thumbfov=100""}]","{""link"":"""",""source"":""""}"
3043499d-f7a0-4139-b121-07920cff8870,https://www.google.com/maps/place/Flo+Playstation/data=!4m7!3m6!1s0x2de4234fd29f88eb:0xfdadc7e4afee185b!8m2!3d-3.3272823!4d114.607007!16s%2Fg%2F11stb1yb_w!19sChIJ64if0k8j5C0RWxjur-THrf0?authuser=0&hl=en&g_ep=EgoyMDI2MDkwMi4wIJJjKgBIAVAD&rclk=1,Flo Playstation,Coffee shop,"Jl. A. Yani No.184, Karang Mekar, Banjarmasin Timur, Banjarmasin City, South Kalimantan 70236",{},{},70,3.9,"{""1"":17,""2"":1,""3"":1,""4"":5,""5"":46}",-3.327282,114.607007,18279486247584798811,0x2de4234fd29f88eb:0xfdadc7e4afee185b,ChIJ64if0k8j5C0RWxjur-THrf0,"[{""title"":""All"",""image"":""https://lh3.googleusercontent.com/gps-cs-s/AHRPTWmAa5wZvAyKCIGxVF_OW9nXCx5XqQO_ZRuFA3iEYvUaIyDVtOedFV-y77Qn1UqLMubRJwITVFDTEABqBRDSbj-UicwociDd6EXEHPRi0PWvdaWCpdnl8Xl7rOssacTztVG9jToB=w397-h298-k-no""},{""title"":""Vibe"",""image"":""https://lh3.googleusercontent.com/gps-cs-s/AHRPTWmAa5wZvAyKCIGxVF_OW9nXCx5XqQO_ZRuFA3iEYvUaIyDVtOedFV-y77Qn1UqLMubRJwITVFDTEABqBRDSbj-UicwociDd6EXEHPRi0PWvdaWCpdnl8Xl7rOssacTztVG9jToB=w397-h298-k-no""},{""title"":""Street View \u0026 360°"",""image"":""https://streetviewpixels-pa.googleapis.com/v1/thumbnail?panoid=sdy25Z8QGFjitNJVbZ49YA\u0026cb_client=maps_sv.tactile.gps\u0026w=224\u0026h=298\u0026yaw=231.0606\u0026pitch=0\u0026thumbfov=100""}]","{""link"":"""",""source"":""""}"
3043499d-f7a0-4139-b121-07920cff8870,https://www.google.com/maps/place/South+Borneo+coffee/data=!4m7!3m6!1s0x2de4213bee81adc3:0xbda269bd82cfff61!8m2!3d-3.3324338!4d114.6131106!16s%2Fg%2F11jp4qvnnc!19sChIJw62B7jsh5C0RYf_Pgr1por0?authuser=0&hl=en&g_ep=EgoyMDI2MDkwMi4wIJJjKgBIAVAD&rclk=1,South Borneo coffee,Coffee shop,"MJ97+26H South Borneo coffee, Karang Mekar, Kec. Banjarmasin Tim., Kota Banjarmasin, Kalimantan Selatan 70237","{""Friday"":[""3.30 pm–1.00 am""],""Monday"":[""3.30 pm–1.00 am""],""Saturday"":[""3.30 pm–1.00 am""],""Sunday"":[""3.30 pm–1.00 am""],""Thursday"":[""3.30 pm–1.00 am""],""Tuesday"":[""3.30 pm–1.00 am""],""Wednesday"":[""3.30 pm–1.00 am""]}",{},4,4.3,"{""1"":0,""2"":1,""3"":0,""4"":0,""5"":3}",-3.332434,114.613111,13664600482059911009,0x2de4213bee81adc3:0xbda269bd82cfff61,ChIJw62B7jsh5C0RYf_Pgr1por0,"[{""title"":""All"",""image"":""https://lh3.googleusercontent.com/gps-cs-s/AHRPTWkt2gXZecJ0MS2RVB5PpxajzJX8WpLCBdUUuIJCV-IzHlnxb80lfxCwkWvVQuuV4x1CcHwgee3NzZmmnhlh98xm2LvdwczOHloWdNzx0t9mL2JU44VimOy2O2Tx8wNIJ3SYvSkKNQ=w449-h298-k-no""},{""title"":""Food \u0026 drink"",""image"":""https://lh3.googleusercontent.com/gps-cs-s/AHRPTWlfnzXVZZWqqNdQzPOCdAefw-d073yWZjY4Avrz_HAXk9OvR95CSerDllQuW93IAyP45QbpWk-846DoQ9zuis9ziJsWww4dCx6qtvJVHKgsaEsBnsjilLxRGL-kXN2DLVljtJHM=w224-h298-k-no""},{""title"":""Coffee"",""image"":""https://lh3.googleusercontent.com/gps-cs-s/AHRPTWm4f4P-mHp7T1ToLZRi-yr53wFTgQriev2yL6FMCw8KYQsLokNPwsIIiVw2LH99EoTSxP1v4h8oC6RfoRo1LrT-E8p7Vy71MlPllq_tfYj83YX-ly6mg9exDCsgbxpXqYPbQHsolQ=w224-h398-k-no""},{""title"":""Street View \u0026 360°"",""image"":""https://streetviewpixels-pa.googleapis.com/v1/thumbnail?panoid=zLNXkyfvEKEDsK819Hhrdg\u0026cb_client=maps_sv.tactile.gps\u0026w=224\u0026h=298\u0026yaw=159.07378\u0026pitch=0\u0026thumbfov=100""}]","{""link"":"""",""source"":""""}"
3043499d-f7a0-4139-b121-07920cff8870,https://www.google.com/maps/place/April+bakery/data=!4m7!3m6!1s0x2de4232068e9b7fb:0x6e29e06e64f71cd9!8m2!3d-3.3213945!4d114.611906!16s%2Fg%2F11ks0g1cwr!19sChIJ-7fpaCAj5C0R2Rz3ZG7gKW4?authuser=0&hl=en&g_ep=EgoyMDI2MDkwMi4wIJJjKgBIAVAD&rclk=1,April bakery,Cake shop,"Jl. Veteran Gg. 9 No.60, RT.19/RW.02, Kuripan, Kec. Banjarmasin Tim., Kota Banjarmasin, Kalimantan Selatan 70236",{},{},3,5.0,"{""1"":0,""2"":0,""3"":0,""4"":0,""5"":3}",-3.321394,114.611906,7938122582962150617,0x2de4232068e9b7fb:0x6e29e06e64f71cd9,ChIJ-7fpaCAj5C0R2Rz3ZG7gKW4,"[{""title"":""All"",""image"":""https://lh3.googleusercontent.com/gps-cs-s/AHRPTWlBEBTcnw0OpjrDwttwdU2SBZ3MO8XWDgRJKQeB5j3yfQWA9b1woNMX6BoGaOzE0kjgCIVGRuUnc2lt5L-75-jl5xpA4eNZt-KLGJpdKr0gpUHeFZ2avnr33HMZ4u3aHqvJgJO4=w397-h298-k-no""},{""title"":""Food \u0026 drink"",""image"":""https://lh3.googleusercontent.com/gps-cs-s/AHRPTWlT6IahZETmTNaFrwtk3bQ7ADauySlsMPIMVYB0KuUuULiaCJBaqq4Co08UMksG9CKMdYLp0Xf8CD3sjJiKwhhsFO6SHDbNAyTcYM4oKCKM3LrQfu6hpRdX4uG-ABeKVi7WeI4d=w298-h298-k-no""},{""title"":""By owner"",""image"":""https://lh3.googleusercontent.com/gps-cs-s/AHRPTWkwZrMFz-CL1UWRdCDsAOi8vOrSLEaxosvyQYZ4mbOnl-7rfZaivz8BE-TNPTwpSz9GBeMJJMq8GRB7sJtAriH-MH9r8rdbogGRVl3cApPUj1Tcg8gdSIqb9OAWXKHE9MABx4g=w224-h298-k-no""}]","{""link"":"""",""source"":""""}"
3043499d-f7a0-4139-b121-07920cff8870,https://www.google.com/maps/place/DAPUR+PACU/data=!4m7!3m6!1s0x2de42132771698e1:0x1c581553f92286b2!8m2!3d-3.3309704!4d114.6123076!16s%2Fg%2F11tcw9v5k7!19sChIJ4ZgWdzIh5C0RsoYi-VMVWBw?authuser=0&hl=en&g_ep=EgoyMDI2MDkwMi4wIJJjKgBIAVAD&rclk=1,DAPUR PACU,Coffee shop,"Jl. Karang Paci Jl. A. Yani No.KM 3.5, Karang Mekar, Kec. Banjarmasin Tim., Kota Banjarmasin, Kalimantan Selatan 70237","{""Friday"":[""10.00 am–1.00 am""],""Monday"":[""10.00 am–11.00 pm""],""Saturday"":[""10.00 am–11.00 pm""],""Sunday"":[""10.00 am–4.00 am""],""Thursday"":[""10.00 am–11.00 pm""],""Tuesday"":[""10.00 am–11.00 pm""],""Wednesday"":[""10.00 am–11.00 pm""]}","{""Friday"":{""0"":40,""10"":50,""11"":75,""12"":80,""13"":100,""14"":80,""15"":60,""16"":40,""17"":30,""18"":30,""19"":25,""20"":40,""21"":50,""22"":50,""23"":50,""6"":0,""7"":0,""8"":0,""9"":0},""Monday"":{""10"":55,""11"":55,""12"":50,""13"":35,""14"":35,""15"":45,""16"":65,""17"":80,""18"":80,""19"":60,""20"":45,""21"":40,""22"":30,""23"":0,""6"":0,""7"":0,""8"":0,""9"":0},""Saturday"":{""10"":70,""11"":55,""12"":50,""13"":55,""14"":55,""15"":35,""16"":30,""17"":45,""18"":45,""19"":45,""20"":35,""21"":30,""22"":15,""23"":0,""6"":0,""7"":0,""8"":0,""9"":0},""Sunday"":{""0"":45,""1"":40,""10"":35,""11"":55,""12"":80,""13"":50,""14"":40,""15"":25,""16"":35,""17"":30,""18"":30,""19"":30,""2"":35,""20"":45,""21"":50,""22"":60,""23"":55,""3"":25,""6"":0,""7"":0,""8"":0,""9"":0},""Thursday"":{""10"":55,""11"":50,""12"":35,""13"":20,""14"":20,""15"":10,""16"":15,""17"":20,""18"":35,""19"":45,""20"":70,""21"":55,""22"":50,""23"":0,""6"":0,""7"":0,""8"":0,""9"":0},""Tuesday"":{""10"":45,""11"":20,""12"":20,""13"":30,""14"":65,""15"":60,""16"":55,""17"":35,""18"":40,""19"":45,""20"":35,""21"":30,""22"":15,""23"":0,""6"":0,""7"":0,""8"":0,""9"":0},""Wednesday"":{""10"":25,""11"":40,""12"":35,""13"":50,""14"":40,""15"":50,""16"":40,""17"":45,""18"":35,""19"":35,""20"":30,""21"":35,""22"":45,""23"":0,""6"":0,""7"":0,""8"":0,""9"":0}}",6,4.3,"{""1"":1,""2"":0,""3"":0,""4"":0,""5"":5}",-3.33097,114.612308,2042405881418778290,0x2de42132771698e1:0x1c581553f92286b2,ChIJ4ZgWdzIh5C0RsoYi-VMVWBw,"[{""title"":""All"",""image"":""https://streetviewpixels-pa.googleapis.com/v1/thumbnail?panoid=b-u-xdXY_IqnbG0SsqG_9Q\u0026cb_client=maps_sv.tactile.gps\u0026w=224\u0026h=298\u0026yaw=215.10298\u0026pitch=0\u0026thumbfov=100""},{""title"":""Street View \u0026 360°"",""image"":""https://streetviewpixels-pa.googleapis.com/v1/thumbnail?panoid=b-u-xdXY_IqnbG0SsqG_9Q\u0026cb_client=maps_sv.tactile.gps\u0026w=224\u0026h=298\u0026yaw=215.10298\u0026pitch=0\u0026thumbfov=100""}]","{""link"":"""",""source"":""""}"
3043499d-f7a0-4139-b121-07920cff8870,https://www.google.com/maps/place/Rocky+Corner/data=!4m7!3m6!1s0x2de423155308cb0b:0xa5daa87578fb9e23!8m2!3d-3.3276774!4d114.6170148!16s%2Fg%2F11qh7gcsfc!19sChIJC8sIUxUj5C0RI577eHWo2qU?authuser=0&hl=en&g_ep=EgoyMDI2MDkwMi4wIJJjKgBIAVAD&rclk=1,Rocky Corner,Coffee shop,"Jl. Gatot Subroto No.10d, Kuripan, Kec. Banjarmasin Tim., Kota Banjarmasin, Kalimantan Selatan 70238","{""Friday"":[""9.00 am–10.00 pm""],""Monday"":[""9.00 am–10.00 pm""],""Saturday"":[""9.00 am–10.00 pm""],""Sunday"":[""9.00 am–10.00 pm""],""Thursday"":[""9.00 am–10.00 pm""],""Tuesday"":[""9.00 am–10.00 pm""],""Wednesday"":[""9.00 am–10.00 pm""]}","{""Friday"":{""10"":100,""11"":84,""12"":61,""13"":69,""14"":76,""15"":61,""16"":53,""17"":38,""18"":46,""19"":38,""20"":61,""21"":61,""22"":0,""23"":0,""6"":0,""7"":0,""8"":0,""9"":100},""Monday"":{""10"":38,""11"":46,""12"":46,""13"":38,""14"":53,""15"":53,""16"":61,""17"":38,""18"":30,""19"":30,""20"":53,""21"":69,""22"":0,""23"":0,""6"":0,""7"":0,""8"":0,""9"":46},""Saturday"":{""10"":69,""11"":69,""12"":53,""13"":53,""14"":53,""15"":53,""16"":61,""17"":61,""18"":76,""19"":61,""20"":46,""21"":53,""22"":0,""23"":0,""6"":0,""7"":0,""8"":0,""9"":69},""Sunday"":{""10"":69,""11"":53,""12"":69,""13"":92,""14"":84,""15"":61,""16"":38,""17"":46,""18"":46,""19"":61,""20"":76,""21"":61,""22"":0,""23"":0,""6"":0,""7"":0,""8"":0,""9"":61},""Thursday"":{""10"":53,""11"":30,""12"":30,""13"":23,""14"":23,""15"":23,""16"":30,""17"":30,""18"":38,""19"":53,""20"":84,""21"":92,""22"":0,""23"":0,""6"":0,""7"":0,""8"":0,""9"":61},""Tuesday"":{""10"":69,""11"":100,""12"":84,""13"":69,""14"":53,""15"":69,""16"":92,""17"":100,""18"":84,""19"":69,""20"":69,""21"":76,""22"":0,""23"":0,""6"":0,""7"":0,""8"":0,""9"":61},""Wednesday"":{""10"":23,""11"":23,""12"":38,""13"":46,""14"":46,""15"":46,""16"":46,""17"":61,""18"":53,""19"":76,""20"":69,""21"":61,""22"":0,""23"":0,""6"":0,""7"":0,""8"":0,""9"":38}}",4,4.0,"{""1"":1,""2"":0,""3"":0,""4"":0,""5"":3}",-3.327677,114.617015,11951049783675428387,0x2de423155308cb0b:0xa5daa87578fb9e23,ChIJC8sIUxUj5C0RI577eHWo2qU,"[{""title"":""All"",""image"":""https://lh3.googleusercontent.com/gps-cs-s/AHRPTWnXbHXp0amt0t4fT1CF9LE7pL5h2v_bqKXw1kvPZ5K31NmlrukpVxSJyOMNOJNZ42RwyXmhXlndZ_cmXsLz01gR9gVZlzthMXhO-X0Oeg8DdIICjBPE2pDvLRBhkdM_-pdV3FJG=w224-h338-k-no""},{""title"":""Food \u0026 drink"",""image"":""https://lh3.googleusercontent.com/gps-cs-s/AHRPTWnXbHXp0amt0t4fT1CF9LE7pL5h2v_bqKXw1kvPZ5K31NmlrukpVxSJyOMNOJNZ42RwyXmhXlndZ_cmXsLz01gR9gVZlzthMXhO-X0Oeg8DdIICjBPE2pDvLRBhkdM_-pdV3FJG=w224-h338-k-no""},{""title"":""Street View \u0026 360°"",""image"":""https://streetviewpixels-pa.googleapis.com/v1/thumbnail?panoid=n5Us_TS9B_f3Lz_mO41i1w\u0026cb_client=maps_sv.tactile.gps\u0026w=224\u0026h=298\u0026yaw=93.40155\u0026pitch=0\u0026thumbfov=100""}]","{""link"":"""",""source"":""""}"
3043499d-f7a0-4139-b121-07920cff8870,https://www.google.com/maps/place/Booth+Es+Kero+sultan+premium/data=!4m7!3m6!1s0x2de4230030a75fa9:0xc1e783e4116bac1!8m2!3d-3.3200662!4d114.6067483!16s%2Fg%2F11z7rv5v02!19sChIJqV-nMAAj5C0RwboWQT54Hgw?authuser=0&hl=en&g_ep=EgoyMDI2MDkwMi4wIJJjKgBIAVAD&rclk=1,Booth Es Kero sultan premium,Ice cream shop,"MJH4+XJ4 Jl. Veteran RT.18, RW No.10, Kuripan, Kec. Banjarmasin Tim., Kota Banjarmasin, Kalimantan Selatan 70236","{""Friday"":[""Closed""],""Monday"":[""4.00–6.00 pm""],""Saturday"":[""4.00–6.00 pm""],""Sunday"":[""4.00–6.00 pm""],""Thursday"":[""4.00–6.00 pm""],""Tuesday"":[""4.00–6.00 pm""],""Wednesday"":[""4.00–6.00 pm""]}",{},2,5.0,"{""1"":0,""2"":0,""3"":0,""4"":0,""5"":2}",-3.320066,114.606748,873267586531769025,0x2de4230030a75fa9:0xc1e783e4116bac1,ChIJqV-nMAAj5C0RwboWQT54Hgw,"[{""title"":""All"",""image"":""https://lh3.googleusercontent.com/gps-cs-s/AHRPTWmm5P9Q3i3wqeQCKlV8GzAB6Ptai_2bFmlhRoBo2IxxnmWE-FBT8pTi6IHQNQ9MmwUjpR25QtY_etzZCea3F_P2N2jrskAAHQ86RRp8yoBegO-wrYqX9BE9phRi3Bi_6hO9EkD2gXOE_C_h=w224-h403-k-no""},{""title"":""Street View \u0026 360°"",""image"":""https://streetviewpixels-pa.googleapis.com/v1/thumbnail?panoid=Xt0t0J5RL0paMd66rAUWwQ\u0026cb_client=maps_sv.tactile.gps\u0026w=224\u0026h=298\u0026yaw=349.79807\u0026pitch=0\u0026thumbfov=100""},{""title"":""Videos"",""image"":""https://lh3.googleusercontent.com/gps-cs-s/AHRPTWkLVNVvAwchtS0uGvLOfZjpZVFMZZfZ53a9CQKV7LUv1eQ5C4bjv42VkQ0AQUbQi871y5k9t3xc2UlonWII_C3DpP5_tDkuRZRN9wX8FvyOe6fJigfjKk8tGDtd_WsbC7p2ZrmxPlluR1Ff=w224-h398-k-no""}]","{""link"":"""",""source"":""""}"
3043499d-f7a0-4139-b121-07920cff8870,https://www.google.com/maps/place/Warmindo+dan+nasi+goreng/data=!4m7!3m6!1s0x2de423005553d097:0xd7bf88006cd06432!8m2!3d-3.3174663!4d114.6048893!16s%2Fg%2F11mt3c2c0j!19sChIJl9BTVQAj5C0RMmTQbACIv9c?authuser=0&hl=en&g_ep=EgoyMDI2MDkwMi4wIJJjKgBIAVAD&rclk=1,Warmindo dan nasi goreng,Coffee shop,"MJM3+2XM Warmindo dan nasi goreng, Jl. Simpang Sungai Bilu, Melayu, Kec. Banjarmasin Tengah, Kota Banjarmasin, Kalimantan Selatan 70121","{""Friday"":[""3.00–11.00 pm""],""Monday"":[""3.00–11.00 pm""],""Saturday"":[""3.00–11.30 pm""],""Sunday"":[""3.00–11.00 pm""],""Thursday"":[""Closed""],""Tuesday"":[""3.00–11.00 pm""],""Wednesday"":[""3.00–11.00 pm""]}",{},5,5.0,"{""1"":0,""2"":0,""3"":0,""4"":0,""5"":5}",-3.317466,114.604889,15546293974113215538,0x2de423005553d097:0xd7bf88006cd06432,ChIJl9BTVQAj5C0RMmTQbACIv9c,"[{""title"":""All"",""image"":""https://lh3.googleusercontent.com/gps-cs-s/AHRPTWlHcgFPa6Fts4wuA5-uxNo4AVQPnqll7zEpD5VQZ5nGQTUEpRNFZFCdQE2P34-qk9RZ_xOnOY975c2X5wn61vMuhRvW_ZAF3Ts8t9MslCdpzVplC-NQAY3Ho0rx_41uorHK3kIwqOBIU4XP=w298-h298-k-no""},{""title"":""Latest"",""image"":""https://lh3.googleusercontent.com/gps-cs-s/AHRPTWk00tQuZ0_uTIUI_STTJXeE7Sb_fkLY2tADo020s0GeVVzB3vIF9OBKTmX4-wS18cZjhdw494FkoNfhwSHydzfFRBgENkLhoB6ooGGg5wJT1UVUf-88qPLmMq34rYMAkQRfIwNFH-baP5jT=w224-h298-k-no""},{""title"":""Menu"",""image"":""https://lh3.googleusercontent.com/gps-cs-s/AHRPTWl4jKWie_1BewHDTpamAy04JWNDFxw7vGIl0rg8l4yThE5b1dL3cQvSWwoCAWfq30KRnOhw9QEFI0CyAEbyrDIFx3r073V83ClJQg7fBtyK5kDNiFL32KY3rqatUBgrEcHk_eB1vX5N26ya=w298-h298-k-no""},{""title"":""Food \u0026 drink"",""image"":""https://lh3.googleusercontent.com/gps-cs-s/AHRPTWnfDFHBMCnxvqerfCEmOV-1yZNHlXPx6Cq7gHfEKfeow84Llqt0gDqnRgXocdIQmYLLeFSrYsxhdCSvE9qjuAUDttc0vEbdzHpS2qZ0RgVKFRZPeFwLmhq07clEJkU6p2JVCpVKFhhzVoFE=w395-h298-k-no""},{""title"":""Vibe"",""image"":""https://lh3.googleusercontent.com/gps-cs-s/AHRPTWlHcgFPa6Fts4wuA5-uxNo4AVQPnqll7zEpD5VQZ5nGQTUEpRNFZFCdQE2P34-qk9RZ_xOnOY975c2X5wn61vMuhRvW_ZAF3Ts8t9MslCdpzVplC-NQAY3Ho0rx_41uorHK3kIwqOBIU4XP=w298-h298-k-no""},{""title"":""Street View \u0026 360°"",""image"":""https://streetviewpixels-pa.googleapis.com/v1/thumbnail?panoid=Svrhi6FWlmJenjiakUi6Kw\u0026cb_client=maps_sv.tactile.gps\u0026w=224\u0026h=298\u0026yaw=352.00836\u0026pitch=0\u0026thumbfov=100""}]","{""link"":"""",""source"":""""}"
3043499d-f7a0-4139-b121-07920cff8870,https://www.google.com/maps/place/Warkop+Kelasik/data=!4m7!3m6!1s0x2de42368a78b1e89:0xe83b39dceb003446!8m2!3d-3.3183159!4d114.6057859!16s%2Fg%2F11s60jy7v6!19sChIJiR6Lp2gj5C0RRjQA69w5O-g?authuser=0&hl=en&g_ep=EgoyMDI2MDkwMi4wIJJjKgBIAVAD&rclk=1,Warkop Kelasik,Coffee shop,"Jl. Keramat Raya, Sungai Bilu, Kec. Banjarmasin Tim., Kota Banjarmasin, Kalimantan Selatan 70231","{""Friday"":[""7.00 pm–4.00 am""],""Monday"":[""7.00 pm–4.00 am""],""Saturday"":[""7.00 pm–4.00 am""],""Sunday"":[""7.00 pm–4.00 am""],""Thursday"":[""7.00 pm–4.00 am""],""Tuesday"":[""7.00 pm–4.00 am""],""Wednesday"":[""7.00 pm–4.00 am""]}",{},3,4.7,"{""1"":0,""2"":0,""3"":0,""4"":1,""5"":2}",-3.318316,114.605786,16734032461423457350,0x2de42368a78b1e89:0xe83b39dceb003446,ChIJiR6Lp2gj5C0RRjQA69w5O-g,"[{""title"":""All"",""image"":""https://lh3.googleusercontent.com/gps-cs-s/AHRPTWm784a3oHM0_XA-o6HnUmJKRExx5_vZkNOkLHMd2HtCwTfCYIZwFud6JZ2ba2qT0_iicFq666Zfqag9jz6rYu9M3qzC57OuGXrlwxwmP5qSVZPFTg8gVYa6pYpf7LNndXv3XADQ=w224-h336-k-no""},{""title"":""Food \u0026 drink"",""image"":""https://lh3.googleusercontent.com/gps-cs-s/AHRPTWngI6Nctv3f6Ro-Mw4DSUJg5ZPWGAIMrlq-hRxVbOCu3YhPmTrAif6e9brBR3rkZg3N4iveHBCqK2nkzy4ephbkHqQKbTNK2NztNiA0kFaysLz0JEz1KdOZ2vk-6sZFCEeA4Mpi=w224-h336-k-no""},{""title"":""Videos"",""image"":""https://lh3.googleusercontent.com/gps-cs-s/AHRPTWn2sO_N8hlSNtt3Tmuwe2MYU1_giIss_Cyav-V6sFbFB1mdY0d4R0QrNFxmT0bVWX4mfCkhI-lM-LYg32rFLGrVJB4R2pcU1PG2n-mEuvMhbmJWuVTg7IaxWpURactLzPaR2-iP=w224-h398-k-no""},{""title"":""Vibe"",""image"":""https://lh3.googleusercontent.com/gps-cs-s/AHRPTWn9_ZMlVjQ_hukATFtGqdTgVHgqSOty8WnSAgAaI6bSP2_oaDVFpMLN6rDNNWRTgmdKNBT26qFwDUec_l_whiPxzrDjNJpFuxHW6C10hI8B0XMb0yjy1TTlmYpEPJvuBudBbPrctQ=w529-h298-k-no""},{""title"":""By owner"",""image"":""https://lh3.googleusercontent.com/gps-cs-s/AHRPTWnUpf1UdQmWiomBcftHVciF986DjMTsrYdzExWaHh1btCY3Ch8NGOs90AfS-Z5hHFT95JPW139xoZ8wvws3nf4GRQVgB0mflNfPbt1U--TFMfosPfq7zfMqKbdGxegIeEasTQGl=w224-h336-k-no""},{""title"":""Street View \u0026 360°"",""image"":""https://streetviewpixels-pa.googleapis.com/v1/thumbnail?panoid=eSBBWUL7rXjm1Zq4hY7Qfw\u0026cb_client=maps_sv.tactile.gps\u0026w=224\u0026h=298\u0026yaw=327.4302\u0026pitch=0\u0026thumbfov=100""}]","{""link"":"""",""source"":""""}"
3043499d-f7a0-4139-b121-07920cff8870,https://www.google.com/maps/place/Warung+astrid/data=!4m7!3m6!1s0x2de4230020c15c61:0x96fed64a80d7bac4!8m2!3d-3.3246827!4d114.6060138!16s%2Fg%2F11mlfyz0x3!19sChIJYVzBIAAj5C0RxLrXgErW_pY?authuser=0&hl=en&g_ep=EgoyMDI2MDkwMi4wIJJjKgBIAVAD&rclk=1,Warung astrid,Coffee shop,"MJG4+4CC Warung astrid, Jl. Kuripan Gg. I, Kuripan, Kec. Banjarmasin Tim., Kota Banjarmasin, Kalimantan Selatan 70236",{},{},0,0.0,"{""1"":0,""2"":0,""3"":0,""4"":0,""5"":0}",-3.324683,114.606014,10880369365251242692,0x2de4230020c15c61:0x96fed64a80d7bac4,ChIJYVzBIAAj5C0RxLrXgErW_pY,[],"{""link"":"""",""source"":""""}"
3043499d-f7a0-4139-b121-07920cff8870,https://www.google.com/maps/place/auntie+anggie%27s+place/data=!4m7!3m6!1s0x2de423002b7633c5:0x91e30e80b9736f53!8m2!3d-3.3243584!4d114.603395!16s%2Fg%2F11xfchhvf0!19sChIJxTN2KwAj5C0RU29zuYAO45E?authuser=0&hl=en&g_ep=EgoyMDI2MDkwMi4wIJJjKgBIAVAD&rclk=1,auntie anggie's place,Coffee shop,"Jl. A. Yani KM.2 No. 7, Melayu, Banjarmasin Tengah, Banjarmasin City, South Kalimantan 70122","{""Friday"":[""8.00 am–5.00 pm""],""Monday"":[""8.00 am–5.00 pm""],""Saturday"":[""8.00 am–5.00 pm""],""Sunday"":[""Closed""],""Thursday"":[""8.00 am–5.00 pm""],""Tuesday"":[""8.00 am–5.00 pm""],""Wednesday"":[""8.00 am–5.00 pm""]}",{},9,5.0,"{""1"":0,""2"":0,""3"":0,""4"":0,""5"":9}",-3.324358,114.603395,10512261901242822483,0x2de423002b7633c5:0x91e30e80b9736f53,ChIJxTN2KwAj5C0RU29zuYAO45E,"[{""title"":""All"",""image"":""https://lh3.googleusercontent.com/gps-cs-s/AHRPTWlBm5U8CpsOKsU1NZ0TRPGTzZCwAuQP76do_MEMoMUmOrCrPnEzzLlDL81oZwAzEaFwcIe28pq9t2q4a-qnyffcTVZa3egzWTr_Kp4ul54ipUe03gWWdS2dXwlsMyzOz4V7mJhUpxP7oBs=w529-h298-k-no""},{""title"":""Menu"",""image"":""https://lh3.googleusercontent.com/gps-cs-s/AHRPTWn4brmUxzmjBoY4Lz3M3kcMvNZ2nPrQsEyzpgCg8NtFFTFNt037Qp1Rcr_NPtSjaTpvQQnY4zpgx1CpjWxtsn7xzu6qG6zjd79ampX4k0lGbXQ4JzIG8FJ7lBKYutV4Q-ndIG0zqQ=w224-h398-k-no""},{""title"":""Videos"",""image"":""https://lh3.googleusercontent.com/gps-cs-s/AHRPTWmF6q9AqL-41QsxBePyhD-nvt3sBnK9Uv7EeCgKM0_j6QARrMTfssuhIHgzLOqOrOcIckD8EtHB8PfHmjDqr6KVfvhO16kKvbFsVcfbS0uX69AfKXgaMeR0kGaGA0XsR2ZheXftZw=w224-h398-k-no""},{""title"":""Food \u0026 drink"",""image"":""https://lh3.googleusercontent.com/gps-cs-s/AHRPTWktjLv42gAnTjpRAHml85NYu_Xkj4LERQCt8oKiNeRGPzbCW6euLNi7elwT_96GbTBfZpjFtkda8N67LMXIgt1MuYIRfvvP7ec43cOYZUomg3R1Q-PhAmBbAB6mmwZOzJuN9jt_h4L4Z1QW=w298-h298-k-no""},{""title"":""Vibe"",""image"":""https://lh3.googleusercontent.com/gps-cs-s/AHRPTWlBm5U8CpsOKsU1NZ0TRPGTzZCwAuQP76do_MEMoMUmOrCrPnEzzLlDL81oZwAzEaFwcIe28pq9t2q4a-qnyffcTVZa3egzWTr_Kp4ul54ipUe03gWWdS2dXwlsMyzOz4V7mJhUpxP7oBs=w529-h298-k-no""},{""title"":""Street View \u0026 360°"",""image"":""https://streetviewpixels-pa.googleapis.com/v1/thumbnail?panoid=6IQOwMCSVRB9jrePBDE_2w\u0026cb_client=maps_sv.tactile.gps\u0026w=224\u0026h=298\u0026yaw=10.72704\u0026pitch=0\u0026thumbfov=100""}]","{""link"":"""",""source"":""""}"
3043499d-f7a0-4139-b121-07920cff8870,https://www.google.com/maps/place/Excelso+-+Duta+Mall/data=!4m7!3m6!1s0x2de424083cd957a9:0x70792ef0305eea8!8m2!3d-3.3234925!4d114.6036052!16s%2Fg%2F1hc36r60r!19sChIJqVfZPAgk5C0RqO4FA--SBwc?authuser=0&hl=en&g_ep=EgoyMDI2MDkwMi4wIJJjKgBIAVAD&rclk=1,Excelso - Duta Mall,Cafe,"Duta Mall Banjarmasin Lantai 1 Blok T, Jl. A. Yani KM. 2, Pengambangan, Banjarmasin Timur, Melayu, Kec. Banjarmasin Tengah, Kota Banjarmasin, Kalimantan Selatan 70249","{""Friday"":[""9.00 am–10.00 pm""],""Monday"":[""9.00 am–10.00 pm""],""Saturday"":[""9.00 am–10.00 pm""],""Sunday"":[""9.00 am–10.00 pm""],""Thursday"":[""9.00 am–10.00 pm""],""Tuesday"":[""9.00 am–10.00 pm""],""Wednesday"":[""9.00 am–10.00 pm""]}","{""Friday"":{""10"":29,""11"":48,""12"":43,""13"":45,""14"":47,""15"":51,""16"":55,""17"":54,""18"":65,""19"":74,""20"":76,""21"":66,""22"":0,""23"":0,""6"":0,""7"":0,""8"":0,""9"":26},""Monday"":{""10"":32,""11"":43,""12"":37,""13"":40,""14"":49,""15"":50,""16"":48,""17"":55,""18"":60,""19"":60,""20"":51,""21"":46,""22"":0,""23"":0,""6"":0,""7"":0,""8"":0,""9"":23},""Saturday"":{""10"":26,""11"":25,""12"":27,""13"":31,""14"":40,""15"":42,""16"":54,""17"":66,""18"":82,""19"":98,""20"":100,""21"":88,""22"":0,""23"":0,""6"":0,""7"":0,""8"":0,""9"":28},""Sunday"":{""10"":22,""11"":26,""12"":29,""13"":43,""14"":49,""15"":58,""16"":64,""17"":72,""18"":70,""19"":76,""20"":83,""21"":67,""22"":0,""23"":0,""6"":0,""7"":0,""8"":0,""9"":25},""Thursday"":{""10"":38,""11"":46,""12"":44,""13"":44,""14"":50,""15"":48,""16"":49,""17"":49,""18"":58,""19"":60,""20"":61,""21"":51,""22"":0,""23"":0,""6"":0,""7"":0,""8"":0,""9"":33},""Tuesday"":{""10"":28,""11"":28,""12"":33,""13"":36,""14"":37,""15"":40,""16"":36,""17"":37,""18"":45,""19"":46,""20"":44,""21"":42,""22"":0,""23"":0,""6"":0,""7"":0,""8"":0,""9"":27},""Wednesday"":{""10"":27,""11"":34,""12"":28,""13"":29,""14"":23,""15"":24,""16"":26,""17"":32,""18"":44,""19"":48,""20"":55,""21"":45,""22"":0,""23"":0,""6"":0,""7"":0,""8"":0,""9"":28}}",459,4.3,"{""1"":31,""2"":9,""3"":37,""4"":101,""5"":281}",-3.323492,114.603605,506535038348029608,0x2de424083cd957a9:0x70792ef0305eea8,ChIJqVfZPAgk5C0RqO4FA--SBwc,"[{""title"":""All"",""image"":""https://lh3.googleusercontent.com/gps-cs-s/AHRPTWmYV5Q9XwLwn4FP_myViZMX77zMI5ZXppTmFfHCr67Z0A7v_TpnKS36g9t8hDbSy7DHlDt5hPTXbe4wf52kwg0x-I-YLWqC3DySDNZl6B7-FTHpVaF_tmA13dj6ReRf6zMJVhstGCkCOeg=w224-h398-k-no""},{""title"":""Menu"",""image"":""https://lh3.googleusercontent.com/gps-cs-s/AHRPTWnXeXrx5S5fP1EvXS4e0wos0iKW3snnOVT6ITSFHIyDI5-zzyPbcza96x2Kh00PJelwNpaaERdb3to7uFRvdX3eOY8TmkbHEB3m_S-ADyAuxk1KGNMX9vaHYChrU02Pn4mvm9Y6=w224-h298-k-no""},{""title"":""Videos"",""image"":""https://lh3.googleusercontent.com/gps-cs-s/AHRPTWlWN216YK5YD9ZuykQYFcyMbxbmiRgWZH6WicgLgpVN-y3wZPnnBd9Daogrf2prc9IPmDZOPMUedGNtq7vKnnbzOzz1ObWYvoca7YZUmF2KWu9fHfII3pXnUai8UuWMJTwNS7o=w224-h398-k-no""},{""title"":""Food \u0026 drink"",""image"":""https://lh3.googleusercontent.com/gps-cs-s/AHRPTWnyOVbd7_dnh4vHdZ8efisnUS7MLL3aTaDE7LUBa72biRWWnlYm7AsNx7RpDs2zayIjAInzs3X_w5Hat49QCrCQT4SbTeahVPvk3NwGwlqxyymvc4hdFaJlFhmWKbCYTTI_SlDor1Ez0HY=w224-h298-k-no""},{""title"":""Vibe"",""image"":""https://lh3.googleusercontent.com/gps-cs-s/AHRPTWltuQQpBS34ALmUQk_yAtWB8UQN5X36HHw_5iKjkAxdUBS6BijE0cFXlKKMLFVRl-kUnO-qcI87tOAVv1xRs3TEQymzvMjqUPfTcBmX_nDq-9rhv8c8srvcj1Fq_HpKa-eHXJGD=w224-h298-k-no""},{""title"":""Salad"",""image"":""https://lh3.googleusercontent.com/gps-cs-s/AHRPTWnvXS_dNJ0tlqEnG08-CAunlfc4-hnTMhPTMz-RO70L1zH647da6g2sJyDQ-1PLMtGzYermgeLSyGmeuo5VRAipu6TY2Z2NsBxwc5bBZB99O7yHNPARxmu_AoeYuzO3FIcPlmrw9OjRVIOw=w224-h398-k-no""},{""title"":""Iced coffee"",""image"":""https://lh3.googleusercontent.com/gps-cs-s/AHRPTWmpoTIYmKOMUPeviPEio9cCAzQP0UuE53Avn-Eisc7FjMF8SrTW48D5INOTgJL4xqrPBvJ5zr0Sz9i9HjLFi7V1hxhss-6ie7d99jEDPvXCRJS95MfpQ5TpVxwbMmm-1bHgO5setw=w529-h298-k-no""},{""title"":""Cappuccino"",""image"":""https://lh3.googleusercontent.com/gps-cs-s/AHRPTWkcQibkT0iBrnCW5PPWXuGtil70A6W-8svbz8-HiJ_qxRMPvmmdyyH2ou_P3lwBQxpqJX7WIPh7PUAk_Y-rD9N7G9aGCZmiUwBAjM3HaVXPNoEZ3OJk3t4ZInMTn1YBYVPnC31EaQ=w529-h298-k-no""},{""title"":""Coffee"",""image"":""https://lh3.googleusercontent.com/gps-cs-s/AHRPTWmCs9mnT52ur_FFCiZqKP_mT48RvyEZueAuxN_elLFuNFAOeImPR44za0w0fWK0FKyyyKiB1Gs_F4-49r1h8GigK7oKUnRnwGLwtYBeWd986ItiG-dfzalPZf1ALQZoGyMnZIUA=w224-h298-k-no""}]","{""link"":"""",""source"":""""}"
3043499d-f7a0-4139-b121-07920cff8870,https://www.google.com/maps/place/Cofe+before+after/data=!4m7!3m6!1s0x2de4230a7620c0a7:0xdfb63a485b4f5ca!8m2!3d-3.3199556!4d114.615321!16s%2Fg%2F11v3vg_ln9!19sChIJp8Agdgoj5C0RyvW0haRj-w0?authuser=0&hl=en&g_ep=EgoyMDI2MDkwMi4wIJJjKgBIAVAD&rclk=1,Cofe before after,Cafe,"Jl. Veteran B Kom. Halim II No.14, RT.28/RW.2, Kuripan, Kec. Banjarmasin Tim., Kota Banjarmasin, Kalimantan Selatan 70233","{""Friday"":[""9.00 am–11.00 pm""],""Monday"":[""9.00 am–11.00 pm""],""Saturday"":[""9.00 am–11.00 pm""],""Sunday"":[""9.00 am–11.00 pm""],""Thursday"":[""9.00 am–11.00 pm""],""Tuesday"":[""9.00 am–11.00 pm""],""Wednesday"":[""9.00 am–11.00 pm""]}","{""Friday"":{""10"":69,""11"":46,""12"":46,""13"":38,""14"":30,""15"":30,""16"":53,""17"":53,""18"":61,""19"":84,""20"":84,""21"":100,""22"":100,""23"":0,""6"":0,""7"":0,""8"":0,""9"":76},""Monday"":{""10"":69,""11"":46,""12"":38,""13"":38,""14"":53,""15"":84,""16"":84,""17"":69,""18"":69,""19"":53,""20"":30,""21"":38,""22"":30,""23"":0,""6"":0,""7"":0,""8"":0,""9"":84},""Saturday"":{""10"":69,""11"":46,""12"":38,""13"":23,""14"":23,""15"":23,""16"":38,""17"":53,""18"":76,""19"":69,""20"":69,""21"":53,""22"":69,""23"":0,""6"":0,""7"":0,""8"":0,""9"":69},""Sunday"":{""10"":46,""11"":76,""12"":76,""13"":84,""14"":69,""15"":61,""16"":53,""17"":61,""18"":53,""19"":53,""20"":38,""21"":38,""22"":30,""23"":0,""6"":0,""7"":0,""8"":0,""9"":38},""Thursday"":{""10"":15,""11"":15,""12"":15,""13"":15,""14"":23,""15"":23,""16"":30,""17"":61,""18"":69,""19"":76,""20"":53,""21"":76,""22"":84,""23"":0,""6"":0,""7"":0,""8"":0,""9"":38},""Tuesday"":{""10"":30,""11"":23,""12"":23,""13"":38,""14"":30,""15"":30,""16"":38,""17"":46,""18"":53,""19"":38,""20"":30,""21"":38,""22"":38,""23"":0,""6"":0,""7"":0,""8"":0,""9"":46},""Wednesday"":{""10"":53,""11"":53,""12"":53,""13"":76,""14"":76,""15"":61,""16"":53,""17"":53,""18"":61,""19"":61,""20"":76,""21"":61,""22"":76,""23"":0,""6"":0,""7"":0,""8"":0,""9"":53}}",3,5.0,"{""1"":0,""2"":0,""3"":0,""4"":0,""5"":3}",-3.319956,114.615321,1007508499916453322,0x2de4230a7620c0a7:0xdfb63a485b4f5ca,ChIJp8Agdgoj5C0RyvW0haRj-w0,"[{""title"":""All"",""image"":""https://streetviewpixels-pa.googleapis.com/v1/thumbnail?panoid=0UhdUeD5paH48j45dnUQxw\u0026cb_client=maps_sv.tactile.gps\u0026w=224\u0026h=298\u0026yaw=255.83656\u0026pitch=0\u0026thumbfov=100""},{""title"":""Street View \u0026 360°"",""image"":""https://streetviewpixels-pa.googleapis.com/v1/thumbnail?panoid=0UhdUeD5paH48j45dnUQxw\u0026cb_client=maps_sv.tactile.gps\u0026w=224\u0026h=298\u0026yaw=255.83656\u0026pitch=0\u0026thumbfov=100""}]","{""link"":"""",""source"":""""}"
3043499d-f7a0-4139-b121-07920cff8870,https://www.google.com/maps/place/Domino+coffee/data=!4m7!3m6!1s0x2de423006c8fb443:0x6854cd46ce14bcb!8m2!3d-3.3185114!4d114.6177736!16s%2Fg%2F11yn8vd7kq!19sChIJQ7SPbAAj5C0Ry0vhbNRMhQY?authuser=0&hl=en&g_ep=EgoyMDI2MDkwMi4wIJJjKgBIAVAD&rclk=1,Domino coffee,Coffee shop,"MJJ9+H4R Domino coffee, Jl. Pangeran Hidayatullah, Pengambangan, Kec. Banjarmasin Tim., Kota Banjarmasin, Kalimantan Selatan 70239",{},{},1,5.0,"{""1"":0,""2"":0,""3"":0,""4"":0,""5"":1}",-3.318511,114.617774,469866211373566923,0x2de423006c8fb443:0x6854cd46ce14bcb,ChIJQ7SPbAAj5C0Ry0vhbNRMhQY,"[{""title"":""All"",""image"":""https://lh3.googleusercontent.com/gps-cs-s/AHRPTWlHZIl7ErOZRMd44Ds4PH0a08uNwIv9tJtL_Z17ws_qgtfujZ8noKCN4fk0kzHrUEqGqgsrkE8aO4scNlGV_erLWTLrjdRtF4TerpM-onB2easvYGz12Hevt58tQk28qnnhujhlt1kl2zlD=w224-h398-k-no""},{""title"":""Street View \u0026 360°"",""image"":""https://streetviewpixels-pa.googleapis.com/v1/thumbnail?panoid=YIiLR3hlW09X55IiuUXxSA\u0026cb_client=maps_sv.tactile.gps\u0026w=224\u0026h=298\u0026yaw=80.234825\u0026pitch=0\u0026thumbfov=100""}]","{""link"":"""",""source"":""""}"
3043499d-f7a0-4139-b121-07920cff8870,https://www.google.com/maps/place/warjom+kuripan/data=!4m7!3m6!1s0x2de423d4b62f9a85:0xcb03840ae72c4570!8m2!3d-3.3206189!4d114.605467!16s%2Fg%2F11gjvrpbyy!19sChIJhZovttQj5C0RcEUs5wqEA8s?authuser=0&hl=en&g_ep=EgoyMDI2MDkwMi4wIJJjKgBIAVAD&rclk=1,warjom kuripan,Coffee shop,"Jl. Kuripan No.11 A, Kuripan, Kec. Banjarmasin Tim., Kota Banjarmasin, Kalimantan Selatan 70236","{""Friday"":[""Open 24 hours""],""Monday"":[""Open 24 hours""],""Saturday"":[""Open 24 hours""],""Sunday"":[""Open 24 hours""],""Thursday"":[""Open 24 hours""],""Tuesday"":[""Open 24 hours""],""Wednesday"":[""Open 24 hours""]}","{""Friday"":{""0"":37,""1"":43,""10"":50,""11"":50,""12"":43,""13"":37,""14"":37,""15"":37,""16"":56,""17"":56,""18"":62,""19"":50,""2"":31,""20"":43,""21"":31,""22"":31,""23"":43,""3"":43,""4"":75,""5"":75,""6"":75,""7"":68,""8"":81,""9"":68},""Monday"":{""0"":100,""1"":100,""10"":56,""11"":43,""12"":31,""13"":18,""14"":12,""15"":12,""16"":31,""17"":25,""18"":31,""19"":18,""2"":68,""20"":18,""21"":37,""22"":62,""23"":100,""3"":56,""4"":43,""5"":43,""6"":68,""7"":62,""8"":68,""9"":75},""Saturday"":{""0"":25,""1"":25,""10"":37,""11"":25,""12"":31,""13"":50,""14"":56,""15"":50,""16"":50,""17"":75,""18"":68,""19"":62,""2"":37,""20"":43,""21"":43,""22"":31,""23"":31,""3"":37,""4"":43,""5"":43,""6"":43,""7"":50,""8"":56,""9"":62},""Sunday"":{""0"":43,""1"":62,""10"":50,""11"":25,""12"":31,""13"":50,""14"":43,""15"":43,""16"":37,""17"":43,""18"":56,""19"":62,""2"":56,""20"":62,""21"":43,""22"":25,""23"":25,""3"":62,""4"":43,""5"":50,""6"":43,""7"":50,""8"":68,""9"":56},""Thursday"":{""0"":75,""1"":87,""10"":37,""11"":31,""12"":18,""13"":31,""14"":50,""15"":50,""16"":56,""17"":68,""18"":87,""19"":50,""2"":75,""20"":37,""21"":37,""22"":62,""23"":68,""3"":56,""4"":43,""5"":31,""6"":37,""7"":37,""8"":43,""9"":50},""Tuesday"":{""0"":43,""1"":37,""10"":50,""11"":56,""12"":68,""13"":87,""14"":100,""15"":100,""16"":81,""17"":68,""18"":56,""19"":50,""2"":43,""20"":37,""21"":50,""22"":37,""23"":50,""3"":37,""4"":50,""5"":62,""6"":50,""7"":43,""8"":50,""9"":50},""Wednesday"":{""0"":100,""1"":68,""10"":81,""11"":62,""12"":50,""13"":37,""14"":37,""15"":43,""16"":62,""17"":37,""18"":31,""19"":12,""2"":68,""20"":12,""21"":25,""22"":50,""23"":81,""3"":68,""4"":50,""5"":50,""6"":43,""7"":62,""8"":81,""9"":75}}",5,4.4,"{""1"":0,""2"":0,""3"":1,""4"":1,""5"":3}",-3.320619,114.605467,14628681196992480624,0x2de423d4b62f9a85:0xcb03840ae72c4570,ChIJhZovttQj5C0RcEUs5wqEA8s,"[{""title"":""All"",""image"":""https://lh3.googleusercontent.com/gps-cs-s/AHRPTWlgitGRuv5Bo9t13HdjiBlGdsF9cB7Uh09u3mqCYgm55PwD_kztCK3CGz4uaStWpJucya_S-q5Qnmuqi_6SBHm0uMY7hkv2dz3fRMN6GHFE8V-o4NeepkkKwh0n7tFYd8wsUs6wFQ=w224-h298-k-no""},{""title"":""Menu"",""image"":""https://lh3.googleusercontent.com/gps-cs-s/AHRPTWmWH8aIp91XeqepyLOlUMjlziyN42frpxPL3AjYJ2lGgtaJn3OJXm4ymSHlwMHkOmWf4bxXYigfLLFCniIdPompVn5c3IsuH2X_kOY6HZnclZmpzP670XT5pv4mqVY6wJ3PR57zeQ=w224-h298-k-no""},{""title"":""Videos"",""image"":""https://lh3.googleusercontent.com/gps-cs-s/AHRPTWknyNtP6CWdCScmasBuJehl7nApTw5HPyfDbZMjpwPDieeF1jLy-lw7mU0T_73KpaSv4t7mpaY46TbTi3kpWFashR-i4peVIXnpkP2-wY7-TmJsLuWiJhu_I5yEp_OlevBQAQmp=w224-h398-k-no""},{""title"":""Food \u0026 drink"",""image"":""https://lh3.googleusercontent.com/gps-cs-s/AHRPTWlbznlsEekwvUbJ9-zeu6UQh0engsr4Z4oVVXkvkFuVBrgC-l8TD_Xgzsp5XxPqHb8czVh5idEggrlGGVONtskZffoZylKKusKSiQ0rtr-AR_KnXaXM19lLMEa4BNLU_8e2Z2Sg=w224-h298-k-no""},{""title"":""Vibe"",""image"":""https://lh3.googleusercontent.com/gps-cs-s/AHRPTWnMMPrRpuX0fVwbfjDphj6y_LnDP_y6MXuKEDM_vBk9mTn1JOxvWYxyYSXgFDOFgU9F19kjiOfzpTQqWurs-pKo33n56l_UM1GFsjMTlMBV5SkWg7GxQGgo51Ft_Hlvoh8gilmE=w224-h298-k-no""},{""title"":""Street View \u0026 360°"",""image"":""https://streetviewpixels-pa.googleapis.com/v1/thumbnail?panoid=dmUZFBTYMJmALvL1pER8lw\u0026cb_client=maps_sv.tactile.gps\u0026w=224\u0026h=298\u0026yaw=103.24871\u0026pitch=0\u0026thumbfov=100""}]","{""link"":"""",""source"":""""}"
3043499d-f7a0-4139-b121-07920cff8870,https://www.google.com/maps/place/Hopecoffee/data=!4m7!3m6!1s0x2de423884382f8c9:0xc000b093155895e6!8m2!3d-3.3268078!4d114.6112067!16s%2Fg%2F11swmll6jk!19sChIJyfiCQ4gj5C0R5pVYFZOwAMA?authuser=0&hl=en&g_ep=EgoyMDI2MDkwMi4wIJJjKgBIAVAD&rclk=1,Hopecoffee,Coffee shop,"toko, Jl. Manggis No.1B, RT.013, Kebun Bunga, Kec. Banjarmasin Tim., Kota Banjarmasin, Kalimantan Selatan 70237","{""Friday"":[""10.00 am–12.00 am""],""Monday"":[""10.00 am–12.00 am""],""Saturday"":[""10.00 am–12.00 am""],""Sunday"":[""10.00 am–12.00 am""],""Thursday"":[""10.00 am–12.00 am""],""Tuesday"":[""10.00 am–12.00 am""],""Wednesday"":[""10.00 am–12.00 am""]}","{""Friday"":{""10"":41,""11"":41,""12"":66,""13"":58,""14"":58,""15"":66,""16"":50,""17"":41,""18"":33,""19"":58,""20"":66,""21"":75,""22"":75,""23"":58,""6"":0,""7"":0,""8"":0,""9"":0},""Monday"":{""10"":25,""11"":41,""12"":58,""13"":75,""14"":66,""15"":50,""16"":33,""17"":50,""18"":50,""19"":58,""20"":50,""21"":75,""22"":58,""23"":41,""6"":0,""7"":0,""8"":0,""9"":0},""Saturday"":{""10"":50,""11"":75,""12"":91,""13"":91,""14"":58,""15"":41,""16"":41,""17"":58,""18"":75,""19"":100,""20"":83,""21"":41,""22"":16,""23"":25,""6"":0,""7"":0,""8"":0,""9"":0},""Sunday"":{""10"":91,""11"":91,""12"":83,""13"":83,""14"":58,""15"":58,""16"":66,""17"":75,""18"":66,""19"":66,""20"":75,""21"":58,""22"":50,""23"":33,""6"":0,""7"":0,""8"":0,""9"":0},""Thursday"":{""10"":75,""11"":66,""12"":58,""13"":83,""14"":66,""15"":83,""16"":58,""17"":50,""18"":41,""19"":41,""20"":75,""21"":83,""22"":91,""23"":50,""6"":0,""7"":0,""8"":0,""9"":0},""Tuesday"":{""10"":50,""11"":58,""12"":50,""13"":41,""14"":50,""15"":50,""16"":50,""17"":66,""18"":66,""19"":50,""20"":25,""21"":16,""22"":33,""23"":50,""6"":0,""7"":0,""8"":0,""9"":0},""Wednesday"":{""10"":41,""11"":41,""12"":25,""13"":25,""14"":25,""15"":33,""16"":58,""17"":66,""18"":83,""19"":75,""20"":66,""21"":66,""22"":66,""23"":58,""6"":0,""7"":0,""8"":0,""9"":0}}",0,0.0,"{""1"":0,""2"":0,""3"":0,""4"":0,""5"":0}",-3.326808,114.611207,13835252201046971878,0x2de423884382f8c9:0xc000b093155895e6,ChIJyfiCQ4gj5C0R5pVYFZOwAMA,"[{""title"":""All"",""image"":""https://streetviewpixels-pa.googleapis.com/v1/thumbnail?panoid=352vAR1QwKNROtDxPyhlUQ\u0026cb_client=maps_sv.tactile.gps\u0026w=224\u0026h=298\u0026yaw=264.35883\u0026pitch=0\u0026thumbfov=100""},{""title"":""Street View \u0026 360°"",""image"":""https://streetviewpixels-pa.googleapis.com/v1/thumbnail?panoid=352vAR1QwKNROtDxPyhlUQ\u0026cb_client=maps_sv.tactile.gps\u0026w=224\u0026h=298\u0026yaw=264.35883\u0026pitch=0\u0026thumbfov=100""}]","{""link"":"""",""source"":""""}"
3043499d-f7a0-4139-b121-07920cff8870,https://www.google.com/maps/place/Coffee+dan+Moctail+Caper/data=!4m7!3m6!1s0x2de423006742f8bb:0x59a0fe696ee04120!8m2!3d-3.3271666!4d114.6171859!16s%2Fg%2F11ldj12b9r!19sChIJu_hCZwAj5C0RIEHgbmn-oFk?authuser=0&hl=en&g_ep=EgoyMDI2MDkwMi4wIJJjKgBIAVAD&rclk=1,Coffee dan Moctail Caper,Coffee shop,"JL. Jend Gatot Subroto 2-B, Kebun Bunga,Banjarmasin Timur, Banjarmasin, 70235, Kuripan, Kec. Banjarmasin Tim., Kota Banjarmasin, Kalimantan Selatan 70238","{""Friday"":[""9.00 am–9.00 pm""],""Monday"":[""9.00 am–9.00 pm""],""Saturday"":[""9.00 am–9.00 pm""],""Sunday"":[""9.00 am–9.00 pm""],""Thursday"":[""9.00 am–9.00 pm""],""Tuesday"":[""9.00 am–9.00 pm""],""Wednesday"":[""9.00 am–9.00 pm""]}","{""Friday"":{""10"":53,""11"":61,""12"":53,""13"":84,""14"":84,""15"":100,""16"":92,""17"":76,""18"":92,""19"":84,""20"":76,""21"":0,""22"":0,""23"":0,""6"":0,""7"":0,""8"":0,""9"":53},""Monday"":{""10"":38,""11"":38,""12"":30,""13"":46,""14"":46,""15"":84,""16"":76,""17"":92,""18"":53,""19"":30,""20"":23,""21"":0,""22"":0,""23"":0,""6"":0,""7"":0,""8"":0,""9"":38},""Saturday"":{""10"":53,""11"":61,""12"":61,""13"":61,""14"":76,""15"":76,""16"":69,""17"":61,""18"":61,""19"":76,""20"":84,""21"":0,""22"":0,""23"":0,""6"":0,""7"":0,""8"":0,""9"":38},""Sunday"":{""10"":84,""11"":84,""12"":53,""13"":46,""14"":38,""15"":46,""16"":76,""17"":76,""18"":61,""19"":53,""20"":46,""21"":0,""22"":0,""23"":0,""6"":0,""7"":0,""8"":0,""9"":84},""Thursday"":{""10"":46,""11"":46,""12"":38,""13"":53,""14"":46,""15"":46,""16"":38,""17"":38,""18"":61,""19"":61,""20"":69,""21"":0,""22"":0,""23"":0,""6"":0,""7"":0,""8"":0,""9"":53},""Tuesday"":{""10"":53,""11"":30,""12"":15,""13"":15,""14"":23,""15"":30,""16"":38,""17"":38,""18"":38,""19"":30,""20"":30,""21"":0,""22"":0,""23"":0,""6"":0,""7"":0,""8"":0,""9"":84},""Wednesday"":{""10"":38,""11"":46,""12"":69,""13"":46,""14"":23,""15"":15,""16"":15,""17"":30,""18"":38,""19"":53,""20"":61,""21"":0,""22"":0,""23"":0,""6"":0,""7"":0,""8"":0,""9"":38}}",0,0.0,"{""1"":0,""2"":0,""3"":0,""4"":0,""5"":0}",-3.327167,114.617186,6458441594434502944,0x2de423006742f8bb:0x59a0fe696ee04120,ChIJu_hCZwAj5C0RIEHgbmn-oFk,"[{""title"":""All"",""image"":""https://streetviewpixels-pa.googleapis.com/v1/thumbnail?panoid=BvJkajwZasS7zjoNFn0BVw\u0026cb_client=maps_sv.tactile.gps\u0026w=224\u0026h=298\u0026yaw=97.72798\u0026pitch=0\u0026thumbfov=100""},{""title"":""Street View \u0026 360°"",""image"":""https://streetviewpixels-pa.googleapis.com/v1/thumbnail?panoid=BvJkajwZasS7zjoNFn0BVw\u0026cb_client=maps_sv.tactile.gps\u0026w=224\u0026h=298\u0026yaw=97.72798\u0026pitch=0\u0026thumbfov=100""}]","{""link"":"""",""source"":""""}"
3043499d-f7a0-4139-b121-07920cff8870,https://www.google.com/maps/place/Anjas+Cafe%2FSquad+Warjas/data=!4m7!3m6!1s0x2de4230057b941b5:0x762f045922716fcb!8m2!3d-3.3283576!4d114.5997735!16s%2Fg%2F11n9nwngfg!19sChIJtUG5VwAj5C0Ry29xIlkEL3Y?authuser=0&hl=en&g_ep=EgoyMDI2MDkwMi4wIJJjKgBIAVAD&rclk=1,Anjas Cafe/Squad Warjas,Coffee shop,"MHCX+MV5 Anjas Cafe/Squad Warjas, Jl. P. Antasari, Pekapuran Raya, Kec. Banjarmasin Tim., Kota Banjarmasin, Kalimantan Selatan 70234",{},{},0,0.0,"{""1"":0,""2"":0,""3"":0,""4"":0,""5"":0}",-3.328358,114.599773,8516030201257357259,0x2de4230057b941b5:0x762f045922716fcb,ChIJtUG5VwAj5C0Ry29xIlkEL3Y,"[{""title"":""All"",""image"":""https://streetviewpixels-pa.googleapis.com/v1/thumbnail?panoid=NHLo9Dsl37ue2WmsTTPvTg\u0026cb_client=maps_sv.tactile.gps\u0026w=224\u0026h=298\u0026yaw=160.8363\u0026pitch=0\u0026thumbfov=100""},{""title"":""Street View \u0026 360°"",""image"":""https://streetviewpixels-pa.googleapis.com/v1/thumbnail?panoid=NHLo9Dsl37ue2WmsTTPvTg\u0026cb_client=maps_sv.tactile.gps\u0026w=224\u0026h=298\u0026yaw=160.8363\u0026pitch=0\u0026thumbfov=100""}]","{""link"":"""",""source"":""""}"
3043499d-f7a0-4139-b121-07920cff8870,https://www.google.com/maps/place/Kedai+Kinara+Cab+2/data=!4m7!3m6!1s0x2de4230041a683a5:0x690151c02b0f9f2!8m2!3d-3.3234583!4d114.6019183!16s%2Fg%2F11zggry3_h!19sChIJpYOmQQAj5C0R8vmwAhwVkAY?authuser=0&hl=en&g_ep=EgoyMDI2MDkwMi4wIJJjKgBIAVAD&rclk=1,Kedai Kinara Cab 2,Coffee shop,"Jl. A. Yani No.Km 2, Sungai Baru, Kec. Banjarmasin Tengah, Kota Banjarmasin, Kalimantan Selatan 70122","{""Friday"":[""11.00 am–5.00 pm""],""Monday"":[""11.00 am–5.00 pm""],""Saturday"":[""11.00 am–5.00 pm""],""Sunday"":[""11.00 am–5.00 pm""],""Thursday"":[""11.00 am–5.00 pm""],""Tuesday"":[""11.00 am–5.00 pm""],""Wednesday"":[""11.00 am–5.00 pm""]}",{},0,0.0,"{""1"":0,""2"":0,""3"":0,""4"":0,""5"":0}",-3.323458,114.601918,472901170922322418,0x2de4230041a683a5:0x690151c02b0f9f2,ChIJpYOmQQAj5C0R8vmwAhwVkAY,[],"{""link"":"""",""source"":""""}"
3043499d-f7a0-4139-b121-07920cff8870,https://www.google.com/maps/place/p2_pancakedurianbanjarmasin/data=!4m7!3m6!1s0x2de423f76809fe0d:0xb09b06df1e59ade7!8m2!3d-3.3189391!4d114.608396!16s%2Fg%2F11k5_w1kh6!19sChIJDf4JaPcj5C0R561ZHt8Gm7A?authuser=0&hl=en&g_ep=EgoyMDI2MDkwMi4wIJJjKgBIAVAD&rclk=1,p2_pancakedurianbanjarmasin,Ice cream shop,"Jl. Veteran Sungai Bilu Gg. Antara No.rt 14 no 34, Sungai Bilu, Kec. Banjarmasin Tim., Kota Banjarmasin, Kalimantan Selatan 70239","{""Friday"":[""8.00 am–8.00 pm""],""Monday"":[""8.00 am–8.00 pm""],""Saturday"":[""8.00 am–8.00 pm""],""Sunday"":[""8.00 am–8.00 pm""],""Thursday"":[""8.00 am–8.00 pm""],""Tuesday"":[""8.00 am–8.00 pm""],""Wednesday"":[""8.00 am–8.00 pm""]}","{""Friday"":{""10"":51,""11"":48,""12"":55,""13"":79,""14"":75,""15"":79,""16"":79,""17"":89,""18"":79,""19"":75,""20"":0,""21"":0,""22"":0,""23"":0,""6"":0,""7"":0,""8"":58,""9"":62},""Monday"":{""10"":48,""11"":48,""12"":31,""13"":34,""14"":51,""15"":62,""16"":55,""17"":65,""18"":68,""19"":86,""20"":0,""21"":0,""22"":0,""23"":0,""6"":0,""7"":0,""8"":41,""9"":51},""Saturday"":{""10"":48,""11"":51,""12"":65,""13"":75,""14"":86,""15"":72,""16"":82,""17"":75,""18"":93,""19"":96,""20"":0,""21"":0,""22"":0,""23"":0,""6"":0,""7"":0,""8"":44,""9"":44},""Sunday"":{""10"":68,""11"":72,""12"":55,""13"":48,""14"":37,""15"":37,""16"":48,""17"":68,""18"":86,""19"":100,""20"":0,""21"":0,""22"":0,""23"":0,""6"":0,""7"":0,""8"":41,""9"":58},""Thursday"":{""10"":34,""11"":24,""12"":24,""13"":31,""14"":37,""15"":51,""16"":62,""17"":79,""18"":93,""19"":100,""20"":0,""21"":0,""22"":0,""23"":0,""6"":0,""7"":0,""8"":34,""9"":41},""Tuesday"":{""10"":13,""11"":13,""12"":27,""13"":34,""14"":44,""15"":62,""16"":72,""17"":86,""18"":93,""19"":93,""20"":0,""21"":0,""22"":0,""23"":0,""6"":0,""7"":0,""8"":41,""9"":24},""Wednesday"":{""10"":37,""11"":44,""12"":62,""13"":65,""14"":65,""15"":65,""16"":68,""17"":68,""18"":82,""19"":79,""20"":0,""21"":0,""22"":0,""23"":0,""6"":0,""7"":0,""8"":51,""9"":34}}",10,4.9,"{""1"":0,""2"":0,""3"":0,""4"":1,""5"":9}",-3.318939,114.608396,12725772727422135783,0x2de423f76809fe0d:0xb09b06df1e59ade7,ChIJDf4JaPcj5C0R561ZHt8Gm7A,"[{""title"":""All"",""image"":""https://lh3.googleusercontent.com/gps-cs-s/AHRPTWlNpU8b0tgzDfvJQx9F_6k-jX1umTMHuDc-gpSdUqsBFEFSc6pOnfJfdzu8PIVXlZ4FXQtoO0DqDG2ZGuBSxX0-B15El3_mrt0S0AxVqe9k3lYy_HmbKeoe7qUlg_NEqThZ1ypP1Q=w224-h398-k-no""},{""title"":""Food \u0026 drink"",""image"":""https://lh3.googleusercontent.com/gps-cs-s/AHRPTWn__s0Fwt0OVbXxlEsMKWVpTyBWDkeEtc3_WunoxauykWylJTYL1DKSkzgDAcxxfqyU-6mcKMmShYPZaPptwntxyKRgYBus6RIEvhlh-etDO1DxV18qfBIdZc1qXOLYqbU2s17Q=w224-h298-k-no""}]","{""link"":"""",""source"":""""}"
3043499d-f7a0-4139-b121-07920cff8870,https://www.google.com/maps/place/Warkopian+Coffee+%26+Food+Shop+Cab.+Gatsu/data=!4m7!3m6!1s0x2de423584505aec3:0x4cc74e5418aeffe1!8m2!3d-3.327841!4d114.6166453!16s%2Fg%2F11vjwyh6p1!19sChIJw64FRVgj5C0R4f-uGFROx0w?authuser=0&hl=en&g_ep=EgoyMDI2MDkwMi4wIJJjKgBIAVAD&rclk=1,Warkopian Coffee & Food Shop Cab. Gatsu,Food and beverage consultant,"Jl. Gatot Subroto No.Raya, Kuripan, Kec. Banjarmasin Tim., Kota Banjarmasin, Kalimantan Selatan 70236","{""Friday"":[""8.30 am–11.30 pm""],""Monday"":[""8.00 am–11.00 pm""],""Saturday"":[""8.30 am–11.30 pm""],""Sunday"":[""8.30 am–11.30 pm""],""Thursday"":[""8.00 am–11.00 pm""],""Tuesday"":[""8.00 am–11.00 pm""],""Wednesday"":[""8.00 am–11.00 pm""]}","{""Friday"":{""10"":40,""11"":20,""12"":40,""13"":46,""14"":80,""15"":86,""16"":86,""17"":80,""18"":80,""19"":86,""20"":60,""21"":66,""22"":60,""23"":86,""6"":0,""7"":0,""8"":86,""9"":60},""Monday"":{""10"":53,""11"":46,""12"":33,""13"":33,""14"":26,""15"":40,""16"":40,""17"":33,""18"":40,""19"":40,""20"":40,""21"":40,""22"":46,""23"":0,""6"":0,""7"":0,""8"":53,""9"":60},""Saturday"":{""10"":33,""11"":33,""12"":40,""13"":53,""14"":66,""15"":66,""16"":53,""17"":46,""18"":33,""19"":26,""20"":40,""21"":66,""22"":46,""23"":26,""6"":0,""7"":0,""8"":66,""9"":46},""Sunday"":{""10"":60,""11"":66,""12"":53,""13"":73,""14"":66,""15"":40,""16"":33,""17"":33,""18"":60,""19"":66,""20"":93,""21"":66,""22"":73,""23"":40,""6"":0,""7"":0,""8"":66,""9"":100},""Thursday"":{""10"":46,""11"":46,""12"":46,""13"":46,""14"":33,""15"":46,""16"":73,""17"":86,""18"":80,""19"":60,""20"":33,""21"":26,""22"":40,""23"":0,""6"":0,""7"":0,""8"":66,""9"":46},""Tuesday"":{""10"":20,""11"":33,""12"":66,""13"":80,""14"":80,""15"":66,""16"":53,""17"":53,""18"":40,""19"":46,""20"":40,""21"":26,""22"":20,""23"":0,""6"":0,""7"":0,""8"":20,""9"":13},""Wednesday"":{""10"":33,""11"":26,""12"":26,""13"":40,""14"":66,""15"":73,""16"":66,""17"":60,""18"":53,""19"":46,""20"":33,""21"":26,""22"":26,""23"":0,""6"":0,""7"":0,""8"":66,""9"":60}}",1,5.0,"{""1"":0,""2"":0,""3"":0,""4"":0,""5"":1}",-3.327841,114.616645,5532476790346285025,0x2de423584505aec3:0x4cc74e5418aeffe1,ChIJw64FRVgj5C0R4f-uGFROx0w,"[{""title"":""All"",""image"":""https://lh3.googleusercontent.com/gps-cs-s/AHRPTWnGIY55-LbaOXtMWAeoQq4fEf7lS45SHp0sV8WgzpuIygPe6FGssIFbDMm4umomjItRZZHeAiNMpGveRsDQ5nHHrNgCrxzBmFabeyATh9pxtr1Nag2Qk1hfLISfmGJvb13Kc6wgPw=w397-h298-k-no""},{""title"":""Exterior"",""image"":""https://lh3.googleusercontent.com/gps-cs-s/AHRPTWlzQP2Zt4lMOIOczvxytlDown7axnizhH0-Rs6m6PYnU87LABMey1lxfvJSfwuDx3AJep_1N8_H3590MdX3uKoJxIB0jH3wsBTelB5hP7uUsfnTta68m4U3hOUYsJTQp68v4wZ8=w224-h298-k-no""},{""title"":""Videos"",""image"":""https://lh3.googleusercontent.com/gps-cs-s/AHRPTWkB_-XQe1QPCCEr_j3AkyDh40VUHuenEUuw-75h-Yv9LS8DhMcoOUc-7S2m6uTgRE1qPWKuUdOO8F82U9dxQZk7N6ZUPwO00KmFfaVugQx4ksnjFugEbPmRJxXOBspHfcIif78=w224-h398-k-no""},{""title"":""Street View \u0026 360°"",""image"":""https://streetviewpixels-pa.googleapis.com/v1/thumbnail?panoid=_u1nVCDYXzsOMYtSz-4EVQ\u0026cb_client=maps_sv.tactile.gps\u0026w=224\u0026h=298\u0026yaw=305.91565\u0026pitch=0\u0026thumbfov=100""}]","{""link"":"""",""source"":""""}"
3043499d-f7a0-4139-b121-07920cff8870,https://www.google.com/maps/place/Warung+Mama+Alya+%26+Ponsel+Alya/data=!4m7!3m6!1s0x2de4237c62389ab3:0x8fd2a7bbc14dddd3!8m2!3d-3.3177732!4d114.6055173!16s%2Fg%2F11swmlgtyr!19sChIJs5o4Ynwj5C0R091Nwbun0o8?authuser=0&hl=en&g_ep=EgoyMDI2MDkwMi4wIJJjKgBIAVAD&rclk=1,Warung Mama Alya & Ponsel Alya,Coffee shop,"Gg. Serumpun No.30, Sungai Bilu, Kec. Banjarmasin Tim., Kota Banjarmasin, Kalimantan Selatan 70239",{},{},1,5.0,"{""1"":0,""2"":0,""3"":0,""4"":0,""5"":1}",-3.317773,114.605517,10363530117376761299,0x2de4237c62389ab3:0x8fd2a7bbc14dddd3,ChIJs5o4Ynwj5C0R091Nwbun0o8,"[{""title"":""All"",""image"":""https://streetviewpixels-pa.googleapis.com/v1/thumbnail?panoid=JmruzqseWAvv4SCVHS6IoQ\u0026cb_client=maps_sv.tactile.gps\u0026w=224\u0026h=298\u0026yaw=105.983284\u0026pitch=0\u0026thumbfov=100""},{""title"":""Street View \u0026 360°"",""image"":""https://streetviewpixels-pa.googleapis.com/v1/thumbnail?panoid=JmruzqseWAvv4SCVHS6IoQ\u0026cb_client=maps_sv.tactile.gps\u0026w=224\u0026h=298\u0026yaw=105.983284\u0026pitch=0\u0026thumbfov=100""}]","{""link"":"""",""source"":""""}"
3043499d-f7a0-4139-b121-07920cff8870,https://www.google.com/maps/place/Kopi+Anak+Monopole/data=!4m7!3m6!1s0x2de42393b8ab6735:0x3c17bc3811c76cd6!8m2!3d-3.323999!4d114.6174301!16s%2Fg%2F11jz9_ctt5!19sChIJNWeruJMj5C0R1mzHETi8Fzw?authuser=0&hl=en&g_ep=EgoyMDI2MDkwMi4wIJJjKgBIAVAD&rclk=1,Kopi Anak Monopole,Coffee shop,"Jl. Gatot Subroto No.25, Kuripan, Banjarmasin Timur, Banjarmasin City, South Kalimantan 70236","{""Friday"":[""7.00 am–10.00 pm""],""Monday"":[""7.00 am–10.00 pm""],""Saturday"":[""7.00 am–10.00 pm""],""Sunday"":[""7.00 am–10.00 pm""],""Thursday"":[""7.00 am–10.00 pm""],""Tuesday"":[""7.00 am–10.00 pm""],""Wednesday"":[""7.00 am–10.00 pm""]}",{},81,4.5,"{""1"":1,""2"":1,""3"":8,""4"":17,""5"":54}",-3.323999,114.61743,4330136515742493910,0x2de42393b8ab6735:0x3c17bc3811c76cd6,ChIJNWeruJMj5C0R1mzHETi8Fzw,"[{""title"":""All"",""image"":""https://lh3.googleusercontent.com/gps-cs-s/AHRPTWnglsVVwPkjZCPKdwcewvz5RlY2_dUQcLyiF7mZnTkx2uOzwZ7FkOXFzmqnrMySEch57TylOwwd85Zow5bvabRrs2OILULPrrP4T9DZX-jNH9nUK9c51wBcrwaA0sMgmmcq4h-d=w317-h298-k-no""},{""title"":""Food \u0026 drink"",""image"":""https://lh3.googleusercontent.com/gps-cs-s/AHRPTWnHRHMX0II_NJkspefH4BpBesKLjyP0T05X3yGh-uodd-7FqT0Rhod_Lcg4GIJRBzbT4u3gnxOQDsgutm22SZMZSDNeVfFJapM5pyspuhE2IOA64R_sknkLXuJpg1Ec_L57P2CT=w224-h298-k-no""},{""title"":""Videos"",""image"":""https://lh3.googleusercontent.com/gps-cs-s/AHRPTWlQ5LtfrqfNWk2L-8QvkTblz6Ce7CJhRgY2praDIZkoChi2bwkjLQX6eKpEoKEetyzCNcY6P7T15TqoaAFzUwQWzF8RsfoPj-ry0dEHHrCA7AYw5P8d1So3Bb3eUnZWRPoNiu4q=w224-h398-k-no""},{""title"":""Vibe"",""image"":""https://lh3.googleusercontent.com/gps-cs-s/AHRPTWlNDY-_0z9_gk6oCwHGG_BXCLrlArYBI1HGaR5yqjsbmYUeL0z7vrmKUeXGOiIuTaiMRcuDULNCQOcO497nJxuEH3kD1O0Ov__6QuyZvaNVuOArt0lNmhWZEBxHUTY4N9omfD4O0Q=w397-h298-k-no""},{""title"":""By owner"",""image"":""https://lh3.googleusercontent.com/gps-cs-s/AHRPTWnglsVVwPkjZCPKdwcewvz5RlY2_dUQcLyiF7mZnTkx2uOzwZ7FkOXFzmqnrMySEch57TylOwwd85Zow5bvabRrs2OILULPrrP4T9DZX-jNH9nUK9c51wBcrwaA0sMgmmcq4h-d=w317-h298-k-no""},{""title"":""Street View \u0026 360°"",""image"":""https://streetviewpixels-pa.googleapis.com/v1/thumbnail?panoid=HLxAl4ByZckpnhd5HCh0hg\u0026cb_client=maps_sv.tactile.gps\u0026w=224\u0026h=298\u0026yaw=279.2137\u0026pitch=0\u0026thumbfov=100""}]","{""link"":"""",""source"":""""}"
3043499d-f7a0-4139-b121-07920cff8870,https://www.google.com/maps/place/Saka+Baswara/data=!4m7!3m6!1s0x2de4239108400973:0x1afa519e823d577d!8m2!3d-3.328472!4d114.6156995!16s%2Fg%2F11y6nd2jpg!19sChIJcwlACJEj5C0RfVc9gp5R-ho?authuser=0&hl=en&g_ep=EgoyMDI2MDkwMi4wIJJjKgBIAVAD&rclk=1,Saka Baswara,Coffee shop,"Timur, Jl. Gatot Subroto I No.38, RT.20/RW.02, Kebun Bunga, Kec. Banjarmasin Tim., Kota Banjarmasin, Kalimantan Selatan 70235","{""Friday"":[""7.00 am–11.00 pm""],""Monday"":[""7.00 am–10.00 pm""],""Saturday"":[""7.00 am–11.00 pm""],""Sunday"":[""7.00 am–11.00 pm""],""Thursday"":[""7.00 am–10.00 pm""],""Tuesday"":[""7.00 am–10.00 pm""],""Wednesday"":[""7.00 am–10.00 pm""]}","{""Friday"":{""10"":15,""11"":18,""12"":23,""13"":25,""14"":26,""15"":29,""16"":33,""17"":39,""18"":46,""19"":59,""20"":71,""21"":70,""22"":58,""23"":0,""6"":0,""7"":6,""8"":11,""9"":13},""Monday"":{""10"":14,""11"":18,""12"":25,""13"":28,""14"":27,""15"":24,""16"":26,""17"":30,""18"":36,""19"":48,""20"":58,""21"":55,""22"":0,""23"":0,""6"":0,""7"":3,""8"":6,""9"":10},""Saturday"":{""10"":12,""11"":18,""12"":25,""13"":26,""14"":24,""15"":22,""16"":27,""17"":36,""18"":49,""19"":68,""20"":88,""21"":100,""22"":90,""23"":0,""6"":0,""7"":4,""8"":6,""9"":8},""Sunday"":{""10"":16,""11"":29,""12"":34,""13"":36,""14"":33,""15"":32,""16"":33,""17"":41,""18"":49,""19"":59,""20"":68,""21"":69,""22"":61,""23"":0,""6"":0,""7"":2,""8"":5,""9"":10},""Thursday"":{""10"":17,""11"":20,""12"":26,""13"":28,""14"":28,""15"":30,""16"":29,""17"":31,""18"":32,""19"":38,""20"":46,""21"":50,""22"":0,""23"":0,""6"":0,""7"":5,""8"":10,""9"":12},""Tuesday"":{""10"":13,""11"":16,""12"":21,""13"":23,""14"":22,""15"":21,""16"":24,""17"":28,""18"":38,""19"":48,""20"":58,""21"":56,""22"":0,""23"":0,""6"":0,""7"":7,""8"":9,""9"":11},""Wednesday"":{""10"":15,""11"":20,""12"":23,""13"":24,""14"":25,""15"":26,""16"":28,""17"":31,""18"":38,""19"":48,""20"":59,""21"":62,""22"":0,""23"":0,""6"":0,""7"":6,""8"":10,""9"":11}}",154,4.1,"{""1"":18,""2"":8,""3"":13,""4"":22,""5"":93}",-3.328472,114.615699,1943955930395531133,0x2de4239108400973:0x1afa519e823d577d,ChIJcwlACJEj5C0RfVc9gp5R-ho,"[{""title"":""All"",""image"":""https://lh3.googleusercontent.com/gps-cs-s/AHRPTWkiQ0QAdOSskKiKOxFXrAkNh_3rXrZIOzFFGHAAiu_OYXZZee-FDUf33QrUeV4-a76JXWjtzGpqEM1Xbb56-BLQ9q6W9Fq_W6s-0ccX6VbzX7oioBpwunUjrC1lQYntHuX-M8lOqg=w224-h298-k-no""},{""title"":""Latest"",""image"":""https://lh3.googleusercontent.com/gps-cs-s/AHRPTWnfzN8Oy0yg606NpUHtcsj-JxyIRk7vzL1TP0N-IL7TCPjpaoaxailTDe5cdOYxKsntHrmEl5bA5xSoilnY15IAmJAzBJh0-zvGQujSDArBpIkmDw2D5JWHfDc2j0fXoA7x11gutK9e_kiC=w224-h398-k-no""},{""title"":""Videos"",""image"":""https://lh3.googleusercontent.com/gps-cs-s/AHRPTWmXBF87CBxD1hmpznIbfRi6JyYUCquP-SSbQOYqX2NHd629S3FAj-DNiAz0kotgbFN9Q8H-v8objkDnxNxX6lOgbff_0-MdcRu7pH3_SrXB8o2afBQpigroNQMiEODCPx8A4edfLzsDA9C7=w224-h398-k-no""},{""title"":""Menu"",""image"":""https://lh3.googleusercontent.com/gps-cs-s/AHRPTWlskFODDwSukBrDqbLHGyCc07viU0c9PWVA-e_cg5MJELsgMDYPgl7c_ORR0hWD5cFmTzni8llRnDbZolI4xidqSy3aEw9LOGHFERdVKUS7KNKLXV0lBE6TjW-A5iegwESUSpiyi-z10k0G=w397-h298-k-no""},{""title"":""Food \u0026 drink"",""image"":""https://lh3.googleusercontent.com/gps-cs-s/AHRPTWmhk_qEQILuqitwwmomtsMjanmUL6ta9RjiBqdZID97fwSZTWbvU2eD9w31XNFwZCnLyrooqpGG-X7EEj6fXTzu8V0qWGx3td1QvA1prZFzLDJlXpp7lQOB8UeUJxRfIxNTbdXWpZbrlX5k=w224-h298-k-no""},{""title"":""Vibe"",""image"":""https://lh3.googleusercontent.com/gps-cs-s/AHRPTWl-6zK07XrxfwwfyexwoRE8RYzPtaKZXHFJSi-eACTmHmRVaPZywRuSi8UDiC53JoNFnv7F0JBAlvwk5FE-cqPAGT82CTaG3M33OrsOiAMueaESttOyd8Tb3Xmi7BBSPM-n2tX-EAuwX50Q=w397-h298-k-no""},{""title"":""By owner"",""image"":""https://lh3.googleusercontent.com/gps-cs-s/AHRPTWnYYJEew2JXqL_FOr2MTiGswj8Nv-q5oPNM1L0QIaQHYFSSla_hFTibJSjOmKsd6KZDaIN96VgQI7uVjyF91ksq51BYd2z0hUtJn9VTAcPd5EDBtoYc5smL2kF68m4O59g6RYuh=w224-h316-k-no""},{""title"":""Street View \u0026 360°"",""image"":""https://streetviewpixels-pa.googleapis.com/v1/thumbnail?panoid=eIRsCO2DsXq6DgsZTHNAYg\u0026cb_client=maps_sv.tactile.gps\u0026w=224\u0026h=298\u0026yaw=311.39087\u0026pitch=0\u0026thumbfov=100""}]","{""link"":"""",""source"":""""}"
3043499d-f7a0-4139-b121-07920cff8870,https://www.google.com/maps/place/Publick+coffe/data=!4m7!3m6!1s0x2de4230053ddcd3f:0x8efc6cd027466803!8m2!3d-3.3298133!4d114.6128111!16s%2Fg%2F11xzlrtnjk!19sChIJP83dUwAj5C0RA2hGJ9Bs_I4?authuser=0&hl=en&g_ep=EgoyMDI2MDkwMi4wIJJjKgBIAVAD&rclk=1,Publick coffe,Coffee shop,"MJC7+34F Publick coffe, Gg. Sepakat Rahmat, Kebun Bunga, Kec. Banjarmasin Tim., Kota Banjarmasin, Kalimantan Selatan 70237","{""Friday"":[""7.00 pm–2.00 am""],""Monday"":[""7.00 pm–1.00 am""],""Saturday"":[""7.00 pm–2.00 am""],""Sunday"":[""7.00 pm–1.00 am""],""Thursday"":[""7.00 pm–1.00 am""],""Tuesday"":[""7.00 pm–1.00 am""],""Wednesday"":[""7.00 pm–1.00 am""]}",{},8,5.0,"{""1"":0,""2"":0,""3"":0,""4"":0,""5"":8}",-3.329813,114.612811,10303229688784775171,0x2de4230053ddcd3f:0x8efc6cd027466803,ChIJP83dUwAj5C0RA2hGJ9Bs_I4,"[{""title"":""All"",""image"":""https://lh3.googleusercontent.com/gps-cs-s/AHRPTWkYQV1Db90WJx4mGG0cvdnTu0Pd3nzzmV49ruKDYoRnPfYlYK0JgLFVjdXmMvKejtmn6NcDI_MVhdkK4f5wviCqmpg8yMfFjRYIgA1YRy1BqtmpOL6QiOUlInvsLZlzBR5SztZ_BtDvHtgZ=w224-h398-k-no""},{""title"":""Vibe"",""image"":""https://lh3.googleusercontent.com/gps-cs-s/AHRPTWkYQV1Db90WJx4mGG0cvdnTu0Pd3nzzmV49ruKDYoRnPfYlYK0JgLFVjdXmMvKejtmn6NcDI_MVhdkK4f5wviCqmpg8yMfFjRYIgA1YRy1BqtmpOL6QiOUlInvsLZlzBR5SztZ_BtDvHtgZ=w224-h398-k-no""},{""title"":""Street View \u0026 360°"",""image"":""https://streetviewpixels-pa.googleapis.com/v1/thumbnail?panoid=2r4pXhr4PPi89RrQLCII5w\u0026cb_client=maps_sv.tactile.gps\u0026w=224\u0026h=298\u0026yaw=116.0324\u0026pitch=0\u0026thumbfov=100""}]","{""link"":"""",""source"":""""}"
3043499d-f7a0-4139-b121-07920cff8870,https://www.google.com/maps/place/POINT+COFFEE/data=!4m7!3m6!1s0x2de421c2712acc4d:0x3e717f2beb79e388!8m2!3d-3.3384051!4d114.6183781!16s%2Fg%2F11gyb2nbgh!19sChIJTcwqccIh5C0RiON56yt_cT4?authuser=0&hl=en&g_ep=EgoyMDI2MDkwMi4wIJJjKgBIAVAD&rclk=1,POINT COFFEE,Coffee shop,"Pemurus Luar, Banjarmasin Timur, Banjarmasin City, South Kalimantan 70238","{""Friday"":[""7.00 am–10.00 pm""],""Monday"":[""7.00 am–10.00 pm""],""Saturday"":[""7.00 am–10.00 pm""],""Sunday"":[""7.00 am–10.00 pm""],""Thursday"":[""7.00 am–10.00 pm""],""Tuesday"":[""7.00 am–10.00 pm""],""Wednesday"":[""7.00 am–10.00 pm""]}","{""Friday"":{""10"":35,""11"":34,""12"":38,""13"":47,""14"":50,""15"":47,""16"":47,""17"":49,""18"":54,""19"":62,""20"":65,""21"":56,""22"":0,""23"":0,""6"":0,""7"":23,""8"":31,""9"":38},""Monday"":{""10"":33,""11"":36,""12"":38,""13"":39,""14"":41,""15"":44,""16"":45,""17"":52,""18"":66,""19"":79,""20"":80,""21"":65,""22"":0,""23"":0,""6"":0,""7"":23,""8"":29,""9"":31},""Saturday"":{""10"":48,""11"":58,""12"":60,""13"":61,""14"":59,""15"":61,""16"":64,""17"":69,""18"":82,""19"":96,""20"":100,""21"":82,""22"":0,""23"":0,""6"":0,""7"":16,""8"":23,""9"":37},""Sunday"":{""10"":43,""11"":47,""12"":54,""13"":54,""14"":47,""15"":44,""16"":51,""17"":56,""18"":66,""19"":73,""20"":78,""21"":69,""22"":0,""23"":0,""6"":0,""7"":24,""8"":36,""9"":40},""Thursday"":{""10"":40,""11"":39,""12"":33,""13"":31,""14"":31,""15"":40,""16"":45,""17"":49,""18"":60,""19"":68,""20"":74,""21"":60,""22"":0,""23"":0,""6"":0,""7"":23,""8"":32,""9"":39},""Tuesday"":{""10"":36,""11"":37,""12"":41,""13"":39,""14"":35,""15"":35,""16"":42,""17"":49,""18"":58,""19"":67,""20"":72,""21"":61,""22"":0,""23"":0,""6"":0,""7"":24,""8"":31,""9"":33},""Wednesday"":{""10"":26,""11"":27,""12"":29,""13"":34,""14"":38,""15"":46,""16"":49,""17"":53,""18"":58,""19"":65,""20"":63,""21"":54,""22"":0,""23"":0,""6"":0,""7"":17,""8"":22,""9"":25}}",162,4.3,"{""1"":15,""2"":2,""3"":9,""4"":27,""5"":109}",-3.338405,114.618378,4499517329330791304,0x2de421c2712acc4d:0x3e717f2beb79e388,ChIJTcwqccIh5C0RiON56yt_cT4,"[{""title"":""All"",""image"":""https://lh3.googleusercontent.com/gps-cs-s/AHRPTWmNYWyeGMMTUc8VZzYcWF-w8xA3EQef5V5Uiwp-jKCRz6EfGDOc2JQpMFAYTMOuyinh79s-qBWMLxU9CRzNiyrwnS8gjXSyaQnSdz5M6eNsz8tod-KDM62SoZgQSkUK7cKqllh8sw=w529-h298-k-no""},{""title"":""Latest"",""image"":""https://lh3.googleusercontent.com/gps-cs-s/AHRPTWnBkJTP1MmIRcZsEtJIJINbOn2O4mNFP55jtYyu2GFLAHomM1EnDKvI6WGkBzw5C-S1UogOc6U3iYHnfvYsjmiDT5dPm16NrO97UAhdvv4494QREQpqBUcQRcZ1uiU3wOzbMguSW5Hp_7Q=w298-h298-k-no""},{""title"":""Videos"",""image"":""https://lh3.googleusercontent.com/gps-cs-s/AHRPTWmx-31K2PB0Abglzx7espFZK37A3CdebothX6weppa4BPjtOMLXeTkHOkEh4tJvhDkQSvL4icOsFhXr08E-kZ8nm33OletH40KeOS3xAvOa0KDdEcFiyGFKxV635hAS4hDic2Y6=w529-h298-k-no""},{""title"":""Menu"",""image"":""https://lh3.googleusercontent.com/gps-cs-s/AHRPTWmP5UfPGw1APvZNFd3eIH3PsoMUgM_vmg5g0bLqZ8w2nEMlidD7WFTmxXotR9ZihIXqPExj1lp5722afkUCaSuPHKFxC5Fnjk7ZkCJzgOoqR1j2thR3K52cwwgBaS4AiKKrs6mA=w421-h298-k-no""},{""title"":""Food \u0026 drink"",""image"":""https://lh3.googleusercontent.com/gps-cs-s/AHRPTWnrCyNFC3c9V6aozh4vq3xbGIa9q6A3pqnXzAyqKbKbueMUmBE1uxkj-aGklR1o15AbeBgcoEzOV9_KsNYiBGJpktECg4CibxMnHbXU-4Yu8dClCFf9EJoE7Jk1SjAaTWvgtlbL_L2I1NEt=w224-h441-k-no""},{""title"":""Vibe"",""image"":""https://lh3.googleusercontent.com/gps-cs-s/AHRPTWk6FKJzFF-nW1fucjUoDmBPFqf5Jv7zVk01qdoRf2CA7sCINCQ6D-a5tbkdsrD-cJLY_oRz_ycH6IyP_moIrpry7WUVmtWSdB2ZLK-nLc6ZKvFSB2d0-a6B-0mPeAUjdr7Ayq50=w397-h298-k-no""},{""title"":""Coffee"",""image"":""https://lh3.googleusercontent.com/gps-cs-s/AHRPTWmg7-L7pzgwVIs0zYK8ztbtnv0_vUtp051Ag4nc69yNQWzHgSjH5qO9pm_yLDTmb6WcCTu0k9WabCptmp3NRLtyHXWC0ccy_a_ykblZg4Xa7b6Z_bmh8c60Iq0TrPY-SeKgi4hyYw=w397-h298-k-no""},{""title"":""By owner"",""image"":""https://lh3.googleusercontent.com/gps-cs-s/AHRPTWmx-31K2PB0Abglzx7espFZK37A3CdebothX6weppa4BPjtOMLXeTkHOkEh4tJvhDkQSvL4icOsFhXr08E-kZ8nm33OletH40KeOS3xAvOa0KDdEcFiyGFKxV635hAS4hDic2Y6=w529-h298-k-no""},{""title"":""Street View \u0026 360°"",""image"":""https://streetviewpixels-pa.googleapis.com/v1/thumbnail?panoid=k-61bDmPUvlgaTdlQlCH8Q\u0026cb_client=maps_sv.tactile.gps\u0026w=224\u0026h=298\u0026yaw=272.30215\u0026pitch=0\u0026thumbfov=100""}]","{""link"":""https://drive.google.com/file/d/1q7rDNxcJEAKE0B3msYbw4QtkVGEEg82m/view?usp=drive_link"",""source"":""drive.google.com""}"
3043499d-f7a0-4139-b121-07920cff8870,https://www.google.com/maps/place/Aidah/data=!4m7!3m6!1s0x2de4230051ec61cb:0xbba19475e8d91363!8m2!3d-3.319972!4d114.602389!16s%2Fg%2F11nv63h4bp!19sChIJy2HsUQAj5C0RYxPZ6HWUobs?authuser=0&hl=en&g_ep=EgoyMDI2MDkwMi4wIJJjKgBIAVAD&rclk=1,Aidah,Coffee shop,"Jl. Veteran No.40-A, Sungai Bilu, Kec. Banjarmasin Tengah, Kota Banjarmasin, Kalimantan Selatan 70122",{},{},0,0.0,"{""1"":0,""2"":0,""3"":0,""4"":0,""5"":0}",-3.319972,114.602389,13520250790481564515,0x2de4230051ec61cb:0xbba19475e8d91363,ChIJy2HsUQAj5C0RYxPZ6HWUobs,[],"{""link"":"""",""source"":""""}"
3043499d-f7a0-4139-b121-07920cff8870,https://www.google.com/maps/place/101+COFFEE/data=!4m7!3m6!1s0x2de4232693e5045b:0x9bf29fb183aebfac!8m2!3d-3.3209098!4d114.5927731!16s%2Fg%2F11jcq1cljq!19sChIJWwTlkyYj5C0RrL-ug7Gf8ps?authuser=0&hl=en&g_ep=EgoyMDI2MDkwMi4wIJJjKgBIAVAD&rclk=1,101 COFFEE,Coffee shop,"Kertak Baru Ulu, Banjarmasin Tengah, Banjarmasin City, South Kalimantan 70123","{""Friday"":[""8.00 am–12.00 am""],""Monday"":[""8.00 am–12.00 am""],""Saturday"":[""6.30 am–12.00 am""],""Sunday"":[""6.30 am–12.00 am""],""Thursday"":[""8.00 am–12.00 am""],""Tuesday"":[""8.00 am–12.00 am""],""Wednesday"":[""8.00 am–12.00 am""]}","{""Friday"":{""10"":4,""11"":6,""12"":7,""13"":9,""14"":11,""15"":12,""16"":14,""17"":15,""18"":20,""19"":27,""20"":41,""21"":57,""22"":65,""23"":57,""6"":0,""7"":0,""8"":2,""9"":3},""Monday"":{""10"":5,""11"":8,""12"":11,""13"":12,""14"":12,""15"":11,""16"":12,""17"":13,""18"":17,""19"":24,""20"":34,""21"":46,""22"":51,""23"":44,""6"":0,""7"":0,""8"":1,""9"":3},""Saturday"":{""10"":6,""11"":8,""12"":9,""13"":9,""14"":9,""15"":10,""16"":11,""17"":14,""18"":22,""19"":36,""20"":61,""21"":87,""22"":100,""23"":88,""5"":0,""6"":2,""7"":3,""8"":4,""9"":5},""Sunday"":{""10"":6,""11"":6,""12"":8,""13"":9,""14"":10,""15"":10,""16"":12,""17"":14,""18"":19,""19"":28,""20"":41,""21"":52,""22"":56,""23"":48,""5"":0,""6"":3,""7"":5,""8"":6,""9"":6},""Thursday"":{""10"":6,""11"":8,""12"":9,""13"":10,""14"":10,""15"":11,""16"":11,""17"":13,""18"":17,""19"":23,""20"":35,""21"":45,""22"":49,""23"":41,""6"":0,""7"":0,""8"":2,""9"":4},""Tuesday"":{""10"":6,""11"":8,""12"":10,""13"":12,""14"":12,""15"":13,""16"":14,""17"":15,""18"":18,""19"":24,""20"":36,""21"":49,""22"":55,""23"":46,""6"":0,""7"":0,""8"":3,""9"":4},""Wednesday"":{""10"":6,""11"":8,""12"":10,""13"":12,""14"":12,""15"":12,""16"":13,""17"":15,""18"":18,""19"":26,""20"":40,""21"":56,""22"":63,""23"":55,""6"":0,""7"":0,""8"":2,""9"":3}}",1189,4.5,"{""1"":31,""2"":21,""3"":86,""4"":270,""5"":781}",-3.32091,114.592773,11237219605010104236,0x2de4232693e5045b:0x9bf29fb183aebfac,ChIJWwTlkyYj5C0RrL-ug7Gf8ps,"[{""title"":""All"",""image"":""https://lh3.googleusercontent.com/gps-cs-s/AHRPTWmcE3A2YCTc3aYp6NmruhAGD7Wu78aty6onrCzYckZT0BxelTlJEyYXTg0wiIsoaHpCievC-lZWuzSEpoA6z5vxhiL2jMOfkDhxBkID1Ce4873nsscE4OwoJQd2vbSmV_833tXKgg=w530-h298-k-no""},{""title"":""Latest"",""image"":""https://lh3.googleusercontent.com/gps-cs-s/AHRPTWl4KyT_04DkqpuZd2SqB4O655fMabOZP1dMMNrDF13oKspFAFSoHXvzooKpioFAfgmBLhEhLHkL5JSwHtVuXHvKeZZybp5SL0G8JUT6Pk-6E-PeuTxUXRTUi5WrLZlhSVKuM53j2zyH__nx=w224-h397-k-no""},{""title"":""Videos"",""image"":""https://lh3.googleusercontent.com/gps-cs-s/AHRPTWnGtmQBJ9YZ_62PSiecADDCEs_3migZ3Xe0PLuNzhBZjK_vwgb5zAFeasZdbkYNIMDmtr8KlPP1zIrh-UzXwyavBFwyJ4HDBFUH8CWWeeEXk7Y-yUZCdrElWiI2Hazs6UaEV4obWvUs0VZ5=w224-h398-k-no""},{""title"":""Menu"",""image"":""https://lh3.googleusercontent.com/gps-cs-s/AHRPTWnWeK5XbBxWvII4_olWap15bI07i7_jsvk6vwODpw9UoVPlSwAhFpzQow65cpj4bnHwfqkyv25tfHIfbjzLLe7qklEd3UHBTS9U70NdKhq-VPCDgEkSOv7usHQvB8COdIxdy9k3y8UoZAkH=w238-h298-k-no""},{""title"":""Food \u0026 drink"",""image"":""https://lh3.googleusercontent.com/gps-cs-s/AHRPTWnrQue5JpI1yxc5M-W2EAw7wMdSa40UVL9davm-1GYzxWDo9sBvEJQCSH3RXWl7OZyyswuk3P_pklbwHbqlo54qjYoWRrW34a6AwaTz4dZtFYswwRSvzG3g7Dos1W_Yp_VSDT1Ezy-YOP0=w447-h298-k-no""},{""title"":""Vibe"",""image"":""https://lh3.googleusercontent.com/gps-cs-s/AHRPTWkM_c2oKUrYPWdPwlg0eppV7g6bFNEPe43y0aPDS3zNguf1b22FYPxRDF7-XKtPfeVPh04pTOyC_seWSK1mbfA05NSIB3KzaIh-WYq6c_E9UMddsY5gSuEDRTWQvWzPOWe0xMw4MJHNUdKN=w397-h298-k-no""},{""title"":""Iced coffee"",""image"":""https://lh3.googleusercontent.com/gps-cs-s/AHRPTWkSTffhPfaB0ezkJcWTdHqniv-g6Zv-P1OzPQPOItir5LO6RsnsaefYDs-2Rt-sqBTOD0pyn4mHwMtYpq-wVFcHA7uHDAjchkF_YlldqPrOSC_HBFCoUWPPGi9bEWCVEAjYbPiL=w397-h298-k-no""},{""title"":""Milk tea"",""image"":""https://lh3.googleusercontent.com/gps-cs-s/AHRPTWmgnw4NAVTV0JeR1lfvgf_XwfVNN0YeNfEduyxcBIA5s0TvMq4XvVjlrn7BpypS85j63c1asQ5mUBsBSh-k9nZDbw1gW3SmRODJ3or3LV3TEW5EwJQXk-pbqswB5FRAl7qtHCKrWA=w238-h298-k-no""},{""title"":""By owner"",""image"":""https://lh3.googleusercontent.com/gps-cs-s/AHRPTWl3aR2RBSdq8sejQhtqy8txYO5PnLqndw2l6KoL81Qzsb32elbOLam0jU9SOVkq7bVByORAQvD3BR1ULozpaTPgfVXZcbesfOFszZRjpjqTbmsydik_3Xi1E12YG7LkXrQkwQ4=w529-h298-k-no""},{""title"":""Street View \u0026 360°"",""image"":""https://streetviewpixels-pa.googleapis.com/v1/thumbnail?panoid=lbGs3bZo6TpStSU0kAmoWg\u0026cb_client=maps_sv.tactile.gps\u0026w=224\u0026h=298\u0026yaw=58.71473\u0026pitch=0\u0026thumbfov=100""}]","{""link"":"""",""source"":""""}"
3043499d-f7a0-4139-b121-07920cff8870,https://www.google.com/maps/place/Kedai+Take+away+99/data=!4m7!3m6!1s0x2de4230020ef839f:0xbb24267af104128f!8m2!3d-3.323089!4d114.6029996!16s%2Fg%2F11z2kc_ly8!19sChIJn4PvIAAj5C0RjxIE8XomJLs?authuser=0&hl=en&g_ep=EgoyMDI2MDkwMi4wIJJjKgBIAVAD&rclk=1,Kedai Take away 99,Coffee shop,"MJG3+Q59 Kedai Take away 99, samping mesjid ar rahman, Jl. Kp. Melayu Darat, Melayu, Kec. Banjarmasin Tengah, Kota Banjarmasin, Kalimantan Selatan 70122",{},{},0,0.0,"{""1"":0,""2"":0,""3"":0,""4"":0,""5"":0}",-3.323089,114.603,13484945493725549199,0x2de4230020ef839f:0xbb24267af104128f,ChIJn4PvIAAj5C0RjxIE8XomJLs,[],"{""link"":"""",""source"":""""}"
3043499d-f7a0-4139-b121-07920cff8870,https://www.google.com/maps/place/kedai+kopi+merga+silima/data=!4m7!3m6!1s0x2de4239d357a2ea3:0xec3a04b94ed86074!8m2!3d-3.3282957!4d114.6096719!16s%2Fg%2F11tmry_tp1!19sChIJoy56NZ0j5C0RdGDYTrkEOuw?authuser=0&hl=en&g_ep=EgoyMDI2MDkwMi4wIJJjKgBIAVAD&rclk=1,kedai kopi merga silima,Coffee shop,"No. Km3, Jl. A. Yani RW.5, Kebun Bunga, Kec. Banjarmasin Tim., Kota Banjarmasin, Kalimantan Selatan 70234","{""Friday"":[""10.00 am–11.00 pm""],""Monday"":[""10.00 am–11.00 pm""],""Saturday"":[""10.00 am–11.00 pm""],""Sunday"":[""10.00 am–11.00 pm""],""Thursday"":[""10.00 am–11.00 pm""],""Tuesday"":[""10.00 am–11.00 pm""],""Wednesday"":[""10.00 am–11.00 pm""]}","{""Friday"":{""10"":84,""11"":61,""12"":46,""13"":53,""14"":53,""15"":61,""16"":53,""17"":69,""18"":61,""19"":100,""20"":76,""21"":84,""22"":69,""23"":0,""6"":0,""7"":0,""8"":0,""9"":0},""Monday"":{""10"":53,""11"":69,""12"":69,""13"":61,""14"":38,""15"":46,""16"":69,""17"":61,""18"":46,""19"":30,""20"":30,""21"":61,""22"":92,""23"":0,""6"":0,""7"":0,""8"":0,""9"":0},""Saturday"":{""10"":38,""11"":30,""12"":23,""13"":38,""14"":53,""15"":46,""16"":46,""17"":46,""18"":38,""19"":53,""20"":69,""21"":84,""22"":76,""23"":0,""6"":0,""7"":0,""8"":0,""9"":0},""Sunday"":{""10"":53,""11"":46,""12"":61,""13"":76,""14"":76,""15"":46,""16"":46,""17"":30,""18"":38,""19"":30,""20"":38,""21"":53,""22"":69,""23"":0,""6"":0,""7"":0,""8"":0,""9"":0},""Thursday"":{""10"":38,""11"":30,""12"":38,""13"":30,""14"":15,""15"":15,""16"":7,""17"":23,""18"":38,""19"":61,""20"":76,""21"":69,""22"":69,""23"":0,""6"":0,""7"":0,""8"":0,""9"":0},""Tuesday"":{""10"":30,""11"":53,""12"":84,""13"":76,""14"":92,""15"":61,""16"":69,""17"":53,""18"":61,""19"":61,""20"":76,""21"":76,""22"":53,""23"":0,""6"":0,""7"":0,""8"":0,""9"":0},""Wednesday"":{""10"":38,""11"":46,""12"":53,""13"":76,""14"":69,""15"":61,""16"":61,""17"":46,""18"":38,""19"":53,""20"":76,""21"":84,""22"":76,""23"":0,""6"":0,""7"":0,""8"":0,""9"":0}}",1,5.0,"{""1"":0,""2"":0,""3"":0,""4"":0,""5"":1}",-3.328296,114.609672,17021922935538475124,0x2de4239d357a2ea3:0xec3a04b94ed86074,ChIJoy56NZ0j5C0RdGDYTrkEOuw,"[{""title"":""All"",""image"":""https://lh3.googleusercontent.com/gps-cs-s/AHRPTWn8KZgiPw7oWLZbEHLx5k6qNrrkzAqK0IfHybWAUqHNL9pc2T3ar2DZxqxXxjKfCAhjdwNVXvxiFP9GkVQgX21KkxTJQh9Abs_Tcn7Zt3g_EaiO5DxQZY5j2XCzX8SvK0EPTSSfEg=w529-h298-k-no""},{""title"":""Vibe"",""image"":""https://lh3.googleusercontent.com/gps-cs-s/AHRPTWn8KZgiPw7oWLZbEHLx5k6qNrrkzAqK0IfHybWAUqHNL9pc2T3ar2DZxqxXxjKfCAhjdwNVXvxiFP9GkVQgX21KkxTJQh9Abs_Tcn7Zt3g_EaiO5DxQZY5j2XCzX8SvK0EPTSSfEg=w529-h298-k-no""},{""title"":""Street View \u0026 360°"",""image"":""https://streetviewpixels-pa.googleapis.com/v1/thumbnail?panoid=shGNT4ZPg-2a2woG0OudEA\u0026cb_client=maps_sv.tactile.gps\u0026w=224\u0026h=298\u0026yaw=46.360985\u0026pitch=0\u0026thumbfov=100""}]","{""link"":"""",""source"":""""}"
3043499d-f7a0-4139-b121-07920cff8870,https://www.google.com/maps/place/Kigo+coffee/data=!4m7!3m6!1s0x2de4231367e90885:0x40800dc5a3754b80!8m2!3d-3.3287145!4d114.6058405!16s%2Fg%2F11y1m1mns7!19sChIJhQjpZxMj5C0RgEt1o8UNgEA?authuser=0&hl=en&g_ep=EgoyMDI2MDkwMi4wIJJjKgBIAVAD&rclk=1,Kigo coffee,Cafe,"Jl. Ratu Zaleha, Karang Mekar, Kec. Banjarmasin Tim., Kota Banjarmasin, Kalimantan Selatan 60234","{""Friday"":[""2.00–11.00 pm""],""Monday"":[""7.00 am–10.00 pm""],""Saturday"":[""7.00 am–11.30 pm""],""Sunday"":[""7.00 am–11.00 pm""],""Thursday"":[""7.00 am–10.00 pm""],""Tuesday"":[""7.00 am–10.00 pm""],""Wednesday"":[""7.00 am–10.00 pm""]}","{""Friday"":{""10"":0,""11"":0,""12"":0,""13"":0,""14"":35,""15"":48,""16"":55,""17"":72,""18"":83,""19"":85,""20"":79,""21"":76,""22"":64,""23"":0,""6"":0,""7"":0,""8"":0,""9"":0},""Monday"":{""10"":45,""11"":57,""12"":63,""13"":63,""14"":63,""15"":52,""16"":55,""17"":63,""18"":69,""19"":70,""20"":61,""21"":50,""22"":0,""23"":0,""6"":0,""7"":20,""8"":32,""9"":38},""Saturday"":{""10"":38,""11"":41,""12"":45,""13"":42,""14"":45,""15"":44,""16"":57,""17"":58,""18"":69,""19"":79,""20"":91,""21"":100,""22"":91,""23"":69,""6"":0,""7"":26,""8"":29,""9"":35},""Sunday"":{""10"":44,""11"":44,""12"":42,""13"":44,""14"":41,""15"":33,""16"":44,""17"":58,""18"":70,""19"":66,""20"":61,""21"":55,""22"":51,""23"":0,""6"":0,""7"":45,""8"":55,""9"":54},""Thursday"":{""10"":35,""11"":45,""12"":58,""13"":58,""14"":51,""15"":42,""16"":48,""17"":61,""18"":75,""19"":85,""20"":82,""21"":67,""22"":0,""23"":0,""6"":0,""7"":14,""8"":19,""9"":27},""Tuesday"":{""10"":27,""11"":45,""12"":57,""13"":66,""14"":66,""15"":64,""16"":69,""17"":69,""18"":63,""19"":54,""20"":52,""21"":48,""22"":0,""23"":0,""6"":0,""7"":25,""8"":22,""9"":26},""Wednesday"":{""10"":42,""11"":51,""12"":55,""13"":60,""14"":51,""15"":60,""16"":66,""17"":86,""18"":89,""19"":75,""20"":60,""21"":48,""22"":0,""23"":0,""6"":0,""7"":27,""8"":32,""9"":38}}",48,4.7,"{""1"":1,""2"":0,""3"":0,""4"":10,""5"":37}",-3.328714,114.60584,4647729957948443520,0x2de4231367e90885:0x40800dc5a3754b80,ChIJhQjpZxMj5C0RgEt1o8UNgEA,"[{""title"":""All"",""image"":""https://lh3.googleusercontent.com/gps-cs-s/AHRPTWmXmpz2_10lyQMsnWgrP3Q3rvgWjmvG7SOGDsT9ez92G-6-ozLOyf3-9WOyPZvIiMih7-0d-8w3S1v2OveiM1-uJNGprr7RbtUzHEE166OfPbYGg28XnPsV0Kd66oHtJUhP-Y0=w224-h298-k-no""},{""title"":""Latest"",""image"":""https://lh3.googleusercontent.com/gps-cs-s/AHRPTWmKchigQxKKgPgyROmR2CwkwXDe9-9hnbSw2l2L7B-g4C9Xr0fiJ9N4ApfSr7VhFA8sczK39gW_DmIitME-ZY4qMtZxj1pxLRtr5-MmXEriDa7sMUCwusXFoqEGSKZxJtYIcHUJml7WzJlN=w224-h398-k-no""},{""title"":""Videos"",""image"":""https://lh3.googleusercontent.com/gps-cs-s/AHRPTWlT5lOTdODu7gh9CRoJ8NN0tbaO4Ui-M8FvNdeAu4HeJId1uWwKmSi7fpqbq_TKCV6V55VqFmE4UNvdN7YJciOxSLeYnfB3aYccJTtpSxH0E1Qo1JPpWt6fLeGzUaI0WY68aGk9nA=w529-h298-k-no""},{""title"":""Menu"",""image"":""https://lh3.googleusercontent.com/gps-cs-s/AHRPTWlZBCReyrTEnh2kE2qRCacXBKFAdkokExHRSl5nsgdqapKUoFKeuRg-jWPd2FCcTKcamfHUh8u4Eln0pXeqfIpwx_Q0b1ovmj9ZN8vP0VslDZp077VipWjuY6Y9Wl5YOY3uwvGRl5yTitGz=w224-h298-k-no""},{""title"":""Food \u0026 drink"",""image"":""https://lh3.googleusercontent.com/gps-cs-s/AHRPTWlO1m0rfy8EgouBH091g6DScYDndgYhqHZOd0c2u-vnZQZ2oS9obAMnZnuxdGU9LZT8UQZo1WKGNSwnhNK6jpqk3H0xmcLH_YY3jzU_DfkGldFvQDT616QiMayMfsPO_oZCz4REzA=w224-h398-k-no""},{""title"":""Vibe"",""image"":""https://lh3.googleusercontent.com/gps-cs-s/AHRPTWnpAYc7gt-UNNkJtLqarSYPnMKaq_1KUupGPhXuESQDHkbZtIeb0TzSHCwLOz1hmhVIeoAkglYt2Ae9DDY9_K8IN0zGJyiPN-1ZQ1bXCPCQnN8wgdhhaXyTLhAobFfCyI2_U1k=w224-h298-k-no""},{""title"":""Iced coffee"",""image"":""https://lh3.googleusercontent.com/gps-cs-s/AHRPTWkB2t01aBs0qqOXMVqUmXi-uuUqC_eZq_LCZsiu3a5x10jgkGSESARklUID6CvvAX2J20EekFfluNmE_9qpb15n-mv_DJvF8uxezk3jbjsvB8kD3QbaMXhyK1HPhAdo-p4GpTm9KA=w224-h398-k-no""},{""title"":""Coffee"",""image"":""https://lh3.googleusercontent.com/gps-cs-s/AHRPTWlbVkf2OWhLXtGuyJ8Hy0jsSoOOkvFCrhmT-Us7L6CrJr20KEskB0GVmwEkov9haia_DfgeNUl3YiL8IhiiwwKZAhGM8jwb6whP70I-idi91YxtiJmMIijSA1DtcY5GOzA7JSno=w224-h398-k-no""},{""title"":""By owner"",""image"":""https://lh3.googleusercontent.com/gps-cs-s/AHRPTWmcD-JTysjE_jEe6IalIKnsQ6WFNRW7vP_h2dCPeUqg9KJSqlt_v2cgvVGicjyn8to3gjxsi2YCmSyb-sUhIcaDppATm8Tp1Hp5EavCjRXgvkIzT4IEpeQcUjgugQdHCh3iORz89A=w224-h398-k-no""},{""title"":""Street View \u0026 360°"",""image"":""https://streetviewpixels-pa.googleapis.com/v1/thumbnail?panoid=ZQFoFZHnwXv4pLo5Wp2q0Q\u0026cb_client=maps_sv.tactile.gps\u0026w=224\u0026h=298\u0026yaw=211.04822\u0026pitch=0\u0026thumbfov=100""}]","{""link"":"""",""source"":""""}"
3043499d-f7a0-4139-b121-07920cff8870,https://www.google.com/maps/place/Office+Coffee+Headquarter/data=!4m7!3m6!1s0x2de423db990fb7ab:0xce89a1c7c715708!8m2!3d-3.3242673!4d114.5883746!16s%2Fg%2F11c5_nx283!19sChIJq7cPmdsj5C0RCFdxfBya6Aw?authuser=0&hl=en&g_ep=EgoyMDI2MDkwMi4wIJJjKgBIAVAD&rclk=1,Office Coffee Headquarter,Coffee shop,"Jl. M.T. Haryono No.32, RT.03, Kertak Baru Ilir, Banjarmasin Tengah, Banjarmasin City, South Kalimantan 70111","{""Friday"":[""7.00 am–11.00 pm""],""Monday"":[""7.00 am–11.00 pm""],""Saturday"":[""7.00 am–11.00 pm""],""Sunday"":[""7.00 am–11.00 pm""],""Thursday"":[""7.00 am–11.00 pm""],""Tuesday"":[""7.00 am–11.00 pm""],""Wednesday"":[""7.00 am–11.00 pm""]}","{""Friday"":{""10"":42,""11"":49,""12"":53,""13"":56,""14"":56,""15"":55,""16"":57,""17"":62,""18"":68,""19"":76,""20"":81,""21"":77,""22"":64,""23"":0,""6"":0,""7"":16,""8"":25,""9"":35},""Monday"":{""10"":39,""11"":46,""12"":54,""13"":57,""14"":57,""15"":52,""16"":53,""17"":59,""18"":68,""19"":73,""20"":71,""21"":60,""22"":44,""23"":0,""6"":0,""7"":13,""8"":21,""9"":29},""Saturday"":{""10"":43,""11"":51,""12"":57,""13"":59,""14"":58,""15"":57,""16"":59,""17"":66,""18"":80,""19"":93,""20"":100,""21"":92,""22"":74,""23"":0,""6"":0,""7"":17,""8"":27,""9"":35},""Sunday"":{""10"":35,""11"":43,""12"":49,""13"":53,""14"":51,""15"":50,""16"":52,""17"":58,""18"":67,""19"":77,""20"":77,""21"":68,""22"":52,""23"":0,""6"":0,""7"":15,""8"":23,""9"":30},""Thursday"":{""10"":44,""11"":52,""12"":56,""13"":57,""14"":55,""15"":52,""16"":54,""17"":61,""18"":68,""19"":74,""20"":78,""21"":72,""22"":55,""23"":0,""6"":0,""7"":17,""8"":25,""9"":35},""Tuesday"":{""10"":45,""11"":54,""12"":59,""13"":60,""14"":58,""15"":56,""16"":59,""17"":67,""18"":72,""19"":76,""20"":76,""21"":69,""22"":53,""23"":0,""6"":0,""7"":19,""8"":29,""9"":37},""Wednesday"":{""10"":47,""11"":55,""12"":62,""13"":61,""14"":59,""15"":60,""16"":64,""17"":73,""18"":83,""19"":87,""20"":84,""21"":74,""22"":56,""23"":0,""6"":0,""7"":12,""8"":23,""9"":34}}",1945,4.5,"{""1"":40,""2"":13,""3"":127,""4"":497,""5"":1268}",-3.324267,114.588375,930162770189571848,0x2de423db990fb7ab:0xce89a1c7c715708,ChIJq7cPmdsj5C0RCFdxfBya6Aw,"[{""title"":""All"",""image"":""https://lh3.googleusercontent.com/gps-cs-s/AHRPTWljwvFFjpxSvaAraZWPdBawKHYVii_G-4SZMsHl2B_BlpF9eCgdK0lrVLIWitISV12Xfg4ZJOW5ot0OoVK1BW0yUK8BsSd6TloHKy1M2Mn163r85H79RjJfdB0PB2L1keq5ps02UBfY-dla=w529-h298-k-no""},{""title"":""Menu"",""image"":""https://lh3.googleusercontent.com/gps-cs-s/AHRPTWnA920ENxg1bQh73-K223s9QbKqwrn2q7Qrc689dTKCJ4dTDKdBciqycKF4dY-IO3LH0kFiJH9oRXqVarSObJakaieS8HtNTFBJYEVWA3_2PYUz3MiVsXG3EhtLYi_5Lt-prP0bbw=w224-h298-k-no""},{""title"":""Videos"",""image"":""https://lh3.googleusercontent.com/gps-cs-s/AHRPTWlnI9lYUNuS0w6mD3ui-dRlq8p83-bQQUdcEnjR_zgb8gLV8xLswvgifkmGZ_V818Uwtnu-Nqx5aehdBju5uE8H9GGksTG0TqN9yURHb0ThtAdVuqqDWpMDPMYbNSk5i2hWrkQG=w529-h298-k-no""},{""title"":""Food \u0026 drink"",""image"":""https://lh3.googleusercontent.com/gps-cs-s/AHRPTWkRgTIXWssEVQ11QPjXC4Z33bBsmLZpoYU8BnzUd6zFLi2a185Lxx7zYZng7DB2frFYHqEn8qjrJUyZgaYnirUm22miNn_12vevKOBZNSRaaePGV3T1CNtrcUqnVidLnHio6-7t=w397-h298-k-no""},{""title"":""Vibe"",""image"":""https://lh3.googleusercontent.com/gps-cs-s/AHRPTWma6ndymaAmTgtxTDsTkwWTp014nVTp_RvfoSXz8qdQnPzADCqgzHBzN_UBQ_FcZUF13lcZa3vhq8c9ahsAC1HI8D9iWbNRbxtXPRd489uXLMTeH5y-LBhu85QxQF7Js_u__ES3lg=w224-h398-k-no""},{""title"":""Cortado"",""image"":""https://lh3.googleusercontent.com/gps-cs-s/AHRPTWnV2wG4LXPBb--LOgP5kGavbhT6VvzJCx3A-kUsYM70oeJHulvtwpejciCKBi-1rC2rV0AKSLit5hSD-g-icyI3XjAcI9TqepYZc9ePk6b2ugxtUslxhibXYAUZ2ANpNDnOmW8DAg=w224-h298-k-no""},{""title"":""Iced coffee"",""image"":""https://lh3.googleusercontent.com/gps-cs-s/AHRPTWlTM2gknWFqPwWTJPw6riHNor3BsggvEPE-7YmYJHD6Y2le_0KUhohqr0_u2crDmHQwTEwQGOud0MkJOUQxKz3SNWZFmi2pc_ImmRjB5xjru0hqyWjDI1wOnBxyJKgCTlUi8SCJ6ivWfdg=w224-h298-k-no""},{""title"":""Cappuccino"",""image"":""https://lh3.googleusercontent.com/gps-cs-s/AHRPTWly8wzxCMBol-pw5iuCzF3xh_ZjFHiZKNnTlXrg3Ba4mdsYgfei7SajS1V70fpMZQVp2JTgSrk1_PKGdu04gOQTYQyNbb0GOdia4phlKxnu9LTGsc40gTpZqV9OHZtdMogriqVI1xMN332r=w224-h298-k-no""},{""title"":""Coffee"",""image"":""https://lh3.googleusercontent.com/gps-cs-s/AHRPTWmX8Jrry9Mlwh99jfIDFOEoi21VG1ahbfhNTDc7xQ5HytnCG5AY-aWCRZgY2rLaakN2SiulGvn85JPhSVC9HZ6bTcaxuoODNz2eay-iBWe7YRUiNCkFKNbQp-3k2mvsgYykw80E=w224-h298-k-no""},{""title"":""Iced tea"",""image"":""https://lh3.googleusercontent.com/gps-cs-s/AHRPTWlv1JjCsuZm3ZEXxQhC3qk-HLEiOB4qHyho8vvf9afQD5BvsKfXrZJNtqOCqF4L6XNUbMRQbs1FCZYxC0jmazWI881xDtrfXKw5Q4AlIKqQ8fZwcjx_sMnghq21Jl-RHoEpW7E=w224-h298-k-no""},{""title"":""Cold brew coffee"",""image"":""https://lh3.googleusercontent.com/gps-cs-s/AHRPTWkVATSdfs9ZfA4TVlk4eQS6tStNvAK6VyDNjC3XaBtq4Ut2JywZ1x8AYr-cQjh2MnJRK7QZRS-4CFeSXXYgdDl1B0Wt_C0F_le6PujorEjoQEtmMbfoMg7Aa7n9kVlh60s-pWiMilBxyAG8=w224-h298-k-no""},{""title"":""By owner"",""image"":""https://lh3.googleusercontent.com/gps-cs-s/AHRPTWlJ9SE9ZfOm6zAkRUg62hE9-n2L9Y1Ld6Th6DCqTwTgiMU7GhwlHewTBOlVSywJ0GK0MKBJL_t6IM73rcrbZBrHzBvzWq7LlSRq1sEvKNt4SzhyyXNNdY0AX3zOwdbSx7qFm6c9szGJ9WHO=w224-h398-k-no""},{""title"":""Street View \u0026 360°"",""image"":""https://streetviewpixels-pa.googleapis.com/v1/thumbnail?panoid=xgt_0i9r9z2748F9IIZZ5w\u0026cb_client=maps_sv.tactile.gps\u0026w=224\u0026h=298\u0026yaw=296.20877\u0026pitch=0\u0026thumbfov=100""}]","{""link"":"""",""source"":""""}"
3043499d-f7a0-4139-b121-07920cff8870,https://www.google.com/maps/place/Eskopi+Indonesia+Cabang+Duta+Mall+Banjarmasin/data=!4m7!3m6!1s0x2de4232dc12847b9:0x44dc54083c99455c!8m2!3d-3.3228218!4d114.6029635!16s%2Fg%2F11x5dnb9s1!19sChIJuUcowS0j5C0RXEWZPAhU3EQ?authuser=0&hl=en&g_ep=EgoyMDI2MDkwMi4wIJJjKgBIAVAD&rclk=1,Eskopi Indonesia Cabang Duta Mall Banjarmasin,Coffee shop,"Jl. A. Yani No.98, Melayu, Kec. Banjarmasin Tengah, Kota Banjarmasin, Kalimantan Selatan 70232","{""Friday"":[""10.00 am–10.00 pm""],""Monday"":[""10.00 am–10.00 pm""],""Saturday"":[""10.00 am–10.00 pm""],""Sunday"":[""10.00 am–10.00 pm""],""Thursday"":[""10.00 am–10.00 pm""],""Tuesday"":[""10.00 am–10.00 pm""],""Wednesday"":[""10.00 am–10.00 pm""]}","{""Friday"":{""10"":48,""11"":33,""12"":23,""13"":25,""14"":51,""15"":79,""16"":79,""17"":71,""18"":53,""19"":38,""20"":30,""21"":33,""22"":0,""23"":0,""6"":0,""7"":0,""8"":0,""9"":0},""Monday"":{""10"":66,""11"":74,""12"":74,""13"":61,""14"":53,""15"":38,""16"":38,""17"":38,""18"":41,""19"":43,""20"":46,""21"":46,""22"":0,""23"":0,""6"":0,""7"":0,""8"":0,""9"":0},""Saturday"":{""10"":64,""11"":64,""12"":69,""13"":66,""14"":58,""15"":48,""16"":53,""17"":76,""18"":69,""19"":74,""20"":61,""21"":64,""22"":0,""23"":0,""6"":0,""7"":0,""8"":0,""9"":0},""Sunday"":{""10"":100,""11"":74,""12"":71,""13"":66,""14"":82,""15"":79,""16"":69,""17"":43,""18"":41,""19"":43,""20"":48,""21"":58,""22"":0,""23"":0,""6"":0,""7"":0,""8"":0,""9"":0},""Thursday"":{""10"":87,""11"":58,""12"":38,""13"":25,""14"":46,""15"":53,""16"":71,""17"":53,""18"":38,""19"":30,""20"":41,""21"":51,""22"":0,""23"":0,""6"":0,""7"":0,""8"":0,""9"":0},""Tuesday"":{""10"":53,""11"":51,""12"":38,""13"":33,""14"":41,""15"":53,""16"":64,""17"":61,""18"":53,""19"":58,""20"":61,""21"":51,""22"":0,""23"":0,""6"":0,""7"":0,""8"":0,""9"":0},""Wednesday"":{""10"":48,""11"":33,""12"":25,""13"":30,""14"":38,""15"":53,""16"":56,""17"":56,""18"":61,""19"":84,""20"":97,""21"":100,""22"":0,""23"":0,""6"":0,""7"":0,""8"":0,""9"":0}}",37,4.8,"{""1"":1,""2"":1,""3"":0,""4"":1,""5"":34}",-3.322822,114.602964,4961933283808593244,0x2de4232dc12847b9:0x44dc54083c99455c,ChIJuUcowS0j5C0RXEWZPAhU3EQ,"[{""title"":""All"",""image"":""https://lh3.googleusercontent.com/gps-cs-s/AHRPTWlcp0LusIlKvhLN0b0dFw93ZYHx-DFdGHLXBT0uKw1zwyHOepGfuM41Vx2NbJ4XVldA2ZOAeoVdxxj07c4zS9XEt3CJnp4Bhj0C0tM1XvotZ0N3yPoaXNzvteluo71AJsMsZWA0=w397-h298-k-no""},{""title"":""Latest"",""image"":""https://lh3.googleusercontent.com/gps-cs-s/AHRPTWnn7QuV_UeyFL1ghv4JXwSqPC0q7lyHv1vw5posJ8JurOEypfX1yG0UzC_aRWFAe5ASdE-EONM08jy-COEP1Lz5hKLynlItT88Hh7lhyI2WSWAv4rHhFqTgek9NGSnvRDNwWTyaeLmj4k4=w224-h298-k-no""},{""title"":""Menu"",""image"":""https://lh3.googleusercontent.com/gps-cs-s/AHRPTWkEuoHVz8nuFHhbhxyyOfTZO8BV1ivQ32b4-7bsdPoiuQLdfabmfoy_W2zAUy9NuQG0pulCXp1Vr-IOsOS8kR9tS32KmCfbRFNOGBSMYH_lAw-3nx1pFvEh-OdiBD0lQ7qbfn6cztJmX0xY=w529-h298-k-no""},{""title"":""Food \u0026 drink"",""image"":""https://lh3.googleusercontent.com/gps-cs-s/AHRPTWln4_EuvE1d1SvdqUGsHHFfDzPDhCGHANTcetqpa9ngRtUeUwWAsQLgi7cFXPpzAlTT9nlmQm03TGfFdtp0jj9ozVR-3G_okKKSSaq_z1qpquLMJPgDOLhIdvQsqSOdnQ5O6fGt06r2CGu5=w224-h298-k-no""},{""title"":""Vibe"",""image"":""https://lh3.googleusercontent.com/gps-cs-s/AHRPTWnxklXVh6s-5tWHB2lopW29wdwAjbECxOF-8qmLKDFw9dnw6f7KesCOCWQXq_J3Tj3899YqmefREjyFWF6X6IF-MTRQDYs--Dk8q7euVRvhInlmm2EEB6wu0gSKDv-8O-hZTVbqHHPBY3uZ=w224-h298-k-no""},{""title"":""Coffee"",""image"":""https://lh3.googleusercontent.com/gps-cs-s/AHRPTWnXTq1_Qi-k9le0EIpifyowfDRc6zl87F7j6vwcTSpcCSLnK6UyhrcTCls-TA4La5Gl21Ee-rrQaNq_ZRpA4D1N_-MnTR4M5NYputg4P6ip-PRokBL1I4e1bCDubzXacCmxzZZ203bq7io=w224-h398-k-no""},{""title"":""By owner"",""image"":""https://lh3.googleusercontent.com/gps-cs-s/AHRPTWnP8NI1l-X5361H7aiSRw1woFqefqSgjkx4wav6BzABpjFp2Aqu0zeefepQKiAspCDmckMLsGV-FBxu0Y25QvD6Deiqs9-nx_bFkE3f4wNYyH1cv1QAg7pYNcHa50CeR4DKUcG6jscqvm5y=w224-h397-k-no""}]","{""link"":"""",""source"":""""}"
3043499d-f7a0-4139-b121-07920cff8870,https://www.google.com/maps/place/Heima+coffee/data=!4m7!3m6!1s0x2de4230030d6d2b5:0xe48e77a1b36fe813!8m2!3d-3.3238888!4d114.6188787!16s%2Fg%2F11zhnm89k9!19sChIJtdLWMAAj5C0RE-hvs6F3juQ?authuser=0&hl=en&g_ep=EgoyMDI2MDkwMi4wIJJjKgBIAVAD&rclk=1,Heima coffee,Coffee shop,"Jl. Merpati Jl. Gatot Subroto X No.50, Pengambangan, Kec. Banjarmasin Tim., Kota Banjarmasin, Kalimantan Selatan 70239",{},{},7,5.0,"{""1"":0,""2"":0,""3"":0,""4"":0,""5"":7}",-3.323889,114.618879,16469232423724378131,0x2de4230030d6d2b5:0xe48e77a1b36fe813,ChIJtdLWMAAj5C0RE-hvs6F3juQ,"[{""title"":""All"",""image"":""https://lh3.googleusercontent.com/gps-cs-s/AHRPTWlw82SIby5w9IE2ZbPAUAd9dSQSPActo7ZMe7Mgjg-q-syJSSmIqxbaZ20sSZr2TE1luUfrOK21tVdj3qBRxTant1yfW_RFkc2_89JDRrxcwTytwtcYgJ9bIze947Mjyyr24atiwyGSA2O4=w224-h298-k-no""},{""title"":""Food \u0026 drink"",""image"":""https://lh3.googleusercontent.com/gps-cs-s/AHRPTWnRliEmwRQ_Ti1TRBDIXS-G35ecOut28Zw5rNLu-kTUvh08MG5mn-qLH4GaaWgKSm32St30Jnf1Y0CalzBV20a0-T8H33cKYzamI67l8iaEmeNLwL12Vc_qqQ7E90JPVJEaT0YnRvE8VRY=w224-h298-k-no""},{""title"":""Vibe"",""image"":""https://lh3.googleusercontent.com/gps-cs-s/AHRPTWkSp1Q29mT2jus6OM6wtCl_h5kZmAcoMc4_5H0eBp5Vh2oQkRsXEgiy6ERXfXAKm1oEMjTfIbOZUxLtED_caf_8U7vwb4TSg6bbFDkmk7F--x-yJmYBMYAym5jQjV-9P-eC7UGaLmOEJg0=w224-h298-k-no""},{""title"":""Street View \u0026 360°"",""image"":""https://streetviewpixels-pa.googleapis.com/v1/thumbnail?panoid=muCczSFdYzCVlOf9NiIOQA\u0026cb_client=maps_sv.tactile.gps\u0026w=224\u0026h=298\u0026yaw=318.91534\u0026pitch=0\u0026thumbfov=100""}]","{""link"":"""",""source"":""""}"
c362811d-696c-4ed2-9795-c79c614b66e9,https://www.google.com/maps/place/Cappucino+Cincau+ABUDe+Veteran/data=!4m7!3m6!1s0x2de423dd17eab93d:0x35816101b71c2568!8m2!3d-3.3200644!4d114.6083125!16s%2Fg%2F11h0gyy2c_!19sChIJPbnqF90j5C0RaCUctwFhgTU?authuser=0&hl=en&g_ep=EgoyMDI2MDkwMi4wIJJjKgBIAVAD&rclk=1,Cappucino Cincau ABUDe Veteran,Cafe,"Jl. Kp. Melayu Darat No.1, Sungai Bilu, Kec. Banjarmasin Tim., Kota Banjarmasin, Kalimantan Selatan 70236","{""Friday"":[""10.00 am–10.00 pm""],""Monday"":[""10.00 am–10.00 pm""],""Saturday"":[""10.00 am–10.00 pm""],""Sunday"":[""10.00 am–10.00 pm""],""Thursday"":[""10.00 am–10.00 pm""],""Tuesday"":[""10.00 am–10.00 pm""],""Wednesday"":[""10.00 am–10.00 pm""]}","{""Friday"":{""10"":46,""11"":46,""12"":53,""13"":60,""14"":60,""15"":66,""16"":40,""17"":26,""18"":20,""19"":33,""20"":33,""21"":46,""22"":0,""23"":0,""6"":0,""7"":0,""8"":0,""9"":0},""Monday"":{""10"":33,""11"":40,""12"":60,""13"":60,""14"":46,""15"":40,""16"":60,""17"":73,""18"":53,""19"":60,""20"":53,""21"":73,""22"":0,""23"":0,""6"":0,""7"":0,""8"":0,""9"":0},""Saturday"":{""10"":80,""11"":66,""12"":60,""13"":46,""14"":53,""15"":46,""16"":53,""17"":53,""18"":46,""19"":46,""20"":53,""21"":46,""22"":0,""23"":0,""6"":0,""7"":0,""8"":0,""9"":0},""Sunday"":{""10"":60,""11"":40,""12"":40,""13"":46,""14"":53,""15"":73,""16"":86,""17"":66,""18"":60,""19"":46,""20"":46,""21"":73,""22"":0,""23"":0,""6"":0,""7"":0,""8"":0,""9"":0},""Thursday"":{""10"":53,""11"":40,""12"":40,""13"":46,""14"":53,""15"":46,""16"":53,""17"":66,""18"":66,""19"":46,""20"":46,""21"":60,""22"":0,""23"":0,""6"":0,""7"":0,""8"":0,""9"":0},""Tuesday"":{""10"":33,""11"":40,""12"":33,""13"":53,""14"":73,""15"":60,""16"":46,""17"":33,""18"":53,""19"":60,""20"":73,""21"":66,""22"":0,""23"":0,""6"":0,""7"":0,""8"":0,""9"":0},""Wednesday"":{""10"":40,""11"":40,""12"":46,""13"":33,""14"":33,""15"":40,""16"":60,""17"":100,""18"":93,""19"":86,""20"":66,""21"":60,""22"":0,""23"":0,""6"":0,""7"":0,""8"":0,""9"":0}}",8,5.0,"{""1"":0,""2"":0,""3"":0,""4"":0,""5"":8}",-3.320064,114.608312,3855469416000791912,0x2de423dd17eab93d:0x35816101b71c2568,ChIJPbnqF90j5C0RaCUctwFhgTU,"[{""title"":""All"",""image"":""https://lh3.googleusercontent.com/gps-cs-s/AHRPTWnnMuwiBwsg254cDPMw-V02Xp3UUA_dTdnoXC-GeYXPw8XGMNooUBhHFlM0q3YF9XTyabj7CwsRry4Rn_dH2_Pwayte5M_xHNPDzeiDt0UD-rZJ2xe5tVDbPVGEhOCH4NyfqSxRvw=w397-h298-k-no""},{""title"":""Food \u0026 drink"",""image"":""https://lh3.googleusercontent.com/gps-cs-s/AHRPTWn89zmIk6r7IE-tXN59dRKHJJkuOMiuGvZpn0cWDcyePlwvyt1b_FSKDXrvLNXcytcOkXgm2OvZw3OxOnpH7npDgP7a2nAx18HItWI0hIHd5_6CQ2oewTN1w7hhL8-Hg4ixe0_ub5pMl_ft=w230-h298-k-no""},{""title"":""Street View \u0026 360°"",""image"":""https://streetviewpixels-pa.googleapis.com/v1/thumbnail?panoid=PZaWsE6u4vBH5Cx6pSrijQ\u0026cb_client=maps_sv.tactile.gps\u0026w=224\u0026h=298\u0026yaw=44.40779\u0026pitch=0\u0026thumbfov=100""}]","{""link"":"""",""source"":""""}"
c362811d-696c-4ed2-9795-c79c614b66e9,https://www.google.com/maps/place/Kendi+Cafe+%26+Resto/data=!4m7!3m6!1s0x2de423efe8e17d05:0xed398b5572ea64a5!8m2!3d-3.3203681!4d114.6061788!16s%2Fg%2F1pty8zf74!19sChIJBX3h6O8j5C0RpWTqclWLOe0?authuser=0&hl=en&g_ep=EgoyMDI2MDkwMi4wIJJjKgBIAVAD&rclk=1,Kendi Cafe & Resto,Cafe,"Jl. Veteran Sungai Bilu No.8, Kuripan, Banjarmasin Timur, Banjarmasin City, South Kalimantan 70239","{""Friday"":[""9.00 am–10.00 pm""],""Monday"":[""9.00 am–10.00 pm""],""Saturday"":[""9.00 am–10.00 pm""],""Sunday"":[""9.00 am–10.00 pm""],""Thursday"":[""9.00 am–10.00 pm""],""Tuesday"":[""9.00 am–10.00 pm""],""Wednesday"":[""9.00 am–10.00 pm""]}","{""Friday"":{""10"":73,""11"":66,""12"":60,""13"":40,""14"":46,""15"":40,""16"":46,""17"":46,""18"":73,""19"":100,""20"":93,""21"":73,""22"":0,""23"":0,""6"":0,""7"":0,""8"":0,""9"":73},""Monday"":{""10"":46,""11"":46,""12"":73,""13"":93,""14"":93,""15"":86,""16"":73,""17"":60,""18"":40,""19"":40,""20"":40,""21"":46,""22"":0,""23"":0,""6"":0,""7"":0,""8"":0,""9"":46},""Saturday"":{""10"":60,""11"":46,""12"":20,""13"":13,""14"":20,""15"":26,""16"":46,""17"":33,""18"":46,""19"":33,""20"":40,""21"":46,""22"":0,""23"":0,""6"":0,""7"":0,""8"":0,""9"":80},""Sunday"":{""10"":40,""11"":60,""12"":53,""13"":33,""14"":20,""15"":33,""16"":53,""17"":66,""18"":80,""19"":46,""20"":33,""21"":40,""22"":0,""23"":0,""6"":0,""7"":0,""8"":0,""9"":26},""Thursday"":{""10"":86,""11"":73,""12"":40,""13"":33,""14"":40,""15"":33,""16"":33,""17"":33,""18"":33,""19"":33,""20"":46,""21"":60,""22"":0,""23"":0,""6"":0,""7"":0,""8"":0,""9"":100},""Tuesday"":{""10"":26,""11"":46,""12"":46,""13"":60,""14"":66,""15"":53,""16"":46,""17"":33,""18"":40,""19"":40,""20"":33,""21"":20,""22"":0,""23"":0,""6"":0,""7"":0,""8"":0,""9"":26},""Wednesday"":{""10"":93,""11"":73,""12"":60,""13"":66,""14"":66,""15"":60,""16"":40,""17"":33,""18"":26,""19"":20,""20"":20,""21"":26,""22"":0,""23"":0,""6"":0,""7"":0,""8"":0,""9"":80}}",4,3.0,"{""1"":2,""2"":0,""3"":0,""4"":0,""5"":2}",-3.320368,114.606179,17093847059777873061,0x2de423efe8e17d05:0xed398b5572ea64a5,ChIJBX3h6O8j5C0RpWTqclWLOe0,"[{""title"":""All"",""image"":""https://streetviewpixels-pa.googleapis.com/v1/thumbnail?panoid=aeHPKEl10565xTsqNnvEkA\u0026cb_client=maps_sv.tactile.gps\u0026w=224\u0026h=298\u0026yaw=160.06442\u0026pitch=0\u0026thumbfov=100""},{""title"":""Menu"",""image"":""https://lh3.googleusercontent.com/gps-cs-s/AHRPTWkfI2qsmmbAE9IcYXFWyTeuxhKoFue8epf4pXIhel3NT5q7Q7TZDDLwpAKbkzbmag_Im1VByUqqkBFR3_WJ9_oi4dpZdwfdXNrt2tyRTPtwlCqnE4owKxWVhNYjv_w3HEfF-8Tk=w224-h398-k-no""},{""title"":""Street View \u0026 360°"",""image"":""https://streetviewpixels-pa.googleapis.com/v1/thumbnail?panoid=aeHPKEl10565xTsqNnvEkA\u0026cb_client=maps_sv.tactile.gps\u0026w=224\u0026h=298\u0026yaw=160.06442\u0026pitch=0\u0026thumbfov=100""}]","{""link"":"""",""source"":""""}"
c362811d-696c-4ed2-9795-c79c614b66e9,https://www.google.com/maps/place/Banam+vape/data=!4m7!3m6!1s0x2de423f017236c83:0x55a1eeb91acaeb01!8m2!3d-3.3204312!4d114.6082962!16s%2Fg%2F11gbxcybf8!19sChIJg2wjF_Aj5C0RAevKGrnuoVU?authuser=0&hl=en&g_ep=EgoyMDI2MDkwMi4wIJJjKgBIAVAD&rclk=1,Banam vape,Cafe,"Jl. Vetran gg daha, RT.7/RW.0, kuripan, Kuripan, Banjarmasin Timur, Banjarmasin City, South Kalimantan 72332","{""Friday"":[""11.00 am–11.00 pm""],""Monday"":[""11.00 am–11.00 pm""],""Saturday"":[""11.00 am–11.00 pm""],""Sunday"":[""11.00 am–11.00 pm""],""Thursday"":[""11.00 am–11.00 pm""],""Tuesday"":[""11.00 am–11.00 pm""],""Wednesday"":[""11.00 am–11.00 pm""]}","{""Friday"":{""10"":0,""11"":42,""12"":50,""13"":71,""14"":100,""15"":78,""16"":57,""17"":50,""18"":50,""19"":64,""20"":50,""21"":42,""22"":50,""23"":0,""6"":0,""7"":0,""8"":0,""9"":0},""Monday"":{""10"":0,""11"":57,""12"":64,""13"":64,""14"":71,""15"":64,""16"":42,""17"":21,""18"":21,""19"":21,""20"":35,""21"":50,""22"":85,""23"":0,""6"":0,""7"":0,""8"":0,""9"":0},""Saturday"":{""10"":0,""11"":35,""12"":71,""13"":92,""14"":92,""15"":85,""16"":64,""17"":64,""18"":57,""19"":57,""20"":42,""21"":35,""22"":35,""23"":0,""6"":0,""7"":0,""8"":0,""9"":0},""Sunday"":{""10"":0,""11"":42,""12"":50,""13"":42,""14"":71,""15"":57,""16"":64,""17"":71,""18"":64,""19"":78,""20"":57,""21"":42,""22"":14,""23"":0,""6"":0,""7"":0,""8"":0,""9"":0},""Thursday"":{""10"":0,""11"":64,""12"":78,""13"":71,""14"":92,""15"":78,""16"":71,""17"":50,""18"":50,""19"":57,""20"":57,""21"":71,""22"":85,""23"":0,""6"":0,""7"":0,""8"":0,""9"":0},""Tuesday"":{""10"":0,""11"":100,""12"":85,""13"":64,""14"":64,""15"":64,""16"":71,""17"":78,""18"":71,""19"":50,""20"":57,""21"":71,""22"":71,""23"":0,""6"":0,""7"":0,""8"":0,""9"":0},""Wednesday"":{""10"":0,""11"":78,""12"":64,""13"":78,""14"":85,""15"":64,""16"":42,""17"":21,""18"":21,""19"":21,""20"":21,""21"":21,""22"":42,""23"":0,""6"":0,""7"":0,""8"":0,""9"":0}}",14,4.6,"{""1"":0,""2"":0,""3"":2,""4"":2,""5"":10}",-3.320431,114.608296,6170475443260156673,0x2de423f017236c83:0x55a1eeb91acaeb01,ChIJg2wjF_Aj5C0RAevKGrnuoVU,"[{""title"":""All"",""image"":""https://streetviewpixels-pa.googleapis.com/v1/thumbnail?panoid=PZaWsE6u4vBH5Cx6pSrijQ\u0026cb_client=maps_sv.tactile.gps\u0026w=224\u0026h=298\u0026yaw=180.26994\u0026pitch=0\u0026thumbfov=100""},{""title"":""Street View \u0026 360°"",""image"":""https://streetviewpixels-pa.googleapis.com/v1/thumbnail?panoid=PZaWsE6u4vBH5Cx6pSrijQ\u0026cb_client=maps_sv.tactile.gps\u0026w=224\u0026h=298\u0026yaw=180.26994\u0026pitch=0\u0026thumbfov=100""}]","{""link"":"""",""source"":""""}"
c362811d-696c-4ed2-9795-c79c614b66e9,https://www.google.com/maps/place/Sisandmebakery+Banjarmasin/data=!4m7!3m6!1s0x2de423fbac671eb9:0xec91388a63e81761!8m2!3d-3.3237394!4d114.6103322!16s%2Fg%2F11gbw7l7z1!19sChIJuR5nrPsj5C0RYRfoY4o4kew?authuser=0&hl=en&g_ep=EgoyMDI2MDkwMi4wIJJjKgBIAVAD&rclk=1,Sisandmebakery Banjarmasin,Cafe,"Tim, Kebun Bunga, Kec. Banjarmasin Tim., Kota Banjarmasin, Kalimantan Selatan 70237","{""Friday"":[""10.00 am–9.00 pm""],""Monday"":[""10.00 am–9.00 pm""],""Saturday"":[""10.00 am–9.00 pm""],""Sunday"":[""10.00 am–9.00 pm""],""Thursday"":[""10.00 am–9.00 pm""],""Tuesday"":[""10.00 am–9.00 pm""],""Wednesday"":[""10.00 am–9.00 pm""]}","{""Friday"":{""10"":33,""11"":51,""12"":65,""13"":74,""14"":71,""15"":71,""16"":69,""17"":71,""18"":73,""19"":74,""20"":68,""21"":0,""22"":0,""23"":0,""6"":0,""7"":0,""8"":0,""9"":0},""Monday"":{""10"":49,""11"":60,""12"":63,""13"":63,""14"":59,""15"":63,""16"":64,""17"":82,""18"":85,""19"":93,""20"":79,""21"":0,""22"":0,""23"":0,""6"":0,""7"":0,""8"":0,""9"":0},""Saturday"":{""10"":46,""11"":51,""12"":59,""13"":54,""14"":53,""15"":55,""16"":65,""17"":83,""18"":94,""19"":100,""20"":88,""21"":0,""22"":0,""23"":0,""6"":0,""7"":0,""8"":0,""9"":0},""Sunday"":{""10"":39,""11"":49,""12"":59,""13"":58,""14"":54,""15"":57,""16"":54,""17"":57,""18"":56,""19"":62,""20"":60,""21"":0,""22"":0,""23"":0,""6"":0,""7"":0,""8"":0,""9"":0},""Thursday"":{""10"":32,""11"":37,""12"":40,""13"":34,""14"":36,""15"":41,""16"":48,""17"":54,""18"":57,""19"":59,""20"":64,""21"":0,""22"":0,""23"":0,""6"":0,""7"":0,""8"":0,""9"":0},""Tuesday"":{""10"":36,""11"":40,""12"":48,""13"":52,""14"":65,""15"":67,""16"":76,""17"":87,""18"":85,""19"":91,""20"":82,""21"":0,""22"":0,""23"":0,""6"":0,""7"":0,""8"":0,""9"":0},""Wednesday"":{""10"":40,""11"":46,""12"":59,""13"":66,""14"":66,""15"":58,""16"":64,""17"":77,""18"":96,""19"":99,""20"":92,""21"":0,""22"":0,""23"":0,""6"":0,""7"":0,""8"":0,""9"":0}}",168,4.4,"{""1"":2,""2"":6,""3"":20,""4"":41,""5"":99}",-3.323739,114.610332,17046468231606835041,0x2de423fbac671eb9:0xec91388a63e81761,ChIJuR5nrPsj5C0RYRfoY4o4kew,"[{""title"":""All"",""image"":""https://lh3.googleusercontent.com/gps-cs-s/AHRPTWkM-r_FhQqHbPjO3m989acaFInCFA121UAveqgKhP_TEGCL1u28UL1kewumt1WBNqRnpWJkEpxCYkAceTwrDQqM5AumMwxoZszWx51yQeuGzU_pTNFFORg0-HktehjJOdOsmoC6=w224-h298-k-no""},{""title"":""Menu"",""image"":""https://lh3.googleusercontent.com/gps-cs-s/AHRPTWnWDoWn_rMgTjp4wUOc7PfcCxnEi2hDD02HA-pevReZfuFhvb1G-j3DJEH9D6VvNpT0MmgUNFhtiSN3p7S3rykFD7PS2SzLOvcaP-gMOKVh82WJI675h8qS_P8EGPkrtwFJ-jZx=w529-h298-k-no""},{""title"":""Videos"",""image"":""https://lh3.googleusercontent.com/gps-cs-s/AHRPTWmQAe8-e_iLz5AOrjuJh5DcPZLgpX9Dc6uysf386KNyTa9hB2kLUUMtFRZzf2s978Co2uCYOvTaabe7_FWFQX8B8tY4Klgh4JNDMXFj5aHKRiIup2VKWB7ucnNQiWL2BA7rzNOGRw=w224-h398-k-no""},{""title"":""Food \u0026 drink"",""image"":""https://lh3.googleusercontent.com/gps-cs-s/AHRPTWkMtZ7Sx2gnxtDXOZmuFvyzi67eTATyG95p8XJD1mW2XTyXn7lAnEqim-on-9LUzrfSmaNmoH_nwb_tfC-qBCL5rONpn28cInviz_q_W8Ln7lUitt3FJSw5RhY17pfVd14Gf58c-w=w224-h298-k-no""},{""title"":""Vibe"",""image"":""https://lh3.googleusercontent.com/gps-cs-s/AHRPTWmc_wXehnnY0zeySsBE56FTimI1QtlWuJAiayAYM5PYmrb42unTuuZackolVnHkZUIK2LXt8LedAv1HkuN49t8W5cw4chLoRFbxuGYr-N8RJ1sATp5EnAVSBYSQK2DB02mPhyqqjQ=w224-h407-k-no""},{""title"":""By owner"",""image"":""https://lh3.googleusercontent.com/gps-cs-s/AHRPTWkMtZ7Sx2gnxtDXOZmuFvyzi67eTATyG95p8XJD1mW2XTyXn7lAnEqim-on-9LUzrfSmaNmoH_nwb_tfC-qBCL5rONpn28cInviz_q_W8Ln7lUitt3FJSw5RhY17pfVd14Gf58c-w=w224-h298-k-no""},{""title"":""Street View \u0026 360°"",""image"":""https://streetviewpixels-pa.googleapis.com/v1/thumbnail?panoid=1VEjAryoyuI6LWATkaahYQ\u0026cb_client=maps_sv.tactile.gps\u0026w=224\u0026h=298\u0026yaw=221.93364\u0026pitch=0\u0026thumbfov=100""}]","{""link"":"""",""source"":""""}"
c362811d-696c-4ed2-9795-c79c614b66e9,https://www.google.com/maps/place/Pasaraya+Coffee/data=!4m7!3m6!1s0x2de4232cfd57829d:0x80d89ed3807921eb!8m2!3d-3.3181811!4d114.6177782!16s%2Fg%2F11q2vgpl93!19sChIJnYJX_Swj5C0R6yF5gNOe2IA?authuser=0&hl=en&g_ep=EgoyMDI2MDkwMi4wIJJjKgBIAVAD&rclk=1,Pasaraya Coffee,Coffee shop,"Area Pasar Kesatrian, Jl, Pengambangan, Kec. Banjarmasin Tim., Kota Banjarmasin, Kalimantan Selatan 70239","{""Friday"":[""4.00 pm–1.30 am""],""Monday"":[""4.00 pm–1.30 am""],""Saturday"":[""4.00 pm–1.30 am""],""Sunday"":[""4.00 pm–1.30 am""],""Thursday"":[""4.00 pm–1.30 am""],""Tuesday"":[""4.00 pm–1.30 am""],""Wednesday"":[""4.00 pm–1.30 am""]}","{""Friday"":{""0"":27,""1"":20,""10"":0,""11"":0,""12"":0,""13"":0,""14"":0,""15"":0,""16"":22,""17"":27,""18"":22,""19"":25,""20"":20,""21"":32,""22"":45,""23"":45,""6"":0,""7"":0,""8"":0,""9"":0},""Monday"":{""0"":70,""1"":57,""10"":0,""11"":0,""12"":0,""13"":0,""14"":0,""15"":0,""16"":25,""17"":17,""18"":25,""19"":27,""20"":47,""21"":57,""22"":75,""23"":72,""6"":0,""7"":0,""8"":0,""9"":0},""Saturday"":{""0"":50,""1"":32,""10"":0,""11"":0,""12"":0,""13"":0,""14"":0,""15"":0,""16"":15,""17"":20,""18"":27,""19"":40,""20"":62,""21"":82,""22"":87,""23"":77,""6"":0,""7"":0,""8"":0,""9"":0},""Sunday"":{""0"":72,""1"":50,""10"":0,""11"":0,""12"":0,""13"":0,""14"":0,""15"":0,""16"":27,""17"":22,""18"":17,""19"":22,""20"":42,""21"":72,""22"":97,""23"":92,""6"":0,""7"":0,""8"":0,""9"":0},""Thursday"":{""0"":42,""1"":25,""10"":0,""11"":0,""12"":0,""13"":0,""14"":0,""15"":0,""16"":15,""17"":17,""18"":12,""19"":17,""20"":22,""21"":37,""22"":55,""23"":65,""6"":0,""7"":0,""8"":0,""9"":0},""Tuesday"":{""0"":70,""1"":45,""10"":0,""11"":0,""12"":0,""13"":0,""14"":0,""15"":0,""16"":12,""17"":12,""18"":20,""19"":22,""20"":30,""21"":50,""22"":75,""23"":100,""6"":0,""7"":0,""8"":0,""9"":0},""Wednesday"":{""0"":45,""1"":30,""10"":0,""11"":0,""12"":0,""13"":0,""14"":0,""15"":0,""16"":15,""17"":12,""18"":17,""19"":22,""20"":37,""21"":45,""22"":52,""23"":60,""6"":0,""7"":0,""8"":0,""9"":0}}",67,5.0,"{""1"":0,""2"":0,""3"":0,""4"":1,""5"":66}",-3.318181,114.617778,9284345263054987755,0x2de4232cfd57829d:0x80d89ed3807921eb,ChIJnYJX_Swj5C0R6yF5gNOe2IA,"[{""title"":""All"",""image"":""https://lh3.googleusercontent.com/gps-cs-s/AHRPTWnX_Z5JQ5ZmlaqphKLv-258baBHx21FUzAKgyNhahgMKVmlQkm_I24bJHK6PlI1n3Z-O9lm2usGecdwhylL0T0YFIZF1MGPleYPJz4G7ql4o-Jq5dw5zpt4QtpKmEHD6RXx__EEWg=w662-h298-k-no""},{""title"":""Food \u0026 drink"",""image"":""https://lh3.googleusercontent.com/gps-cs-s/AHRPTWl0cJziOuYlCcBak_WNQO0QJjr2bSPhr33AZfCUk4UuzpAogyR1-o2IHQSlk-k4jybEvHbgeS4jncK6uK0Xp_NedieZYI0jy0qPyRHuJ9vMLwizKuAlArdZyhoGUbz689P_zPys=w446-h298-k-no""},{""title"":""Vibe"",""image"":""https://lh3.googleusercontent.com/gps-cs-s/AHRPTWlitYpdHdMIzv9jzXpcjpt3lCTGE8vPDBG-VI8pq4qafLIUgJxvhUn1RJ8Q6tozVA89TyxF54pUQcjcCwZAwYQYvRcIdHbRDbeJD3_XgetUkfB_Q-idsXzclCAg-00JM4ad6Tox=w238-h298-k-no""},{""title"":""Coffee"",""image"":""https://lh3.googleusercontent.com/gps-cs-s/AHRPTWnATik8vc8j_Ta-GaNcy0F1TQCcKhjjesvxZdCvom95CAXdTsG24yKVs6Bh9TmnsWo3RK5O4cRr1gJmIkUdJoy3u2rqphQiGwNUvGj6uPbetuzF5d2uEB0TY1t71S_nro_0ZitrEg=w224-h298-k-no""},{""title"":""By owner"",""image"":""https://lh3.googleusercontent.com/gps-cs-s/AHRPTWk2zh2bTd2xUD-6Ut7rnXRicnZnxupWUYcRTVPldAa9ZvJiQuRWw7u0JNDOAtCHex1Rv-IjI2Ap3xfk-fpZ8fbnMwoaah4Tcjh8hhEkRPlPgHbrKC1aqFsSbSr64HdA9fK24ixEhQ=w397-h298-k-no""},{""title"":""Street View \u0026 360°"",""image"":""https://streetviewpixels-pa.googleapis.com/v1/thumbnail?panoid=myGv1PfrCl1Yq5fRmazdaA\u0026cb_client=maps_sv.tactile.gps\u0026w=224\u0026h=298\u0026yaw=60.761063\u0026pitch=0\u0026thumbfov=100""}]","{""link"":"""",""source"":""""}"
c362811d-696c-4ed2-9795-c79c614b66e9,https://www.google.com/maps/place/delapan+.kopi/data=!4m7!3m6!1s0x2de4230242c44ee3:0xef49e4d53dd0de77!8m2!3d-3.3286315!4d114.6101242!16s%2Fg%2F11q_99nqpm!19sChIJ407EQgIj5C0Rd97QPdXkSe8?authuser=0&hl=en&g_ep=EgoyMDI2MDkwMi4wIJJjKgBIAVAD&rclk=1,delapan .kopi,Coffee shop,"Wetland Square, Jl. A. Yani No.KM 3,5, Kebun Bunga, Banjarmasin Timur, Banjarmasin City, South Kalimantan 70237","{""Friday"":[""10.00 am–11.00 pm""],""Monday"":[""10.00 am–11.00 pm""],""Saturday"":[""9.00 am–11.00 pm""],""Sunday"":[""9.00 am–11.00 pm""],""Thursday"":[""10.00 am–11.00 pm""],""Tuesday"":[""10.00 am–11.00 pm""],""Wednesday"":[""10.00 am–10.00 pm""]}","{""Friday"":{""10"":52,""11"":35,""12"":47,""13"":47,""14"":70,""15"":64,""16"":64,""17"":52,""18"":52,""19"":41,""20"":41,""21"":35,""22"":41,""23"":0,""6"":0,""7"":0,""8"":0,""9"":0},""Monday"":{""10"":41,""11"":17,""12"":23,""13"":41,""14"":88,""15"":94,""16"":82,""17"":76,""18"":58,""19"":52,""20"":52,""21"":47,""22"":47,""23"":0,""6"":0,""7"":0,""8"":0,""9"":0},""Saturday"":{""10"":41,""11"":47,""12"":47,""13"":58,""14"":41,""15"":35,""16"":23,""17"":23,""18"":23,""19"":47,""20"":70,""21"":100,""22"":100,""23"":0,""6"":0,""7"":0,""8"":0,""9"":29},""Sunday"":{""10"":23,""11"":11,""12"":17,""13"":35,""14"":47,""15"":52,""16"":41,""17"":29,""18"":17,""19"":11,""20"":17,""21"":23,""22"":35,""23"":0,""6"":0,""7"":0,""8"":0,""9"":23},""Thursday"":{""10"":11,""11"":17,""12"":35,""13"":41,""14"":52,""15"":47,""16"":52,""17"":47,""18"":58,""19"":52,""20"":35,""21"":29,""22"":29,""23"":0,""6"":0,""7"":0,""8"":0,""9"":0},""Tuesday"":{""10"":76,""11"":76,""12"":64,""13"":58,""14"":52,""15"":47,""16"":64,""17"":58,""18"":58,""19"":47,""20"":29,""21"":23,""22"":17,""23"":0,""6"":0,""7"":0,""8"":0,""9"":0},""Wednesday"":{""10"":41,""11"":29,""12"":41,""13"":58,""14"":64,""15"":58,""16"":76,""17"":64,""18"":64,""19"":47,""20"":41,""21"":35,""22"":0,""23"":0,""6"":0,""7"":0,""8"":0,""9"":0}}",131,4.6,"{""1"":2,""2"":1,""3"":6,""4"":29,""5"":93}",-3.328631,114.610124,17242564252880920183,0x2de4230242c44ee3:0xef49e4d53dd0de77,ChIJ407EQgIj5C0Rd97QPdXkSe8,"[{""title"":""All"",""image"":""https://lh3.googleusercontent.com/gps-cs-s/AHRPTWmq8y5TCz0pLqo7eJ2k5NQMFn3cci31gFidV8K7Y2W1nSB5OUjbsMdGVpDzZjz-Ct-plD8mBXqPjacjyKitTzh57Dg9MIZKf5jsfXZtawDCln8HapUgJ2C4NDHTjwRqnPB5pTK2vg=w397-h298-k-no""},{""title"":""Menu"",""image"":""https://lh3.googleusercontent.com/gps-cs-s/AHRPTWkkJF_IARChWZ6u2gOd2HeYU6gR2Oo6osUwf4AcsW0weLc-ISRgq56SFZvZUJbirdjfh4KI7UwV22evJ-y6PkXhsQ9X3ODwBwCGKsZSPusa-Ql5nrbA5vfoGnTI1_2Qqmf--Gf8=w397-h298-k-no""},{""title"":""Food \u0026 drink"",""image"":""https://lh3.googleusercontent.com/gps-cs-s/AHRPTWm4rNfo7voDO2jTCUGik_TwBgzHnNoM5TWPSqTk54531CqhfONmQTzq0Y85ykBarwTPVPwozZRt6Cj2UvIb4P9cLsW9UegkWOEneJyNLIXmVWfF_Brs8wEP8q090pKH9U7jr4Th=w447-h298-k-no""},{""title"":""Vibe"",""image"":""https://lh3.googleusercontent.com/gps-cs-s/AHRPTWkaGyh8Xzy-jk6ZzGtOIYFA6eoKrwV0tdd22AM1zQaSrC9kkNFUWoMXVpuPELnQiBLH20hPVOinw-6rUqCuPrRq_yq1bdgT2MxLu8lQz7vhxw7FVOIULkg6cebjQQd6kt1fcxZJ=w224-h397-k-no""},{""title"":""Iced coffee"",""image"":""https://lh3.googleusercontent.com/gps-cs-s/AHRPTWmDzcQVOAaaJ_I5RYnBmB6JYZjERYOOQXunEmUWejYjt66UFjM7QLOrQiACGxSBNbVvfHvJbB6b2uNXlofzoY2msh72c2Ghl-EjBjQcXMehLWIliSGgpg0sNWPsKRNSXCzZ4irZ8Q=w224-h398-k-no""},{""title"":""Coffee"",""image"":""https://lh3.googleusercontent.com/gps-cs-s/AHRPTWl7HQP_CYgImWteAUC1w41_7FWhSlwgEHC7fM5burfNTdupMdn52HwuMZJyo0oav4_jBLHJstmbRbb6w5wRL_3QlQjGJ9BWdRTYuMgBBENLV50wecBtbR-J0Cvrxq2fDlQnvlpc8w=w447-h298-k-no""},{""title"":""By owner"",""image"":""https://lh3.googleusercontent.com/gps-cs-s/AHRPTWmrhUgMLzFv-c7qay0HkuTWmj1uUZj_I1Hgeoo0bJRCEMLRlnuFLUi4Apu_y_IUAbByYKb1nO260b-fCIzNu-XhoeISJPgNf59BQSwoy9Pm61-8OkqS85WzmQRPdTLU7KGRDHg=w646-h298-k-no""},{""title"":""Street View \u0026 360°"",""image"":""https://streetviewpixels-pa.googleapis.com/v1/thumbnail?panoid=OnthiFPjhIyhW4K9o06U7A\u0026cb_client=maps_sv.tactile.gps\u0026w=224\u0026h=298\u0026yaw=34.65929\u0026pitch=0\u0026thumbfov=100""}]","{""link"":"""",""source"":""""}"
c362811d-696c-4ed2-9795-c79c614b66e9,https://www.google.com/maps/place/Kamsia+Boba+Kuripan/data=!4m7!3m6!1s0x2de423de0128a83d:0x2de38757c04c6b3!8m2!3d-3.3223189!4d114.6053938!16s%2Fg%2F11j2xz7wf3!19sChIJPagoAd4j5C0Rs8YEfHU43gI?authuser=0&hl=en&g_ep=EgoyMDI2MDkwMi4wIJJjKgBIAVAD&rclk=1,Kamsia Boba Kuripan,Cafe,"MJH4+35C Kamsia Boba Kuripan, Kuripan, Banjarmasin Timur, Banjarmasin City, South Kalimantan 70122","{""Friday"":[""11.00 am–10.00 pm""],""Monday"":[""11.00 am–10.00 pm""],""Saturday"":[""11.00 am–10.00 pm""],""Sunday"":[""11.00 am–10.00 pm""],""Thursday"":[""11.00 am–10.00 pm""],""Tuesday"":[""11.00 am–10.00 pm""],""Wednesday"":[""11.00 am–10.00 pm""]}","{""Friday"":{""10"":0,""11"":55,""12"":38,""13"":38,""14"":27,""15"":27,""16"":38,""17"":33,""18"":50,""19"":61,""20"":66,""21"":83,""22"":0,""23"":0,""6"":0,""7"":0,""8"":0,""9"":0},""Monday"":{""10"":0,""11"":33,""12"":50,""13"":55,""14"":50,""15"":50,""16"":33,""17"":33,""18"":38,""19"":44,""20"":50,""21"":44,""22"":0,""23"":0,""6"":0,""7"":0,""8"":0,""9"":0},""Saturday"":{""10"":0,""11"":77,""12"":72,""13"":55,""14"":50,""15"":44,""16"":61,""17"":61,""18"":77,""19"":94,""20"":83,""21"":72,""22"":0,""23"":0,""6"":0,""7"":0,""8"":0,""9"":0},""Sunday"":{""10"":0,""11"":44,""12"":44,""13"":50,""14"":44,""15"":27,""16"":16,""17"":22,""18"":27,""19"":50,""20"":72,""21"":77,""22"":0,""23"":0,""6"":0,""7"":0,""8"":0,""9"":0},""Thursday"":{""10"":0,""11"":66,""12"":66,""13"":61,""14"":61,""15"":55,""16"":66,""17"":61,""18"":66,""19"":50,""20"":44,""21"":50,""22"":0,""23"":0,""6"":0,""7"":0,""8"":0,""9"":0},""Tuesday"":{""10"":0,""11"":27,""12"":33,""13"":50,""14"":66,""15"":55,""16"":44,""17"":44,""18"":44,""19"":50,""20"":50,""21"":55,""22"":0,""23"":0,""6"":0,""7"":0,""8"":0,""9"":0},""Wednesday"":{""10"":0,""11"":83,""12"":72,""13"":77,""14"":77,""15"":72,""16"":88,""17"":100,""18"":94,""19"":88,""20"":72,""21"":83,""22"":0,""23"":0,""6"":0,""7"":0,""8"":0,""9"":0}}",58,4.6,"{""1"":1,""2"":1,""3"":4,""4"":9,""5"":43}",-3.322319,114.605394,206664710148638387,0x2de423de0128a83d:0x2de38757c04c6b3,ChIJPagoAd4j5C0Rs8YEfHU43gI,"[{""title"":""All"",""image"":""https://lh3.googleusercontent.com/gps-cs-s/AHRPTWm3gd36rKKsNbx2KBon91-BO1dFSMkJ86aRMtgXNRsAASyG3sQCSFM9Na89ZMZIUZyar0ctWd8ebk3DoNk9TMW2WlsO511yz-FU2JJqHongpALVCUg5xTveK3XEwfgeMy5srmS89w=w397-h298-k-no""},{""title"":""Food \u0026 drink"",""image"":""https://lh3.googleusercontent.com/gps-cs-s/AHRPTWm3gd36rKKsNbx2KBon91-BO1dFSMkJ86aRMtgXNRsAASyG3sQCSFM9Na89ZMZIUZyar0ctWd8ebk3DoNk9TMW2WlsO511yz-FU2JJqHongpALVCUg5xTveK3XEwfgeMy5srmS89w=w397-h298-k-no""},{""title"":""Street View \u0026 360°"",""image"":""https://streetviewpixels-pa.googleapis.com/v1/thumbnail?panoid=BtRRzAyBZ_9Jc_mi3LkO7A\u0026cb_client=maps_sv.tactile.gps\u0026w=224\u0026h=298\u0026yaw=61.345898\u0026pitch=0\u0026thumbfov=100""}]","{""link"":"""",""source"":""""}"
e361a6c5-40af-4a0e-bcd7-bec02f397dd6,https://www.google.com/maps/place/Warung+Batang+Banyu/data=!4m7!3m6!1s0x2de423ad34b8db63:0x3a9829cf4053bc77!8m2!3d-3.3047302!4d114.610397!16s%2Fg%2F11ghfn3zsp!19sChIJY9u4NK0j5C0Rd7xTQM8pmDo?authuser=0&hl=en&g_ep=EgoyMDI2MDkwMi4wIJJjKgBIAVAD&rclk=1,Warung Batang Banyu,Cafe,"Jl. Benua Anyar, Benua Anyar, Kec. Banjarmasin Tim., Kota Banjarmasin, Kalimantan Selatan 70122","{""Friday"":[""9.00 am–12.00 am""],""Monday"":[""9.00 am–12.00 am""],""Saturday"":[""9.00 am–12.00 am""],""Sunday"":[""9.00 am–12.00 am""],""Thursday"":[""9.00 am–12.00 am""],""Tuesday"":[""9.00 am–12.00 am""],""Wednesday"":[""9.00 am–12.00 am""]}","{""Friday"":{""10"":10,""11"":11,""12"":15,""13"":22,""14"":27,""15"":30,""16"":37,""17"":49,""18"":66,""19"":71,""20"":64,""21"":54,""22"":40,""23"":27,""6"":0,""7"":0,""8"":0,""9"":8},""Monday"":{""10"":17,""11"":21,""12"":25,""13"":27,""14"":29,""15"":31,""16"":40,""17"":59,""18"":81,""19"":88,""20"":79,""21"":59,""22"":37,""23"":20,""6"":0,""7"":0,""8"":0,""9"":13},""Saturday"":{""10"":23,""11"":26,""12"":29,""13"":31,""14"":31,""15"":31,""16"":37,""17"":49,""18"":71,""19"":82,""20"":83,""21"":73,""22"":50,""23"":29,""6"":0,""7"":0,""8"":0,""9"":19},""Sunday"":{""10"":35,""11"":42,""12"":51,""13"":56,""14"":54,""15"":51,""16"":57,""17"":74,""18"":93,""19"":100,""20"":86,""21"":64,""22"":42,""23"":23,""6"":0,""7"":0,""8"":0,""9"":27},""Thursday"":{""10"":23,""11"":26,""12"":28,""13"":29,""14"":26,""15"":26,""16"":30,""17"":46,""18"":65,""19"":76,""20"":67,""21"":51,""22"":34,""23"":22,""6"":0,""7"":0,""8"":0,""9"":19},""Tuesday"":{""10"":18,""11"":24,""12"":30,""13"":30,""14"":26,""15"":26,""16"":33,""17"":51,""18"":69,""19"":75,""20"":69,""21"":56,""22"":36,""23"":23,""6"":0,""7"":0,""8"":0,""9"":13},""Wednesday"":{""10"":22,""11"":26,""12"":28,""13"":27,""14"":24,""15"":25,""16"":31,""17"":45,""18"":63,""19"":71,""20"":63,""21"":50,""22"":35,""23"":23,""6"":0,""7"":0,""8"":0,""9"":17}}",1868,4.4,"{""1"":65,""2"":50,""3"":159,""4"":484,""5"":1110}",-3.30473,114.610397,4222170620774038647,0x2de423ad34b8db63:0x3a9829cf4053bc77,ChIJY9u4NK0j5C0Rd7xTQM8pmDo,"[{""title"":""All"",""image"":""https://lh3.googleusercontent.com/gps-cs-s/AHRPTWlu1UVRPhomMv8E23AkUB5pHgNC7SBi7Wkdk7XNqapKMDCtvnxvjJjsaZ8lzpWcYeXomeXyLk8sQqdjH6RDpXIqkhA5KOfRR_o-8q4or2u7TC_0ZG1hv-T2Bh2pvK5jIrKJ9Jl7=w529-h298-k-no""},{""title"":""Latest"",""image"":""https://lh3.googleusercontent.com/gps-cs-s/AHRPTWny_Mi1pJYwvkO9aRT_0obJgC37iKfHMeemohozawhl2HBgmfT5e6o1PwH9rXHOeY2fBiJgg5eRUxMgV4ityqyYpssbPLzH8GSBGcWWP0B8NA0Y22bSUzEGHlU4pinN4f3tqPH_7yBWUzw=w529-h298-k-no""},{""title"":""Videos"",""image"":""https://lh3.googleusercontent.com/gps-cs-s/AHRPTWls60rfOYCkQgcetg-2Ptd6nHqyw__iFMfMpwjJjjvCCmqOENUKvR28NPAzPimOoGgWti09B2fWyHw7ksx9T7eWNxzzb3xjQhIgVJ54YThrfUY04Zv2SHU5R1nlfcNzRZWBP9Es=w529-h298-k-no""},{""title"":""Menu"",""image"":""https://lh3.googleusercontent.com/gps-cs-s/AHRPTWlfLYbpu-IMzlrWYQajHmD5JIbJTXZPoA3ELvHxN9z7BUyi5hgD4E1OHXYAwbWfR_CYrKO6KNB8r9kbz42QobWOSbJn2tByt0s21zKvvAq5hefoyV9fbX8ivvqTPuIVZazUpLHyG4LS08k2=w397-h298-k-no""},{""title"":""Food \u0026 drink"",""image"":""https://lh3.googleusercontent.com/gps-cs-s/AHRPTWmzAnYATA0SJp_w8yWhFUo8Fc0r3l257Mu6JNzGsw94025dtVsDcJq1BHlZdljOUJEBDcukJXTIQuq_1MiTG701e2Zmh-S-Jvl1wGDR4i3z8YJVoNg8lz2EEfZH9jRDOH3Egoc=w224-h298-k-no""},{""title"":""Vibe"",""image"":""https://lh3.googleusercontent.com/gps-cs-s/AHRPTWnmSUVXM2SRibeNJIk6a57UJM0qxVn9gLDvaWbBKUvCvUijlBaAGxM7dKmsc-QtZh3g__UXNM3Ec35j8RNmm4PRJB12gPxfrw2xgWymFL0ra9Q3t9rsEnJBfBrEWxHhTpj1Ra5xkw=w529-h298-k-no""},{""title"":""Satay"",""image"":""https://lh3.googleusercontent.com/gps-cs-s/AHRPTWm67OMUg0dpqmvFrB_3AssTbKB2YdsOPpmtxwsbGB7t-AayTIIz7yFBDMuiaNPrn27DL6859CHjWqoAOQUp0Sc7KPdfQ6pplSzkjKWprRfgvNIgeDTWAZAgfLGd11sIUeaWrb0f4RDf2IPu=w397-h298-k-no""},{""title"":""Ikan bakar"",""image"":""https://lh3.googleusercontent.com/gps-cs-s/AHRPTWkBW1OxKXrirzM3BxX-NvKiDPCzSWrYUP9-s22MI_7jGxpJyQTip8oRNgmr-kDuInTxkuTMW6oUKZo_VGqNCrf8afH3Ztm8eyaDq40NsKo7n6XpJYEqq5Fhz5pYZXwsnVCzEGExmQ=w224-h298-k-no""},{""title"":""Sambal"",""image"":""https://lh3.googleusercontent.com/gps-cs-s/AHRPTWkWqJunIt9kH4jzwZ7ojsVKxU8ptoRJigjJIGoZfdvFCedaA8QKvA5ov0g1Ixj_Hdj-PxDm1MlfOkfTdldggZ_FrUAMvPQX0DGauIQN6_LFKB-XDeLitPS6EH57SCof4Vy4hJ-S=w397-h298-k-no""},{""title"":""Biryani"",""image"":""https://lh3.googleusercontent.com/gps-cs-s/AHRPTWmcrYTMc6NPzsRysN9bqguYLjnRFOaleqHqEMVIpg4BxlckEuIObF9R2LO0ajS-79xijGS3xRGINPzbAj567Y1CgsZk6-fXqzevvg1FjVYQfrIV3etOkI-krENY1ASx5WSxEKRg=w298-h298-k-no""},{""title"":""Coffee"",""image"":""https://lh3.googleusercontent.com/gps-cs-s/AHRPTWmPaqTBX4p5pHI0vNrsSmn67U6wFTTdRmabLZOyjyWvvCssJFYRgrI84M_O4L2R1v503JV-jIYqGc8cItTJR225xkQCqL5bUpLpImanuT-kpLQkyGsR_x_jaoc-rffVtCU1Ka4qbQ=w357-h298-k-no""},{""title"":""By owner"",""image"":""https://lh3.googleusercontent.com/gps-cs-s/AHRPTWlSRzawkbQlL7QWoiEoodRg6oUj7TuEgxrlF3pg7iA9HYYDP8QaiY-ZZsg867bbcE54RHr5aUB0e9IfF1ArQ8MsFos__ofr0RC56261uhaYSGd84Ug1PI2aDOKh55kXMQVMsou-t9opjo8d=w224-h316-k-no""},{""title"":""Street View \u0026 360°"",""image"":""https://streetviewpixels-pa.googleapis.com/v1/thumbnail?panoid=giV0T1dYLYHeAT34Eocd6Q\u0026cb_client=maps_sv.tactile.gps\u0026w=224\u0026h=298\u0026yaw=288.69925\u0026pitch=0\u0026thumbfov=100""}]","{""link"":"""",""source"":""""}"
e361a6c5-40af-4a0e-bcd7-bec02f397dd6,https://www.google.com/maps/place/Kopingin.beverages/data=!4m7!3m6!1s0x2de4210060e49379:0x43d7d47e04f19038!8m2!3d-3.3461273!4d114.6188772!16s%2Fg%2F11y67x4lvm!19sChIJeZPkYAAh5C0ROJDxBH7U10M?authuser=0&hl=en&g_ep=EgoyMDI2MDkwMi4wIJJjKgBIAVAD&rclk=1,Kopingin.beverages,Coffee shop,"Jl. Banjar Indah IV No.3, Pemurus Dalam, Banjarmasin Selatan, Banjarmasin City, South Kalimantan 70238","{""Friday"":[""9.00 am–11.00 pm""],""Monday"":[""9.00 am–11.00 pm""],""Saturday"":[""9.00 am–11.00 pm""],""Sunday"":[""9.00 am–11.00 pm""],""Thursday"":[""9.00 am–11.00 pm""],""Tuesday"":[""9.00 am–11.00 pm""],""Wednesday"":[""9.00 am–11.00 pm""]}","{""Friday"":{""10"":18,""11"":18,""12"":20,""13"":20,""14"":25,""15"":33,""16"":45,""17"":56,""18"":65,""19"":78,""20"":92,""21"":100,""22"":93,""23"":0,""6"":0,""7"":0,""8"":0,""9"":14},""Monday"":{""10"":16,""11"":14,""12"":16,""13"":16,""14"":21,""15"":27,""16"":34,""17"":43,""18"":53,""19"":62,""20"":77,""21"":83,""22"":77,""23"":0,""6"":0,""7"":0,""8"":0,""9"":13},""Saturday"":{""10"":27,""11"":30,""12"":34,""13"":39,""14"":44,""15"":54,""16"":62,""17"":68,""18"":70,""19"":72,""20"":78,""21"":83,""22"":88,""23"":0,""6"":0,""7"":0,""8"":0,""9"":23},""Sunday"":{""10"":29,""11"":37,""12"":37,""13"":38,""14"":39,""15"":47,""16"":52,""17"":56,""18"":60,""19"":67,""20"":70,""21"":70,""22"":64,""23"":0,""6"":0,""7"":0,""8"":0,""9"":22},""Thursday"":{""10"":22,""11"":27,""12"":28,""13"":29,""14"":28,""15"":31,""16"":38,""17"":46,""18"":54,""19"":58,""20"":64,""21"":68,""22"":70,""23"":0,""6"":0,""7"":0,""8"":0,""9"":20},""Tuesday"":{""10"":13,""11"":13,""12"":17,""13"":20,""14"":23,""15"":29,""16"":34,""17"":47,""18"":54,""19"":63,""20"":71,""21"":78,""22"":77,""23"":0,""6"":0,""7"":0,""8"":0,""9"":14},""Wednesday"":{""10"":12,""11"":13,""12"":16,""13"":21,""14"":23,""15"":25,""16"":33,""17"":45,""18"":61,""19"":71,""20"":77,""21"":81,""22"":80,""23"":0,""6"":0,""7"":0,""8"":0,""9"":10}}",42,4.2,"{""1"":7,""2"":0,""3"":0,""4"":7,""5"":28}",-3.346127,114.618877,4888609558247870520,0x2de4210060e49379:0x43d7d47e04f19038,ChIJeZPkYAAh5C0ROJDxBH7U10M,"[{""title"":""All"",""image"":""https://lh3.googleusercontent.com/gps-cs-s/AHRPTWnEvefXKjxZyaDp7KLKEeXgOnBQJ7WZEK4lCleA2dmQQfyu3pvwhjA_zveMH9jJFvAg8rqhEq9dJ2KdxraZnk6ZgX0LBROnXl8P2v2XyMeez1Wgv-xuyzPobrJp1xV9_XKBW9I=w529-h298-k-no""},{""title"":""Menu"",""image"":""https://lh3.googleusercontent.com/gps-cs-s/AHRPTWkzRnwTpQbFDLiM0o3T_RlQP57j4_urH0YBrHN90td48WMl423YVDCyMHiNUnl3aroAvfAju49ydfbsDM7bFzZeldPEUAaNJcp89lS49RXzWnFXXGMv5VAYoypTdT6mTzi0sNf7EQ=w421-h298-k-no""},{""title"":""Videos"",""image"":""https://lh3.googleusercontent.com/gps-cs-s/AHRPTWmT64T8I_kKMxNWeRLt0UoKjaKQmPVFCn25JMldOgNZYY1IJjFkU0VFLiL_OZGj_-DqXHoRhKtOywyAGtmsbChPaSF3xIIiuYFbZeKomeoFMCh-GvEkj9c3O7nGT8PC2UPbJh8jHsnbgBI=w224-h398-k-no""},{""title"":""Food \u0026 drink"",""image"":""https://lh3.googleusercontent.com/gps-cs-s/AHRPTWlbqSYj36r_xwWx0rqhFSELQn2LWdpkMgWMXp7TRsX9bMM9ocT1oiEns5fLfi-ZTnc3VWeY_HoUvF-0OFaRn_97ozfzpRlHNLedlrFK09SSp0-zUxGU33ijaVHbK0y_ZVE7vDzg=w224-h336-k-no""},{""title"":""Vibe"",""image"":""https://lh3.googleusercontent.com/gps-cs-s/AHRPTWl6iYDB_Riy22rLVjxvNMRi5CALTrwWbi0zfMxqXmgl_ufFU7HcrdUG6JQ12hoFozc_YfLoi5s0BFyt1aOxXT63v08tKWvvbM-5-OMKCmXBfMOnVuOw_hwgaSMXDavVfJBiRIoAcw=w397-h298-k-no""},{""title"":""By owner"",""image"":""https://lh3.googleusercontent.com/gps-cs-s/AHRPTWlsRNVce270NZU08jX2mYB7q7swHKajOzuy2QleQStIni1OiBDpjPnk489RaFJHNNh1YZyAPjF7koaqb-kO_SXI4m2VSB8cl81PMFYBu160k-BbznEExTTcR2_xFt-7jKR7kGCh=w224-h298-k-no""},{""title"":""Street View \u0026 360°"",""image"":""https://streetviewpixels-pa.googleapis.com/v1/thumbnail?panoid=EjV-dslhptSZrOXxl5eqgA\u0026cb_client=maps_sv.tactile.gps\u0026w=224\u0026h=298\u0026yaw=130.74924\u0026pitch=0\u0026thumbfov=100""}]","{""link"":"""",""source"":""""}"
e361a6c5-40af-4a0e-bcd7-bec02f397dd6,https://www.google.com/maps/place/by.us+Coffe/data=!4m7!3m6!1s0x2de42124c3ea8fdf:0x43366efeb107ffcb!8m2!3d-3.3504197!4d114.6176771!16s%2Fg%2F11s4y7z6b5!19sChIJ34_qwyQh5C0Ry_8Hsf5uNkM?authuser=0&hl=en&g_ep=EgoyMDI2MDkwMi4wIJJjKgBIAVAD&rclk=1,by.us Coffe,Coffee shop,"Jl. Raya Banjar Indah Permai Jl. Ramin Raya, Pemurus Dalam, Banjarmasin Selatan, Banjarmasin City, South Kalimantan 70248","{""Friday"":[""9.00 am–11.00 pm""],""Monday"":[""9.00 am–11.00 pm""],""Saturday"":[""9.00 am–11.00 pm""],""Sunday"":[""9.00 am–11.00 pm""],""Thursday"":[""Closed""],""Tuesday"":[""9.00 am–11.00 pm""],""Wednesday"":[""9.00 am–11.00 pm""]}","{""Friday"":{""10"":61,""11"":52,""12"":50,""13"":52,""14"":52,""15"":47,""16"":47,""17"":47,""18"":58,""19"":58,""20"":61,""21"":50,""22"":50,""23"":0,""6"":0,""7"":0,""8"":0,""9"":67},""Monday"":{""10"":35,""11"":38,""12"":50,""13"":55,""14"":55,""15"":44,""16"":32,""17"":44,""18"":52,""19"":70,""20"":61,""21"":50,""22"":35,""23"":0,""6"":0,""7"":0,""8"":0,""9"":35},""Saturday"":{""10"":38,""11"":44,""12"":32,""13"":35,""14"":38,""15"":41,""16"":32,""17"":32,""18"":41,""19"":47,""20"":67,""21"":79,""22"":85,""23"":0,""6"":0,""7"":0,""8"":0,""9"":41},""Sunday"":{""10"":32,""11"":32,""12"":32,""13"":38,""14"":29,""15"":26,""16"":23,""17"":38,""18"":55,""19"":70,""20"":76,""21"":70,""22"":70,""23"":0,""6"":0,""7"":0,""8"":0,""9"":32},""Thursday"":{},""Tuesday"":{""10"":47,""11"":38,""12"":50,""13"":41,""14"":38,""15"":41,""16"":41,""17"":47,""18"":47,""19"":47,""20"":44,""21"":41,""22"":38,""23"":0,""6"":0,""7"":0,""8"":0,""9"":58},""Wednesday"":{""10"":55,""11"":50,""12"":52,""13"":52,""14"":50,""15"":47,""16"":29,""17"":35,""18"":35,""19"":64,""20"":79,""21"":100,""22"":79,""23"":0,""6"":0,""7"":0,""8"":0,""9"":47}}",19,4.8,"{""1"":0,""2"":0,""3"":0,""4"":3,""5"":16}",-3.35042,114.617677,4843180489454387147,0x2de42124c3ea8fdf:0x43366efeb107ffcb,ChIJ34_qwyQh5C0Ry_8Hsf5uNkM,"[{""title"":""All"",""image"":""https://lh3.googleusercontent.com/gps-cs-s/AHRPTWlV043AXF_z2FmGZZ21ozSch18JY3aOwCgcLGVTlhpF2kYL6TUsaRDUJHHXr671JQ8VDK6ZVndVasEpVRCVjQBfbY1X5qextkvAGbhNvrtd8X6mxGXOh0PF3ibfVUgojvUq-p4=w224-h298-k-no""},{""title"":""Menu"",""image"":""https://lh3.googleusercontent.com/gps-cs-s/AHRPTWn6_I_zXch0aMEKpTeWAhQMhlA0tmbdALkMo0iM03Z0MIvVqHNWZmdgQh6XuGWV8oDZl_4BzGs6UaAXFeP84AjqO4rOPHs0hmgplJgulrXjPWipHmIybIg9ipLME_uQyWq5AvLSEKQGXL8k=w224-h317-k-no""},{""title"":""Videos"",""image"":""https://lh3.googleusercontent.com/gps-cs-s/AHRPTWkNSlrxMg7TbTvHKPCkVAH6iNgv6tEpo1GUKG3v9X8knZfyr-TJxrYodYUejgfn4Gu-y66yM0AGp6PPGLmVYFS034M2fS_g3__P40qWYhXDOppL_GqNAsGdJZev0l07ujNt4zmwhw=w224-h398-k-no""},{""title"":""Food \u0026 drink"",""image"":""https://lh3.googleusercontent.com/gps-cs-s/AHRPTWnoKhca34CFmKwoqVNdngfpIk4GuV6lI25oGyWaR-ljgeSOw3ewA3YZLNUSINDLZUL0-Lvk9cFzCu6r5JnABjpjBKZ5UU34hd04veFA4y7M6Ddl02znvjlxSenbIThe_xHgz9rS=w224-h298-k-no""},{""title"":""Vibe"",""image"":""https://lh3.googleusercontent.com/gps-cs-s/AHRPTWk-GoryBfQFzYXwq_43hyG6mUIQXWruZgaP4dIloTj7z8odSvODVO4S8enph_HXGEEpDt5klrXovFrIRfz7ReQq3eBNsQNxJfflmi8FoV4-h38mZ-x0HOVp0wLhSNoO7y7hL0CX=w224-h298-k-no""},{""title"":""Coffee"",""image"":""https://lh3.googleusercontent.com/gps-cs-s/AHRPTWlAD6MMYtz5IPtqJ-d_v8iltH5ZxtRg3CzQakuUa2ALAqSN9JpDFUWDpGTdhaMNWHakb33NXmQPXQPG6Zcpct_bz1DShVNBNviWezji_V0wd7oHB56z-JHzI_VdHckSLy-DVAtu=w308-h298-k-no""},{""title"":""By owner"",""image"":""https://lh3.googleusercontent.com/gps-cs-s/AHRPTWlT_o-rFABrnh5ZlIZuAqv0LRnOj_n2SLIUeCmU1Q3owYnx1W4nsO09iL4hUBt_XZpDBO5sxtLpcsGTUbhZ6CLtEwOLHtf87aOjg_mdTIKxBV4ny32ALFQ9bJsUEBfWGxpbeGcL=w224-h298-k-no""},{""title"":""Street View \u0026 360°"",""image"":""https://streetviewpixels-pa.googleapis.com/v1/thumbnail?panoid=dhXc2-7ziM1ZCCQUAcsd6Q\u0026cb_client=maps_sv.tactile.gps\u0026w=224\u0026h=298\u0026yaw=343.57504\u0026pitch=0\u0026thumbfov=100""}]","{""link"":"""",""source"":""""}"
e361a6c5-40af-4a0e-bcd7-bec02f397dd6,https://www.google.com/maps/place/20in+Coffee/data=!4m7!3m6!1s0x2de421b947ad8297:0x833021ab01242eb9!8m2!3d-3.3474703!4d114.6206158!16s%2Fg%2F11rg8bwtxk!19sChIJl4KtR7kh5C0RuS4kAashMIM?authuser=0&hl=en&g_ep=EgoyMDI2MDkwMi4wIJJjKgBIAVAD&rclk=1,20in Coffee,Cafe,"Jl. Raya Banjar Indah Permai No.19, Pemurus Dalam, Kec. Banjarmasin Sel., Kota Banjarmasin, Kalimantan Selatan 70248","{""Friday"":[""9.30 am–12.00 am""],""Monday"":[""8.30 am–11.00 pm""],""Saturday"":[""9.30 am–12.00 am""],""Sunday"":[""9.30 am–12.00 am""],""Thursday"":[""8.30 am–11.00 pm""],""Tuesday"":[""8.30 am–11.00 pm""],""Wednesday"":[""8.30 am–11.00 pm""]}","{""Friday"":{""10"":47,""11"":50,""12"":44,""13"":50,""14"":50,""15"":52,""16"":50,""17"":47,""18"":48,""19"":51,""20"":70,""21"":90,""22"":100,""23"":84,""6"":0,""7"":0,""8"":0,""9"":35},""Monday"":{""10"":34,""11"":41,""12"":48,""13"":47,""14"":48,""15"":44,""16"":48,""17"":47,""18"":42,""19"":45,""20"":57,""21"":66,""22"":66,""23"":0,""6"":0,""7"":0,""8"":23,""9"":29},""Saturday"":{""10"":41,""11"":45,""12"":42,""13"":41,""14"":39,""15"":33,""16"":32,""17"":28,""18"":26,""19"":36,""20"":52,""21"":80,""22"":83,""23"":71,""6"":0,""7"":0,""8"":0,""9"":36},""Sunday"":{""10"":15,""11"":20,""12"":23,""13"":26,""14"":30,""15"":30,""16"":30,""17"":29,""18"":36,""19"":46,""20"":67,""21"":70,""22"":61,""23"":44,""6"":0,""7"":0,""8"":0,""9"":17},""Thursday"":{""10"":46,""11"":53,""12"":63,""13"":61,""14"":51,""15"":45,""16"":48,""17"":51,""18"":42,""19"":41,""20"":46,""21"":59,""22"":52,""23"":0,""6"":0,""7"":0,""8"":33,""9"":41},""Tuesday"":{""10"":47,""11"":57,""12"":64,""13"":59,""14"":51,""15"":44,""16"":44,""17"":41,""18"":34,""19"":35,""20"":50,""21"":63,""22"":67,""23"":0,""6"":0,""7"":0,""8"":35,""9"":40},""Wednesday"":{""10"":33,""11"":45,""12"":50,""13"":52,""14"":44,""15"":45,""16"":53,""17"":63,""18"":61,""19"":66,""20"":72,""21"":84,""22"":66,""23"":0,""6"":0,""7"":0,""8"":21,""9"":29}}",137,4.7,"{""1"":2,""2"":0,""3"":3,""4"":25,""5"":107}",-3.34747,114.620616,9453092636192943801,0x2de421b947ad8297:0x833021ab01242eb9,ChIJl4KtR7kh5C0RuS4kAashMIM,"[{""title"":""All"",""image"":""https://lh3.googleusercontent.com/gps-cs-s/AHRPTWnR7zyXg8_G7HZfl_n2sydm64X_Cji9E5g_BJ4mMyTOH_D5_pN11SZr72xH9gP4ZnWVTFJYuipeaJ9CgPFacK9ld0Q2Ij6cKRorvUds534AbygYEmAa-zLc11zkwqSHmiGFOulE=w224-h298-k-no""},{""title"":""Menu"",""image"":""https://lh3.googleusercontent.com/gps-cs-s/AHRPTWnVfx2-bj05GBzMlo9zLr80icDJC4r16I_JpVK5BuX0V2kt9Gflwl1eCNTneC6E1eEZMnertnCEhhpA3HcYQm6R1WOBXPAtwcdEXw1cHuq2aeXViXCPDygrSfWuGjdUGDXW78umzQ=w224-h298-k-no""},{""title"":""Videos"",""image"":""https://lh3.googleusercontent.com/gps-cs-s/AHRPTWm-FGe9P7Q7bUgzDwDULszyeLSrMhfs67wV5bqsG-VzaiJdlSQrX716V5KmvHp1HNph8UxBMuFS_j2c_-Y1c3TF9vLh4KqqaAcSjwx7N7mf0232fQjlkVDbYT6-q1OqJHul4d6k=w224-h398-k-no""},{""title"":""Food \u0026 drink"",""image"":""https://lh3.googleusercontent.com/gps-cs-s/AHRPTWmTrAltsyd_vCMU55Y7ieQHx7lv2as2Hk17rmoA23BTuDprQzIbuWD7BrLbcoBY43bY3t8oPiqZ9x7z2rPpCo_wzS0j1HcruZDzPtjmXHrZmMXDZ7msctc-TohMDIeKvOMaD0R6tcwrFqnf=w224-h298-k-no""},{""title"":""Vibe"",""image"":""https://lh3.googleusercontent.com/gps-cs-s/AHRPTWkUrkYb2bUSJEmoUoIvRw4McFmO16cTe9dhhOvPZGyRZDQO3SMMxwcwvix01mDQ7A1cpVzNZnZp0HuJHrNbuMoEediQBtcEtdsd2muvO0tDtsaeSklejTTk0SnHK7hEHW0LZxLO=w529-h298-k-no""},{""title"":""Milk tea"",""image"":""https://lh3.googleusercontent.com/gps-cs-s/AHRPTWl6AVqcztpRJD8j59vSzl1LjKvv3BNBHtP3tSqVMJtSVO1_QB9BmZ76-gv7bpR50kBrSwwTDTqDSApx357Zm36G7eQk8F6EyiBQ3nX9Tt3fKAs13u-vYU5nVS_nV_wU1tdZ-bOwPIhffS8F=w224-h298-k-no""},{""title"":""Coffee"",""image"":""https://lh3.googleusercontent.com/gps-cs-s/AHRPTWmxyxzOU-Ul5O1bean_PyEVAzY2vo-a_80EOyEGXE7vBMPhVc0RRRkPBWTuylWNq6Y4vSRr_FIDmibf_GWXeZn1CQbvBhah70NUU4epD1NJWU7o-LcxlFuhH5_NwfXGcTS212Y=w224-h398-k-no""},{""title"":""By owner"",""image"":""https://lh3.googleusercontent.com/gps-cs-s/AHRPTWlSv2B6OgeZqV3UKyY6CeNveHWMlO7u1s-vH5dGPk5MPh5k-VvZleGSkCsgkSqgBxUcUTSQv4cWwQlbHuzm8MOZdZkpswf6Uh5sZz7VHQx1B1mxoitwR5b6xN3sbthRUJAAlF2b=w529-h298-k-no""},{""title"":""Street View \u0026 360°"",""image"":""https://streetviewpixels-pa.googleapis.com/v1/thumbnail?panoid=Lrl-19HDQ_TlO4QYpnQm5A\u0026cb_client=maps_sv.tactile.gps\u0026w=224\u0026h=298\u0026yaw=175.64587\u0026pitch=0\u0026thumbfov=100""}]","{""link"":"""",""source"":""""}"
e361a6c5-40af-4a0e-bcd7-bec02f397dd6,https://www.google.com/maps/place/Cafe+Borahe+Banjar+Banar/data=!4m7!3m6!1s0x2de42300603b6de3:0x380c54d68c6c9431!8m2!3d-3.3221249!4d114.5658082!16s%2Fg%2F11ml4l7mbz!19sChIJ4207YAAj5C0RMZRsjNZUDDg?authuser=0&hl=en&g_ep=EgoyMDI2MDkwMi4wIJJjKgBIAVAD&rclk=1,Cafe Borahe Banjar Banar,Cafe,"Gg. Margarukun No.61, Pelambuan, Kec. Banjarmasin Bar., Kota Banjarmasin, Kalimantan Selatan 70129","{""Friday"":[""3.00–9.30 pm""],""Monday"":[""3.00–9.30 pm""],""Saturday"":[""3.00–9.30 pm""],""Sunday"":[""3.00–9.30 pm""],""Thursday"":[""Closed""],""Tuesday"":[""3.00–9.30 pm""],""Wednesday"":[""3.00–9.30 pm""]}","{""Friday"":{""10"":0,""11"":0,""12"":0,""13"":0,""14"":0,""15"":20,""16"":30,""17"":48,""18"":57,""19"":68,""20"":67,""21"":64,""22"":0,""23"":0,""6"":0,""7"":0,""8"":0,""9"":0},""Monday"":{""10"":0,""11"":0,""12"":0,""13"":0,""14"":0,""15"":20,""16"":35,""17"":57,""18"":81,""19"":85,""20"":67,""21"":47,""22"":0,""23"":0,""6"":0,""7"":0,""8"":0,""9"":0},""Saturday"":{""10"":0,""11"":0,""12"":0,""13"":0,""14"":0,""15"":30,""16"":38,""17"":52,""18"":69,""19"":71,""20"":68,""21"":57,""22"":0,""23"":0,""6"":0,""7"":0,""8"":0,""9"":0},""Sunday"":{""10"":0,""11"":0,""12"":0,""13"":0,""14"":0,""15"":40,""16"":53,""17"":77,""18"":95,""19"":100,""20"":84,""21"":68,""22"":0,""23"":0,""6"":0,""7"":0,""8"":0,""9"":0},""Thursday"":{},""Tuesday"":{""10"":0,""11"":0,""12"":0,""13"":0,""14"":0,""15"":13,""16"":25,""17"":38,""18"":49,""19"":57,""20"":53,""21"":47,""22"":0,""23"":0,""6"":0,""7"":0,""8"":0,""9"":0},""Wednesday"":{""10"":0,""11"":0,""12"":0,""13"":0,""14"":0,""15"":23,""16"":32,""17"":46,""18"":58,""19"":73,""20"":67,""21"":60,""22"":0,""23"":0,""6"":0,""7"":0,""8"":0,""9"":0}}",44,4.5,"{""1"":3,""2"":0,""3"":2,""4"":7,""5"":32}",-3.322125,114.565808,4038696246300152881,0x2de42300603b6de3:0x380c54d68c6c9431,ChIJ4207YAAj5C0RMZRsjNZUDDg,"[{""title"":""All"",""image"":""https://lh3.googleusercontent.com/gps-cs-s/AHRPTWmL4llksSAJCJc42L3CWlbx1mny849jqUD5YivrukJGWPOg23JA8YxtTkbkABoCi_FWsBzIjQqv5VupP_glO5JvfWUvWeNfxQs2gMbh2xDuxft_oBcdutN8qdd0lrklGpTpBsV1yJ3gWje0=w224-h298-k-no""},{""title"":""Food \u0026 drink"",""image"":""https://lh3.googleusercontent.com/gps-cs-s/AHRPTWkVOPbzKOGZSomDMThMQpktt08092VxduvOIlM6XVdERPMhr97rfTJkLYTR6cm_ZcI5jir5wickGpJt9Yd8esJTdxdSYS6LM4XjpyK-pMCyNdgBMO1aOvS30ohLjmi4b8Amk-4-O9h3v42f=w224-h298-k-no""},{""title"":""Videos"",""image"":""https://lh3.googleusercontent.com/gps-cs-s/AHRPTWkOfosFm6UJClmqdDVV7rdqk9w5Dh0DQQd5fXvcGCeccfVYPdduE9JxPBv4rq8pwksmg8AlicRixBl8CM7__d2DYwPVP6fzJolC4DpbES5o0IzzBsPpavknfBQaNYkVLYHXrDvTY0Rae9Pp=w224-h398-k-no""},{""title"":""Street View \u0026 360°"",""image"":""https://streetviewpixels-pa.googleapis.com/v1/thumbnail?panoid=a2sqTL-SC4N82ABMsU40gA\u0026cb_client=maps_sv.tactile.gps\u0026w=224\u0026h=298\u0026yaw=83.95986\u0026pitch=0\u0026thumbfov=100""}]","{""link"":"""",""source"":""""}"
e361a6c5-40af-4a0e-bcd7-bec02f397dd6,https://www.google.com/maps/place/Hukai+Coffee/data=!4m7!3m6!1s0x2de427f884e0fb27:0x509b242abf972ff8!8m2!3d-3.3484493!4d114.631706!16s%2Fg%2F11rrtvvj9_!19sChIJJ_vghPgn5C0R-C-Xvyokm1A?authuser=0&hl=en&g_ep=EgoyMDI2MDkwMi4wIJJjKgBIAVAD&rclk=1,Hukai Coffee,Coffee shop,"Jl. Tembus Hikmah Banua Jl. Ray 1 No.19, Pemurus Luar, Banjarmasin Timur, Banjar Regency, South Kalimantan 40654","{""Friday"":[""5.00–11.00 pm""],""Monday"":[""5.00–11.00 pm""],""Saturday"":[""5.00–11.00 pm""],""Sunday"":[""5.00–11.00 pm""],""Thursday"":[""5.00–11.00 pm""],""Tuesday"":[""5.00–11.00 pm""],""Wednesday"":[""5.00–11.00 pm""]}",{},51,4.5,"{""1"":4,""2"":0,""3"":0,""4"":8,""5"":39}",-3.348449,114.631706,5808275910445969400,0x2de427f884e0fb27:0x509b242abf972ff8,ChIJJ_vghPgn5C0R-C-Xvyokm1A,"[{""title"":""All"",""image"":""https://lh3.googleusercontent.com/gps-cs-s/AHRPTWkWmqrRwM6ug2C0WjnMN1h1-ki6ce3ZF74akwtNEfBlhUm7s5C7gf5ExawScesXDWlQEfP9NL6QdMRIV2u3gu5HaW1dCEgcGsCouBPbiOzD1Bk7aSm_tyujMWMmmheJLnb6HlLQ=w447-h298-k-no""},{""title"":""Menu"",""image"":""https://lh3.googleusercontent.com/gps-cs-s/AHRPTWl-AfZqtPOQKeC-vY4Lafv4mNZci7DJUET_krKeYWNvwBNFG8VjYuyhqWwBuQ2Uc8g0FEtPnRSgUydCQyPD2v0n6AbiWWrX_veqGUxEWEdvyd9W9U23y71bozBI_cJTApcLPF14=w224-h298-k-no""},{""title"":""Food \u0026 drink"",""image"":""https://lh3.googleusercontent.com/gps-cs-s/AHRPTWmEsJ59qay8XR7T_6FPcMCHM0RYNMN4OJ1xFNtXLnGDWm6xj_YulkbJ0FWa2CwduZDm0dDsFgrMjjihvDenT_aCqlxb-mcM5WLEnMrHq8Bh7b4_jbaa36UpQj1E7w36j__wsvWj=w447-h298-k-no""},{""title"":""Coffee"",""image"":""https://lh3.googleusercontent.com/gps-cs-s/AHRPTWk_ZRbIVoZnzvNQKFcBx1RAMoG8zTTlzHaIAAGkiRH7R712_Go0R39XF79rf-EezAGyIl2EBn-_B4C4MkwY5XmJe7tWp80qKYeFNMDtBqdlO_vo6Z_qfh2_HjzLB7Yr3RZHtk_e=w224-h398-k-no""},{""title"":""By owner"",""image"":""https://lh3.googleusercontent.com/gps-cs-s/AHRPTWlEk7HLtdzqO-BGfOsHT2IyIkYnxcShrYyiGNDMBX3pJeRsEcKXPTApo8pThcAQ5s29juI17-1Su5vJpfCJUe8699uz529dXcyHBtf54sZcENHwLX5yU4FBxH8aZGJeTXY7jRc=w224-h336-k-no""},{""title"":""Street View \u0026 360°"",""image"":""https://streetviewpixels-pa.googleapis.com/v1/thumbnail?panoid=9aKEmMgO7mY1lV1zfSnUOQ\u0026cb_client=maps_sv.tactile.gps\u0026w=224\u0026h=298\u0026yaw=74.014206\u0026pitch=0\u0026thumbfov=100""}]","{""link"":"""",""source"":""""}"
e361a6c5-40af-4a0e-bcd7-bec02f397dd6,https://www.google.com/maps/place/KUBIEK+COFFEE+HOUSE/data=!4m7!3m6!1s0x2de423001beff189:0x15057af5c39eea67!8m2!3d-3.3078559!4d114.5905128!16s%2Fg%2F11mt49x85c!19sChIJifHvGwAj5C0RZ-qew_V6BRU?authuser=0&hl=en&g_ep=EgoyMDI2MDkwMi4wIJJjKgBIAVAD&rclk=1,KUBIEK COFFEE HOUSE,Coffee shop,"Jl. S. Parman Gg. Purnama No.16, Ps. Lama, Kec. Banjarmasin Tengah, Kota Banjarmasin, Kalimantan Selatan 70114","{""Friday"":[""8.00 am–12.00 am""],""Monday"":[""8.00 am–12.00 am""],""Saturday"":[""8.00 am–12.00 am""],""Sunday"":[""8.00 am–12.00 am""],""Thursday"":[""8.00 am–12.00 am""],""Tuesday"":[""8.00 am–12.00 am""],""Wednesday"":[""8.00 am–12.00 am""]}",{},32,4.7,"{""1"":1,""2"":1,""3"":1,""4"":1,""5"":28}",-3.307856,114.590513,1514752045647587943,0x2de423001beff189:0x15057af5c39eea67,ChIJifHvGwAj5C0RZ-qew_V6BRU,"[{""title"":""All"",""image"":""https://lh3.googleusercontent.com/gps-cs-s/AHRPTWlrsYCYs5m7hDVHlOVWJO_nJoZjSP90q6cYeCr_hAnqC6NJrFF4cHYsADEHv6fhpMQdKGuBdK70SbZbqMKtMfZUTcbUI0HBzyvFxOlD1hsTLDBvSuHHeoQVGPLFLoc9Z4Gvv1g3ltiGI-hi=w447-h298-k-no""},{""title"":""Food \u0026 drink"",""image"":""https://lh3.googleusercontent.com/gps-cs-s/AHRPTWkqlWCNSzPx7zWcVuACZPY6Sri7HP2zDHPod3BeLzwgUIlwLSmTTwe4suuPes79Sr45op9oExOuewBAMohzeRk_AtHDWKNKb9JLWhJ75imHl6CiBH4eQ4gwOTvJiSBt5ED9xqBASkN7yE59=w224-h298-k-no""},{""title"":""Videos"",""image"":""https://lh3.googleusercontent.com/gps-cs-s/AHRPTWnsd2gtOcBQ5zOQ1RzpYzD_Ic5uUnyAvbbvcmIjm2kvMIfpLVlOjPqt5lE0E7i-faYcWA6K-nIzwObhGzKDZ-lD6M-k4xf9ccZkUiA1z62rwthBnbJ6t35hDPSHCkzdOFeXk44BSpoj73Tp=w529-h298-k-no""},{""title"":""Vibe"",""image"":""https://lh3.googleusercontent.com/gps-cs-s/AHRPTWm6QzZqII66_mj00A5K-Bb6yarftX6CxvulxxL2ReMoY3H8dJkmMgy-LjVVwWo29WjslRcudi4hsePXuL_xAMSJQO0zM85c-JitDLLFyIvVVtHGmxiitozB2fAKrE9ktSyQKCw29ttVjlY4=w447-h298-k-no""},{""title"":""Iced coffee"",""image"":""https://lh3.googleusercontent.com/gps-cs-s/AHRPTWk3TnipcniGC_TeT9YizTwlYL-DWPVcqO5_heOWXGvRsfRy9O5t9db8gXEuqH_ms-1Gf2XhhTqQOQVDP5_k-XnPSj-TO29X6yKf4vWtFubv81xEVoBHJZZyEOOTQgobZqdDIDbiS_D2CE8=w529-h298-k-no""},{""title"":""Coffee"",""image"":""https://lh3.googleusercontent.com/gps-cs-s/AHRPTWmfQFxmnw2W-gIIgd0rhHE8LWP-8_EGovMA-0MWIGcuxN3mrNRgDXpFTkH0DJ27h_isBc4-9fJcOcIwKJL_tPaSVtEm71mLPVjTn7pW_keMM_rWGXPbnihWrYoDeJvNsg0fmShgbIVFlL_u=w529-h298-k-no""},{""title"":""Street View \u0026 360°"",""image"":""https://streetviewpixels-pa.googleapis.com/v1/thumbnail?panoid=S7RUJYR4I2i2gDQEkkOvEA\u0026cb_client=maps_sv.tactile.gps\u0026w=224\u0026h=298\u0026yaw=131.26772\u0026pitch=0\u0026thumbfov=100""}]","{""link"":"""",""source"":""""}"
e361a6c5-40af-4a0e-bcd7-bec02f397dd6,https://www.google.com/maps/place/Point+Coffee+Indomaret+Banjar+Indah/data=!4m7!3m6!1s0x2de427006b279077:0x8200d74ea6d370ed!8m2!3d-3.3464528!4d114.6218919!16s%2Fg%2F11xzr1232p!19sChIJd5AnawAn5C0R7XDTpk7XAII?authuser=0&hl=en&g_ep=EgoyMDI2MDkwMi4wIJJjKgBIAVAD&rclk=1,Point Coffee Indomaret Banjar Indah,Coffee shop,"Jl. Raya Banjar Indah Permai No.9d, RT.08/RW.01, Pemurus Dalam, Kec. Banjarmasin Sel., Kota Banjarmasin, Kalimantan Selatan 70248",{},{},12,4.8,"{""1"":0,""2"":1,""3"":0,""4"":0,""5"":11}",-3.346453,114.621892,9367723957736927469,0x2de427006b279077:0x8200d74ea6d370ed,ChIJd5AnawAn5C0R7XDTpk7XAII,"[{""title"":""All"",""image"":""https://streetviewpixels-pa.googleapis.com/v1/thumbnail?panoid=uGFquIse_JP3bNYYZ5y6cw\u0026cb_client=maps_sv.tactile.gps\u0026w=224\u0026h=298\u0026yaw=35.95183\u0026pitch=0\u0026thumbfov=100""},{""title"":""Street View \u0026 360°"",""image"":""https://streetviewpixels-pa.googleapis.com/v1/thumbnail?panoid=uGFquIse_JP3bNYYZ5y6cw\u0026cb_client=maps_sv.tactile.gps\u0026w=224\u0026h=298\u0026yaw=35.95183\u0026pitch=0\u0026thumbfov=100""}]","{""link"":"""",""source"":""""}"
e361a6c5-40af-4a0e-bcd7-bec02f397dd6,https://www.google.com/maps/place/Kupi+Angkai+Banjarmasin+ex.+Kong+Djie+Coffee+Banjarmasin/data=!4m7!3m6!1s0x2de426da14fa1bbf:0x99e1e9851cbb5d2!8m2!3d-3.3611717!4d114.6322291!16s%2Fg%2F11f3wry0yh!19sChIJvxv6FNom5C0R0rXLUZgengk?authuser=0&hl=en&g_ep=EgoyMDI2MDkwMi4wIJJjKgBIAVAD&rclk=1,Kupi Angkai Banjarmasin ex. Kong Djie Coffee Banjarmasin,Coffee shop,"Ruko iWalk Citraland Banjarmasin no. 20, Jalan Ahmad Yani Km 7,8, Pemurus Luar, Kec. Banjarmasin Tim., Kota Banjarmasin, Kalimantan Selatan 70654","{""Friday"":[""7.00 am–11.00 pm""],""Monday"":[""7.00 am–11.00 pm""],""Saturday"":[""7.00 am–11.00 pm""],""Sunday"":[""7.00 am–11.00 pm""],""Thursday"":[""7.00 am–11.00 pm""],""Tuesday"":[""7.00 am–11.00 pm""],""Wednesday"":[""7.00 am–11.00 pm""]}","{""Friday"":{""10"":21,""11"":23,""12"":26,""13"":31,""14"":32,""15"":33,""16"":35,""17"":39,""18"":47,""19"":60,""20"":68,""21"":69,""22"":63,""23"":0,""6"":0,""7"":0,""8"":14,""9"":19},""Monday"":{""10"":16,""11"":19,""12"":20,""13"":23,""14"":25,""15"":28,""16"":32,""17"":37,""18"":41,""19"":41,""20"":47,""21"":51,""22"":51,""23"":0,""6"":0,""7"":0,""8"":9,""9"":13},""Saturday"":{""10"":30,""11"":32,""12"":30,""13"":30,""14"":32,""15"":33,""16"":35,""17"":41,""18"":56,""19"":73,""20"":89,""21"":100,""22"":100,""23"":0,""6"":0,""7"":0,""8"":19,""9"":26},""Sunday"":{""10"":29,""11"":32,""12"":34,""13"":34,""14"":34,""15"":35,""16"":42,""17"":52,""18"":62,""19"":67,""20"":70,""21"":71,""22"":61,""23"":0,""6"":0,""7"":0,""8"":20,""9"":26},""Thursday"":{""10"":22,""11"":24,""12"":26,""13"":28,""14"":29,""15"":31,""16"":33,""17"":39,""18"":45,""19"":52,""20"":56,""21"":58,""22"":55,""23"":0,""6"":0,""7"":0,""8"":11,""9"":17},""Tuesday"":{""10"":24,""11"":28,""12"":30,""13"":30,""14"":30,""15"":31,""16"":34,""17"":41,""18"":49,""19"":55,""20"":62,""21"":60,""22"":54,""23"":0,""6"":0,""7"":0,""8"":11,""9"":17},""Wednesday"":{""10"":18,""11"":21,""12"":27,""13"":29,""14"":30,""15"":30,""16"":37,""17"":45,""18"":52,""19"":56,""20"":65,""21"":69,""22"":65,""23"":0,""6"":0,""7"":0,""8"":10,""9"":13}}",558,4.5,"{""1"":10,""2"":7,""3"":52,""4"":130,""5"":359}",-3.361172,114.632229,693025032217802194,0x2de426da14fa1bbf:0x99e1e9851cbb5d2,ChIJvxv6FNom5C0R0rXLUZgengk,"[{""title"":""All"",""image"":""https://lh3.googleusercontent.com/gps-cs-s/AHRPTWnX7CAICTk6m3Za9kr7LgvuAVKaiWJbwsGlG7fsMyynf3uAcplaHdf5dhymnJBzE4rwpDjcHFkm6sCOrEHOzFjEh2C7AwxI3_KS6mEdvsWJxHplKIg3RYnWtJkP0bOo7m4bJCM=w397-h298-k-no""},{""title"":""Menu"",""image"":""https://lh3.googleusercontent.com/gps-cs-s/AHRPTWlhT6RzBzH_2wS7KEXBsseIGcg_j2rbfJybycxN1WQWHP8RUS12GrOcobjI1yuocrXNpyPJVmmoGpBRiYRpYvtCn0EvXsDkesa24kmePOJU2kwaWi5lVUfIlk9O1coAfgkNiE4lGQ=w298-h298-k-no""},{""title"":""Videos"",""image"":""https://lh3.googleusercontent.com/gps-cs-s/AHRPTWl9AMjqpyKpAeuFs85nWcT46OJeHG2J-SI-FVvM4RgceULTsvnZx4X6kpxrgD28x_P12KYyhXzWYzO7uA1iaCZhLDJ1DHGBBl6d_asjcYFuKoaSXtg_7R2haCGSte_6E6ipN3YH=w224-h401-k-no""},{""title"":""Food \u0026 drink"",""image"":""https://lh3.googleusercontent.com/gps-cs-s/AHRPTWkyzjanacKy3eAQDco2nF0QG39PMk4QdDZjhEgKuV6d65Ed405-QnkL4DVJjClvTwkM_4I7ZBT_I8_sFLAHGhPxCMKHN7kLHfRUunIfRZ5wkauFebYfMBi_FrgW9co4tRElMNlWRVFpqsdS=w224-h298-k-no""},{""title"":""Vibe"",""image"":""https://lh3.googleusercontent.com/gps-cs-s/AHRPTWk3a5SvlbwHZrI1GEw05-eD5DH5TNl9vq52RQYiREyJZ6_IKrkmU7KTn_s66Ss_Lk9hAk5-A0oFdyRMFcNHe9Fo8gqEb50nMBZoiuAps5Ws5-BQhTPYzQqZG-s3S7ggeotKpQr5Jw=w224-h298-k-no""},{""title"":""Iced coffee"",""image"":""https://lh3.googleusercontent.com/gps-cs-s/AHRPTWlN09WdUjdELJHBx8hkbzMxOftDMIp5iomBNuXjyXGl3C1IA5Hwza7KufucdkH3dOe0YPB-NSEESFm-p55jkV5Vs3-wMluCaGaIAULSYwrdxo0wbJZBqxjhE8XCDhv1QQW8tOdCgS_agiY=w224-h336-k-no""},{""title"":""Coffee"",""image"":""https://lh3.googleusercontent.com/gps-cs-s/AHRPTWm1oaIdZbGFYHSyPNUAVGerTcnJHqXW4iZUaEY1ZpUyrQEkBtwBnVK6BtvR3xRHMSS2WdJsoZ2NuEYG3EmqCkfPkeQcE0mbwqg9RbqmxLiuUjpB0JtfusKWmBw-kSx1dIngMlcCyg=w224-h298-k-no""},{""title"":""By owner"",""image"":""https://lh3.googleusercontent.com/gps-cs-s/AHRPTWnDbpIXeHcjFx3pop28HSbmJCHEGJ5Vu8ZypfLwAmToVJf-VMWB983Yc_0NEZwsMzj7WZr7PFgXvr875THwMA4KJVa4ycK_B6E0gMgjA8SBqiOeKqfaHxiHJo_26bzmDe0GDhYY=w397-h298-k-no""},{""title"":""Street View \u0026 360°"",""image"":""https://streetviewpixels-pa.googleapis.com/v1/thumbnail?panoid=1khzXlL1yBEmXSgpuiilNg\u0026cb_client=maps_sv.tactile.gps\u0026w=224\u0026h=298\u0026yaw=323.38232\u0026pitch=0\u0026thumbfov=100""}]","{""link"":"""",""source"":""""}"
e361a6c5-40af-4a0e-bcd7-bec02f397dd6,https://www.google.com/maps/place/Rangkul+Coffee+Bar/data=!4m7!3m6!1s0x2de42385daac4c77:0xcc2927509b722495!8m2!3d-3.323288!4d114.5931123!16s%2Fg%2F11wp04_9yq!19sChIJd0ys2oUj5C0RlSRym1AnKcw?authuser=0&hl=en&g_ep=EgoyMDI2MDkwMi4wIJJjKgBIAVAD&rclk=1,Rangkul Coffee Bar,Coffee shop,"Jl. Hasanuddin HM, Kawasan, Kota Lama, Banjarmasin City, South Kalimantan 70111","{""Friday"":[""9.00 am–11.00 pm""],""Monday"":[""9.00 am–11.00 pm""],""Saturday"":[""9.00 am–11.00 pm""],""Sunday"":[""9.00 am–11.00 pm""],""Thursday"":[""9.00 am–11.00 pm""],""Tuesday"":[""9.00 am–11.00 pm""],""Wednesday"":[""9.00 am–11.00 pm""]}","{""Friday"":{""10"":31,""11"":32,""12"":27,""13"":28,""14"":36,""15"":40,""16"":36,""17"":43,""18"":59,""19"":76,""20"":75,""21"":67,""22"":43,""23"":0,""6"":0,""7"":0,""8"":0,""9"":30},""Monday"":{""10"":38,""11"":38,""12"":43,""13"":42,""14"":44,""15"":36,""16"":40,""17"":55,""18"":81,""19"":100,""20"":93,""21"":75,""22"":64,""23"":0,""6"":0,""7"":0,""8"":0,""9"":31},""Saturday"":{""10"":36,""11"":30,""12"":26,""13"":23,""14"":25,""15"":30,""16"":36,""17"":48,""18"":63,""19"":78,""20"":77,""21"":78,""22"":71,""23"":0,""6"":0,""7"":0,""8"":0,""9"":35},""Sunday"":{""10"":43,""11"":36,""12"":32,""13"":28,""14"":32,""15"":32,""16"":39,""17"":59,""18"":80,""19"":94,""20"":85,""21"":72,""22"":47,""23"":0,""6"":0,""7"":0,""8"":0,""9"":34},""Thursday"":{""10"":39,""11"":36,""12"":35,""13"":32,""14"":27,""15"":23,""16"":22,""17"":31,""18"":40,""19"":51,""20"":59,""21"":52,""22"":40,""23"":0,""6"":0,""7"":0,""8"":0,""9"":36},""Tuesday"":{""10"":38,""11"":36,""12"":36,""13"":32,""14"":26,""15"":26,""16"":38,""17"":57,""18"":75,""19"":77,""20"":76,""21"":59,""22"":44,""23"":0,""6"":0,""7"":0,""8"":0,""9"":34},""Wednesday"":{""10"":43,""11"":44,""12"":43,""13"":39,""14"":32,""15"":23,""16"":27,""17"":50,""18"":72,""19"":82,""20"":84,""21"":78,""22"":68,""23"":0,""6"":0,""7"":0,""8"":0,""9"":35}}",45,4.9,"{""1"":1,""2"":0,""3"":0,""4"":0,""5"":44}",-3.323288,114.593112,14711332884941251733,0x2de42385daac4c77:0xcc2927509b722495,ChIJd0ys2oUj5C0RlSRym1AnKcw,"[{""title"":""All"",""image"":""https://lh3.googleusercontent.com/gps-cs-s/AHRPTWm5Ce5foYuxtj8V2dNMu1v3koTNWg-xOnppWQAJ-pJvkScjwtQEWxKK3B7wJJh6wie7jlr7dkxR424FYi40VXEa5_O_aaZZ3UVIhxeOYnYPV5ePtU8ZsQqV05iVU698bbJI8K68=w224-h335-k-no""},{""title"":""Food \u0026 drink"",""image"":""https://lh3.googleusercontent.com/gps-cs-s/AHRPTWnXrz8fDf02uxOlykyiL-8JaBNWL-drS4iD1vBD2xf2IZui2zGMVMGYHuhkN85V1m2iu9JWC7QObwuPoF2xsrxIWsl9UAfIHbnUZdoRvyl-v6heRtQIZwMHkZFosEeRm8ewcZrIWQ=w447-h298-k-no""},{""title"":""Vibe"",""image"":""https://lh3.googleusercontent.com/gps-cs-s/AHRPTWn81QMKjtNYDAs2SMUES7Eniy8bgiAliuxA_3I2nryUu_glu867x0cIq-2I03AdZ3D3aGbHfa9-nc3V5XHcKBKi8olZXe04Uc69lVtYpZgZ3vr2jS2SZCbxOe05QEXQjAsE6QOe=w487-h298-k-no""},{""title"":""Coffee"",""image"":""https://lh3.googleusercontent.com/gps-cs-s/AHRPTWlCYuXyPOU2cqL70hRsqmCtWHkfDq0mpZ62a6_-CpWvvtyZuAZQtsnZ-KB2tfGbFgVXTGZ9aDkMacO5ZGXX9ssFDj0HB3U7FneK7yR-5EMTRVafMp-2e0Fs8MSjV53jRCr7TsE=w224-h336-k-no""},{""title"":""By owner"",""image"":""https://lh3.googleusercontent.com/gps-cs-s/AHRPTWlvB7XxvJFEi0ViOZtueGEnZH4BArwfLvlz4J8a34lqBC6WtyW07GlZWaNl8oDkAG6tinkllfrTC0sQKnNF-YZicdAUTfXfXY_NWSfwLxQoVbgq2j_pqfEZCkAz89lPbZ0ajmRG=w224-h335-k-no""},{""title"":""Street View \u0026 360°"",""image"":""https://streetviewpixels-pa.googleapis.com/v1/thumbnail?panoid=RqZNeDi4lYIDvK-cLNBDAg\u0026cb_client=maps_sv.tactile.gps\u0026w=224\u0026h=298\u0026yaw=348.30365\u0026pitch=0\u0026thumbfov=100""}]","{""link"":"""",""source"":""""}"
e361a6c5-40af-4a0e-bcd7-bec02f397dd6,https://www.google.com/maps/place/SIMETRIS+KOFFIE/data=!4m7!3m6!1s0x2de42309e9563825:0x7ef658b9d0cc01c3!8m2!3d-3.3266583!4d114.5965931!16s%2Fg%2F11rwy0n22q!19sChIJJThW6Qkj5C0RwwHM0LlY9n4?authuser=0&hl=en&g_ep=EgoyMDI2MDkwMi4wIJJjKgBIAVAD&rclk=1,SIMETRIS KOFFIE,Coffee shop,"MHFW+8JP SIMETRIS KOFFIE, Jl. P. Antasari, Pekapuran Laut, Kec. Banjarmasin Tengah, Kota Banjarmasin, Kalimantan Selatan 70234","{""Friday"":[""9.00 am–10.00 pm""],""Monday"":[""9.00 am–10.00 pm""],""Saturday"":[""9.00 am–10.00 pm""],""Sunday"":[""9.00 am–10.00 pm""],""Thursday"":[""9.00 am–10.00 pm""],""Tuesday"":[""9.00 am–10.00 pm""],""Wednesday"":[""9.00 am–10.00 pm""]}","{""Friday"":{""10"":75,""11"":68,""12"":75,""13"":70,""14"":68,""15"":56,""16"":51,""17"":68,""18"":75,""19"":65,""20"":56,""21"":46,""22"":0,""23"":0,""6"":0,""7"":0,""8"":0,""9"":85},""Monday"":{""10"":46,""11"":53,""12"":46,""13"":56,""14"":56,""15"":63,""16"":53,""17"":56,""18"":56,""19"":53,""20"":48,""21"":58,""22"":0,""23"":0,""6"":0,""7"":0,""8"":0,""9"":56},""Saturday"":{""10"":51,""11"":48,""12"":51,""13"":43,""14"":56,""15"":53,""16"":60,""17"":53,""18"":65,""19"":80,""20"":90,""21"":80,""22"":0,""23"":0,""6"":0,""7"":0,""8"":0,""9"":58},""Sunday"":{""10"":58,""11"":60,""12"":70,""13"":65,""14"":68,""15"":53,""16"":43,""17"":41,""18"":51,""19"":56,""20"":56,""21"":51,""22"":0,""23"":0,""6"":0,""7"":0,""8"":0,""9"":48},""Thursday"":{""10"":73,""11"":73,""12"":70,""13"":70,""14"":60,""15"":60,""16"":58,""17"":60,""18"":63,""19"":85,""20"":85,""21"":90,""22"":0,""23"":0,""6"":0,""7"":0,""8"":0,""9"":53},""Tuesday"":{""10"":58,""11"":53,""12"":51,""13"":63,""14"":56,""15"":53,""16"":51,""17"":53,""18"":58,""19"":56,""20"":51,""21"":56,""22"":0,""23"":0,""6"":0,""7"":0,""8"":0,""9"":68},""Wednesday"":{""10"":78,""11"":73,""12"":68,""13"":73,""14"":90,""15"":87,""16"":100,""17"":75,""18"":87,""19"":70,""20"":78,""21"":60,""22"":0,""23"":0,""6"":0,""7"":0,""8"":0,""9"":63}}",24,4.7,"{""1"":1,""2"":0,""3"":0,""4"":3,""5"":20}",-3.326658,114.596593,9148597248144966083,0x2de42309e9563825:0x7ef658b9d0cc01c3,ChIJJThW6Qkj5C0RwwHM0LlY9n4,"[{""title"":""All"",""image"":""https://lh3.googleusercontent.com/gps-cs-s/AHRPTWmgTyoqarx9IjnCiiP8sb492uPLvVqk0f3Osz7MK_OTGXWsZ-9pzhmH_RMrGHfCpD-DprgmiL_isH4YLihf7Y2iranXwUnkuEoakLQJ2fkELPXoJLmAGjMhDvE0oPpQy0mOXH80hA=w412-h298-k-no""},{""title"":""Menu"",""image"":""https://lh3.googleusercontent.com/gps-cs-s/AHRPTWnrX8746QlM9JY3gHUerEGE2BidPLmT6fZtQrt8i9QZHAKmNbsV8O8faJWHbEhUsiNS3giQev78GYB0JKlS6SxFzWnj8zdEjQozdnf0Ig2QfcNJQ55xW2tWozZgGLcK2WgH0YyV=w224-h298-k-no""},{""title"":""Videos"",""image"":""https://lh3.googleusercontent.com/gps-cs-s/AHRPTWmRdntjdomOk2iwmBVqGXzlndfdO_9EN8-pwQEZAUroeO0_WT4xb6nXVJJNURWg3_8OljXkXOBM_qlRygv79_ag6WiDp9H9V5OQHEz1RgBsDjCEAk9JztdTlr23ons7KN4PtdIb=w224-h398-k-no""},{""title"":""Food \u0026 drink"",""image"":""https://lh3.googleusercontent.com/gps-cs-s/AHRPTWn9MQ9FuMFQSS-8dwUsnlQTt14lp6-mAoQn_4HiKnI7BnoamZWrHJ5DDWbTSx7k-I478KPy_PM67X6Xiilgu1cMfNKVLAlMbzDcvhXhsfE9gnkgKLVcJeJFbHG1EB6thpntbMSrrA=w529-h298-k-no""},{""title"":""Street View \u0026 360°"",""image"":""https://streetviewpixels-pa.googleapis.com/v1/thumbnail?panoid=H5M55D13f9OYPSb58YMxug\u0026cb_client=maps_sv.tactile.gps\u0026w=224\u0026h=298\u0026yaw=12.876447\u0026pitch=0\u0026thumbfov=100""}]","{""link"":"""",""source"":""""}"
e361a6c5-40af-4a0e-bcd7-bec02f397dd6,"https://www.google.com/maps/place/BIVIO+Coffe,pastry,eatery/data=!4m7!3m6!1s0x2de4230abb44afb9:0x9de890cb03b62a71!8m2!3d-3.3138858!4d114.5881616!16s%2Fg%2F11m6401h8r!19sChIJua9Euwoj5C0RcSq2A8uQ6J0?authuser=0&hl=en&g_ep=EgoyMDI2MDkwMi4wIJJjKgBIAVAD&rclk=1","BIVIO Coffe,pastry,eatery",Coffee shop,"seberang kedai bunda) bivio cafe, Jl. Pulau Laut, Antasan Besar, Kec. Banjarmasin Tengah, Kota Banjarmasin, Kalimantan Selatan 70114","{""Friday"":[""8.00 am–11.00 pm""],""Monday"":[""8.00 am–11.00 pm""],""Saturday"":[""8.00 am–11.00 pm""],""Sunday"":[""8.00 am–11.00 pm""],""Thursday"":[""8.00 am–11.00 pm""],""Tuesday"":[""8.00 am–11.00 pm""],""Wednesday"":[""8.00 am–11.00 pm""]}","{""Friday"":{""10"":17,""11"":20,""12"":25,""13"":29,""14"":29,""15"":34,""16"":37,""17"":43,""18"":49,""19"":60,""20"":60,""21"":57,""22"":44,""23"":0,""6"":0,""7"":0,""8"":15,""9"":16},""Monday"":{""10"":20,""11"":25,""12"":30,""13"":32,""14"":29,""15"":29,""16"":31,""17"":41,""18"":55,""19"":64,""20"":74,""21"":74,""22"":66,""23"":0,""6"":0,""7"":0,""8"":17,""9"":19},""Saturday"":{""10"":22,""11"":22,""12"":27,""13"":32,""14"":34,""15"":36,""16"":41,""17"":50,""18"":68,""19"":85,""20"":97,""21"":100,""22"":79,""23"":0,""6"":0,""7"":0,""8"":17,""9"":20},""Sunday"":{""10"":22,""11"":24,""12"":28,""13"":32,""14"":39,""15"":42,""16"":47,""17"":57,""18"":66,""19"":77,""20"":86,""21"":79,""22"":57,""23"":0,""6"":0,""7"":0,""8"":15,""9"":19},""Thursday"":{""10"":20,""11"":22,""12"":28,""13"":28,""14"":29,""15"":32,""16"":37,""17"":44,""18"":55,""19"":63,""20"":70,""21"":63,""22"":49,""23"":0,""6"":0,""7"":0,""8"":11,""9"":14},""Tuesday"":{""10"":21,""11"":26,""12"":37,""13"":40,""14"":39,""15"":34,""16"":36,""17"":42,""18"":54,""19"":69,""20"":77,""21"":75,""22"":59,""23"":0,""6"":0,""7"":0,""8"":16,""9"":17},""Wednesday"":{""10"":25,""11"":30,""12"":33,""13"":31,""14"":27,""15"":27,""16"":28,""17"":37,""18"":49,""19"":58,""20"":68,""21"":68,""22"":60,""23"":0,""6"":0,""7"":0,""8"":16,""9"":19}}",130,4.8,"{""1"":1,""2"":2,""3"":1,""4"":11,""5"":115}",-3.313886,114.588162,11378503660166589041,0x2de4230abb44afb9:0x9de890cb03b62a71,ChIJua9Euwoj5C0RcSq2A8uQ6J0,"[{""title"":""All"",""image"":""https://lh3.googleusercontent.com/gps-cs-s/AHRPTWnVO6atQmpdJaSUJNwnaKjxDa5h2o1w2WYqiFe6xiKkWSoCwOtRXF03c9ovrWGnoToHSvdUz3NmGzHr-PCtyrnkuqwt8iXsjpzQWV5nLLVYRJJK_z1R6YUBjBG0EvPw0Z9TZj_l36BiwJp8=w224-h298-k-no""},{""title"":""Latest"",""image"":""https://lh3.googleusercontent.com/gps-cs-s/AHRPTWkxyq5na0DhWAxjm1Jx46UKfgu5_DvmPbZ1HQkKFQtD9sonWbKy6bQTXSGY2bCILRsB_C2Ub5zhH6BBS8QI7UjOx5cWtAL76LlpCkAwZWrlfgC-DUy5g2z6WdqDRZqXqjGxChckXzuDkKrw=w224-h398-k-no""},{""title"":""Videos"",""image"":""https://lh3.googleusercontent.com/gps-cs-s/AHRPTWkcou4i1SQTsGhgJFXtSvSpqGhKy9Bnld9hebsBoBgW2rwdMZ02RgZI-BP46oDSFSJWWjHdNZvV0NQeHI5_7bkpNVhmSDG1A9t_pYPDtaFqaYeeWST6Uw01DP0m9LBEt31ZI7r5wb28U4o=w224-h398-k-no""},{""title"":""Menu"",""image"":""https://lh3.googleusercontent.com/gps-cs-s/AHRPTWkWE1KWQOQ8n8KsZA8I7O1VTFr9vEdKyg8UTB3gr38amFBKUNGfJa-qJkaKI4uL9MiZgUHmCjT9t-jZY7_ANAUj6Xwv_tc_ZR3KIzZMLH9J5qga909LFmgWAvuXuJdAmt8yyYUKp0lfXk6g=w397-h298-k-no""},{""title"":""Food \u0026 drink"",""image"":""https://lh3.googleusercontent.com/gps-cs-s/AHRPTWnK54JOTAxUq3U1R5aDy3llfRt_7tC5czABqQoBLGe7e1r3DbSNJKE0jmJBHFmanYKM8dsaLtY0WHWVUi6r5tgHBh0IxOBF44Rzzt3NBw1X19BQkODwe0OuaIt5gF5rX66xunSh=w224-h398-k-no""},{""title"":""Vibe"",""image"":""https://lh3.googleusercontent.com/gps-cs-s/AHRPTWk1VntyJWtXvHmENHel9iBqtpenvA-vYILbsFr9F3lE0o4NMUS7d6v-OzcxpuO_yVuZrAW8MU5433ARfIghwzF4rnAkfbMqgWoThFy9Zw8ZF3uRv2RPMkKFIOL_eX30xGR15feaWBZxux6w=w397-h298-k-no""},{""title"":""Coffee"",""image"":""https://lh3.googleusercontent.com/gps-cs-s/AHRPTWmpA51YwEoAmJfcODW1k8f9Vp4zPvbNzOFggTUAW6ewal31nUPpmy_I4t3-5fooGguK7PnRDyUydFgzZvPwkp7DDijQMgVlwwNUJUY7hIAir-zI-U3SXSLJ3Dhj--QbwQgKirOBhY7diuX0=w224-h298-k-no""},{""title"":""By owner"",""image"":""https://lh3.googleusercontent.com/gps-cs-s/AHRPTWnDFTSCK8BB3kpovRpb2yVUIWQypqpi5raxqZ_MI5NvCuJvuT8mAawiAMpsgZUgzDoqqWmu7OtfkjYXJhs6X7Y1AP0Eaeg6krQ_ewzFNSdKbTeiBawn914XdEz08MW0WUVZsHkXosl8si-w=w298-h298-k-no""},{""title"":""Street View \u0026 360°"",""image"":""https://streetviewpixels-pa.googleapis.com/v1/thumbnail?panoid=IiIK1jltQPjDv1aWND7I7A\u0026cb_client=maps_sv.tactile.gps\u0026w=224\u0026h=298\u0026yaw=15.3515005\u0026pitch=0\u0026thumbfov=100""}]","{""link"":"""",""source"":""""}"
e361a6c5-40af-4a0e-bcd7-bec02f397dd6,https://www.google.com/maps/place/KAMPOENG+ARAB+COFFEE+HOUSE/data=!4m7!3m6!1s0x2de423b072334c01:0xe332f78945bb2c83!8m2!3d-3.3067203!4d114.5920972!16s%2Fg%2F11n2wyg7ww!19sChIJAUwzcrAj5C0Rgyy7RYn3MuM?authuser=0&hl=en&g_ep=EgoyMDI2MDkwMi4wIJJjKgBIAVAD&rclk=1,KAMPOENG ARAB COFFEE HOUSE,Coffee shop,"Jl. Antasan Kecil Barat No.103, Ps. Lama, Kec. Banjarmasin Tengah, Kota Banjarmasin, Kalimantan Selatan 70123","{""Friday"":[""8.00 am–11.00 pm""],""Monday"":[""8.00 am–11.00 pm""],""Saturday"":[""8.00 am–11.00 pm""],""Sunday"":[""8.00 am–11.00 pm""],""Thursday"":[""8.00 am–11.00 pm""],""Tuesday"":[""8.00 am–11.00 pm""],""Wednesday"":[""8.00 am–11.00 pm""]}","{""Friday"":{""10"":15,""11"":16,""12"":21,""13"":26,""14"":32,""15"":34,""16"":44,""17"":60,""18"":86,""19"":93,""20"":80,""21"":57,""22"":38,""23"":0,""6"":0,""7"":0,""8"":11,""9"":14},""Monday"":{""10"":13,""11"":15,""12"":20,""13"":22,""14"":24,""15"":29,""16"":42,""17"":65,""18"":91,""19"":99,""20"":83,""21"":62,""22"":42,""23"":0,""6"":0,""7"":0,""8"":8,""9"":9},""Saturday"":{""10"":25,""11"":26,""12"":26,""13"":27,""14"":32,""15"":38,""16"":51,""17"":68,""18"":90,""19"":97,""20"":89,""21"":74,""22"":54,""23"":0,""6"":0,""7"":0,""8"":15,""9"":21},""Sunday"":{""10"":22,""11"":30,""12"":37,""13"":37,""14"":37,""15"":38,""16"":51,""17"":73,""18"":95,""19"":100,""20"":87,""21"":64,""22"":43,""23"":0,""6"":0,""7"":0,""8"":11,""9"":17},""Thursday"":{""10"":13,""11"":19,""12"":21,""13"":24,""14"":21,""15"":25,""16"":37,""17"":56,""18"":76,""19"":84,""20"":73,""21"":54,""22"":36,""23"":0,""6"":0,""7"":0,""8"":6,""9"":8},""Tuesday"":{""10"":12,""11"":17,""12"":19,""13"":23,""14"":24,""15"":29,""16"":41,""17"":60,""18"":83,""19"":89,""20"":79,""21"":59,""22"":42,""23"":0,""6"":0,""7"":0,""8"":5,""9"":7},""Wednesday"":{""10"":10,""11"":12,""12"":13,""13"":16,""14"":18,""15"":21,""16"":34,""17"":58,""18"":85,""19"":92,""20"":77,""21"":58,""22"":38,""23"":0,""6"":0,""7"":0,""8"":7,""9"":9}}",334,4.2,"{""1"":42,""2"":7,""3"":10,""4"":55,""5"":220}",-3.30672,114.592097,16371419764397649027,0x2de423b072334c01:0xe332f78945bb2c83,ChIJAUwzcrAj5C0Rgyy7RYn3MuM,"[{""title"":""All"",""image"":""https://lh3.googleusercontent.com/gps-cs-s/AHRPTWlK2B-9SZcd3wGhfoepty_neC5TlE6R3GbQwk6CAUPnr5fU1PYPTp8JyGobtOIpOd9cHUDxLeUE5GCjw5HiDaWUdF4LaXWzEhVvB3STS9DLB_-6-cdnPS1-TF0cOUJyzxILdN5Ev3KT_1Ve=w397-h298-k-no""},{""title"":""Menu"",""image"":""https://lh3.googleusercontent.com/gps-cs-s/AHRPTWmUB787FRwDkc7q4FPycUh-F16VwSHiMrqBbg5VMqpbkdqKpvxOs8HKQk9zNV8CY9HE8MxyVEa5y8-ZmxXjhPymescEa7NuCCdvMluzH0Nn5IE5FIMaATBUuNPa33aSJ7MRpOzxXtwUkSk=w397-h298-k-no""},{""title"":""Videos"",""image"":""https://lh3.googleusercontent.com/gps-cs-s/AHRPTWlGd6nxcoWsBc889LMFcZQ0OPgfHuemzx38k6zKo-b2DzhiYZ2MTFvjMsTxrwOU_rL9dceLUl6-4lYCXFSNCFCwOTJolZTZF4uSWnMBEjtsGQ8ulfdLzJWf5iVvObbUh6P-AlpM59CXBGzI=w224-h398-k-no""},{""title"":""Food \u0026 drink"",""image"":""https://lh3.googleusercontent.com/gps-cs-s/AHRPTWmoithrKUGjIBkA0PtEUrNWFXzQTn4wX9f2MaRH2pm5NlA8mxxo1EajjwdRgBqx7n3mkQV_QWd41K0v7qpGJb2WSzMP8dKYjX4Ocw9PHVQOdNCc1Uc9Px84dP8TM4ZbTZDyJfwEM-lwVEe6=w224-h398-k-no""},{""title"":""Vibe"",""image"":""https://lh3.googleusercontent.com/gps-cs-s/AHRPTWm0gDI4EVUdfIv-zNOqG2wPLpDbsUZ2za4qN4lQq0bWuVliVM54JKmekTpa5xuCJHG6vH4z8wjIcN1VckSn43Qw4coRiAHPGQQuHjKEoWd_jU0v_hVzt30zJafsT2hoDporHF2TJQ=w646-h298-k-no""},{""title"":""Street View \u0026 360°"",""image"":""https://lh3.googleusercontent.com/gps-cs-s/AHRPTWm9zzdCS_wJ7wERpGxXDyI27_cjXkR7GWkuss-yA--huG81-Wc_Mkz91ncm2c1smQ3OnWIElWljnVu0AYHbD7EGA0_6LMrsoG7e-e_Gpn8E8l_aIokicPLZ7Ee-qYAvlNAHJ-I=w224-h298-k-no-pi-0.11254019-ya119.88746-ro0-fo100""}]","{""link"":"""",""source"":""""}"
e361a6c5-40af-4a0e-bcd7-bec02f397dd6,https://www.google.com/maps/place/Cangkir+Coffee/data=!4m7!3m6!1s0x2de426c6875d08af:0x81f4bf4a52dc02a1!8m2!3d-3.3523476!4d114.6341811!16s%2Fg%2F11ckrj50d5!19sChIJrwhdh8Ym5C0RoQLcUkq_9IE?authuser=0&hl=en&g_ep=EgoyMDI2MDkwMi4wIJJjKgBIAVAD&rclk=1,Cangkir Coffee,Cafe,"Jl. Mahligai, RT.05/RW.02, Pemurus Luar, Banjarmasin Timur, Banjarmasin City, South Kalimantan 70654","{""Friday"":[""11.00 am–12.00 am""],""Monday"":[""11.00 am–12.00 am""],""Saturday"":[""11.00 am–12.00 am""],""Sunday"":[""11.00 am–12.00 am""],""Thursday"":[""11.00 am–12.00 am""],""Tuesday"":[""11.00 am–12.00 am""],""Wednesday"":[""11.00 am–12.00 am""]}","{""Friday"":{""10"":0,""11"":10,""12"":12,""13"":14,""14"":17,""15"":21,""16"":30,""17"":45,""18"":64,""19"":73,""20"":70,""21"":60,""22"":46,""23"":29,""6"":0,""7"":0,""8"":0,""9"":0},""Monday"":{""10"":0,""11"":11,""12"":13,""13"":14,""14"":16,""15"":19,""16"":26,""17"":39,""18"":54,""19"":58,""20"":53,""21"":44,""22"":33,""23"":20,""6"":0,""7"":0,""8"":0,""9"":0},""Saturday"":{""10"":0,""11"":19,""12"":23,""13"":24,""14"":23,""15"":24,""16"":33,""17"":50,""18"":76,""19"":95,""20"":100,""21"":90,""22"":66,""23"":39,""6"":0,""7"":0,""8"":0,""9"":0},""Sunday"":{""10"":0,""11"":11,""12"":14,""13"":17,""14"":20,""15"":25,""16"":36,""17"":56,""18"":75,""19"":83,""20"":75,""21"":59,""22"":39,""23"":21,""6"":0,""7"":0,""8"":0,""9"":0},""Thursday"":{""10"":0,""11"":11,""12"":13,""13"":15,""14"":16,""15"":19,""16"":27,""17"":42,""18"":56,""19"":62,""20"":58,""21"":47,""22"":35,""23"":20,""6"":0,""7"":0,""8"":0,""9"":0},""Tuesday"":{""10"":0,""11"":12,""12"":14,""13"":17,""14"":18,""15"":20,""16"":29,""17"":45,""18"":63,""19"":69,""20"":63,""21"":48,""22"":34,""23"":19,""6"":0,""7"":0,""8"":0,""9"":0},""Wednesday"":{""10"":0,""11"":12,""12"":15,""13"":18,""14"":19,""15"":21,""16"":28,""17"":43,""18"":63,""19"":73,""20"":70,""21"":59,""22"":42,""23"":25,""6"":0,""7"":0,""8"":0,""9"":0}}",2120,4.4,"{""1"":64,""2"":36,""3"":187,""4"":532,""5"":1301}",-3.352348,114.634181,9364319851148739233,0x2de426c6875d08af:0x81f4bf4a52dc02a1,ChIJrwhdh8Ym5C0RoQLcUkq_9IE,"[{""title"":""All"",""image"":""https://lh3.googleusercontent.com/gps-cs-s/AHRPTWmPwut_XcReoIZD0oqpAFVxSV3oAdRGGSW2hypt-R2IbHzMIeaUJUvGYW9t_rMRwuM_P5K3_JLOwiZkLPaYLLbZ8SYeuN4nG89kWB-V7m4mvSOgi03PzpseoDqic2Ni6GNNNfFq=w298-h298-k-no""},{""title"":""Menu"",""image"":""https://lh3.googleusercontent.com/gps-cs-s/AHRPTWnBGDGBr0QHZEKF-o4BKeQ5T68OsNBTKG6lMcDg5zjSLPaOeczqitcLgf5ykUKE7JUDrdFAHT6c52LzPubiSVlWzG1FxiGc_fYmqLRZADm4_R13C4bKyFVMs525vH6mr2gN48HIR4obo7pg=w224-h298-k-no""},{""title"":""Videos"",""image"":""https://lh3.googleusercontent.com/gps-cs-s/AHRPTWlWi33517YSwxQg_sE8PWJAcqfic_2YDOPYGRtUhSQaBbjzRjwRR6E1YmcbuGkTA6oLOmD1XzaQYKEBapjyMNvfLwwsrFSr6oGuhRAOW5G6HyLa7ulZC0_XEQuVqU1nYW0EeiYZ=w529-h298-k-no""},{""title"":""Food \u0026 drink"",""image"":""https://lh3.googleusercontent.com/gps-cs-s/AHRPTWkCBbjMDNjoulhYHGmG9lJjLWVjq3tCuTk7Wz7QhQ6PlQh3RbDu8CyKNUlYgifolIWccHUDp3_3TxW6mVbg5SaZ_qyTSKjLTxUYlNYDgsnoadPi8bJblFFrkpgqp4pIXsy82eR6=w224-h298-k-no""},{""title"":""Vibe"",""image"":""https://lh3.googleusercontent.com/gps-cs-s/AHRPTWmN1neMMC4VnR8-mduld3s5FoLXRMt9n5YBRRjjxtYiCwDmoQydVYJT8zoI2rCBK_yGNpXmu69cOecWqLhL8Oi1CgcdRQ9hWd_THKKDWToYOfTid0c-afxSKIvuSt79xByxZ0v1=w395-h298-k-no""},{""title"":""Cappuccino"",""image"":""https://lh3.googleusercontent.com/gps-cs-s/AHRPTWlAGD4_iSBzwPJeMDs1SZM7DUpcxYcHfn-2hzW39w_e0E5E8BGlkJnicTp0jlkkIEYeHDXPwZIA1O9NCFF3Qp9t5x1-F8iC4Ok2ZERW8OVQFEpa0LKg1S6Sc3KVhB1Udu9Dqa7O0Q=w298-h298-k-no""},{""title"":""Nasi goreng"",""image"":""https://lh3.googleusercontent.com/gps-cs-s/AHRPTWkT2C2CH39m6dCauL_hHlR2xkS_sXTj_TpusTI5lRT5EZS0ZSSexBhu6P7gT0ZjLoXfQvk_Pw2YEQexUzELfn9EdxzXdn4h1yRV3XmUgMIodIMakuWw3AMzlxQt7ylUABMDwno=w397-h298-k-no""},{""title"":""Juice"",""image"":""https://lh3.googleusercontent.com/gps-cs-s/AHRPTWkP8Dfe-D7Su_5lIQ-j_kTQ2HfcjAEtcIMHZipdJrmRUl4w6-vooz1nHmnQ9VKFLRB62GYbdQLU7BqBX70ere0hxSQJjVm3T1AvVE-_XlEd7idzuSPA9yTMr3OGzviLnAtX9J6BjA=w397-h298-k-no""},{""title"":""Nasi lemak"",""image"":""https://lh3.googleusercontent.com/gps-cs-s/AHRPTWl5UWVDSRFCk9kZe6PLh-prsW_w1ZaBYGJTLHQvridkrLtjUs5rxMEJSkXxpaRqNHcCsDjQtTq2rmYSdgoewqaH3kqGI0P2Celye784zDM_d6jLLmi77jty4ooxG44ytUwFWWESNJ882Ko=w224-h298-k-no""},{""title"":""By owner"",""image"":""https://lh3.googleusercontent.com/gps-cs-s/AHRPTWkG-VWPcj0xzPIqCNHhuk5chBC5fFThsluuWQHwdFVVeYNI9QHNtGSeyEoeOQrmaMjCAoAgL7ZpIncb0QhQkFWfpUjSxwnzBQ7hXUIq6z8wHX8oWBIFrnafZxQfkvxnHOa_kYVu=w224-h398-k-no""},{""title"":""Street View \u0026 360°"",""image"":""https://streetviewpixels-pa.googleapis.com/v1/thumbnail?panoid=hrUB_cVpUs36NTrklKADdg\u0026cb_client=maps_sv.tactile.gps\u0026w=224\u0026h=298\u0026yaw=26.436232\u0026pitch=0\u0026thumbfov=100""}]","{""link"":"""",""source"":""""}"
e361a6c5-40af-4a0e-bcd7-bec02f397dd6,https://www.google.com/maps/place/Area+koffie/data=!4m7!3m6!1s0x2de4236f036f68a9:0xae44c02a5128e308!8m2!3d-3.3027913!4d114.5996168!16s%2Fg%2F11lgybp4jf!19sChIJqWhvA28j5C0RCOMoUSrARK4?authuser=0&hl=en&g_ep=EgoyMDI2MDkwMi4wIJJjKgBIAVAD&rclk=1,Area koffie,Coffee shop,"Komplek taman citra, Jl. Sultan Adam Jl. Malkon Temon, Surgi Mufti, Kec. Banjarmasin Utara, Kota Banjarmasin, Kalimantan Selatan 60122","{""Friday"":[""10.00 am–11.30 pm""],""Monday"":[""10.00 am–11.00 pm""],""Saturday"":[""10.00 am–11.30 pm""],""Sunday"":[""10.00 am–11.00 pm""],""Thursday"":[""10.00 am–11.00 pm""],""Tuesday"":[""10.00 am–11.00 pm""],""Wednesday"":[""10.00 am–11.00 pm""]}","{""Friday"":{""10"":29,""11"":33,""12"":34,""13"":34,""14"":35,""15"":40,""16"":48,""17"":60,""18"":70,""19"":78,""20"":86,""21"":86,""22"":73,""23"":53,""6"":0,""7"":0,""8"":0,""9"":0},""Monday"":{""10"":29,""11"":38,""12"":43,""13"":45,""14"":44,""15"":43,""16"":47,""17"":56,""18"":69,""19"":81,""20"":85,""21"":82,""22"":68,""23"":0,""6"":0,""7"":0,""8"":0,""9"":0},""Saturday"":{""10"":39,""11"":44,""12"":45,""13"":42,""14"":41,""15"":42,""16"":46,""17"":57,""18"":72,""19"":87,""20"":97,""21"":100,""22"":86,""23"":65,""6"":0,""7"":0,""8"":0,""9"":0},""Sunday"":{""10"":48,""11"":56,""12"":54,""13"":47,""14"":44,""15"":44,""16"":49,""17"":59,""18"":73,""19"":86,""20"":93,""21"":88,""22"":76,""23"":0,""6"":0,""7"":0,""8"":0,""9"":0},""Thursday"":{""10"":25,""11"":28,""12"":32,""13"":34,""14"":36,""15"":39,""16"":46,""17"":54,""18"":64,""19"":73,""20"":76,""21"":72,""22"":59,""23"":0,""6"":0,""7"":0,""8"":0,""9"":0},""Tuesday"":{""10"":32,""11"":37,""12"":44,""13"":45,""14"":44,""15"":43,""16"":49,""17"":59,""18"":74,""19"":85,""20"":93,""21"":88,""22"":74,""23"":0,""6"":0,""7"":0,""8"":0,""9"":0},""Wednesday"":{""10"":30,""11"":38,""12"":44,""13"":45,""14"":45,""15"":43,""16"":48,""17"":55,""18"":67,""19"":75,""20"":82,""21"":82,""22"":70,""23"":0,""6"":0,""7"":0,""8"":0,""9"":0}}",142,4.4,"{""1"":7,""2"":6,""3"":7,""4"":19,""5"":103}",-3.302791,114.599617,12557372948998578952,0x2de4236f036f68a9:0xae44c02a5128e308,ChIJqWhvA28j5C0RCOMoUSrARK4,"[{""title"":""All"",""image"":""https://lh3.googleusercontent.com/gps-cs-s/AHRPTWmNTdpnb8fROi0FtnY06UZm185zImKgcwuyioeAXq4sS4WGsM78hCdhbmsIvRxgh1K5Cu1YFNeIYMO9qn9Dvi6hE0Y3hIisxagu1KnCjC7HQjDH76c9C_EqCmK2GXct7EU5H5WS17gh_e-8=w397-h298-k-no""},{""title"":""Latest"",""image"":""https://lh3.googleusercontent.com/gps-cs-s/AHRPTWkZ6E1FeuG4u0jLQof96Yy4t8gooJqMLSLjRGBlILezWXF0cNL4fx0yn_hrQP9lOFMEBLG13v-NrLNyFwsH8tQBM6w4ReIwKQWGUeLBQWbmeFFlzneA1ABQecg5oy-9FDGxNl2ZxZ-DQ6eE=w224-h298-k-no""},{""title"":""Videos"",""image"":""https://lh3.googleusercontent.com/gps-cs-s/AHRPTWl-UocULSxpL_C7GTPUF4Vs75bhpJXVVRmx_4p3hIaH33caBcv95wvgWIu8qQF93Szi00GuA0i6pvzzpsz-g5JcWvJLvK8JVpPVOaLwVK5_2OcHdM6qJn398QU7Gg5vN97Y1q1vw8ETkYGE=w224-h398-k-no""},{""title"":""Menu"",""image"":""https://lh3.googleusercontent.com/gps-cs-s/AHRPTWmxZsX8ZHExnOiL9FICre7X822N-xA_Nccq1bII6LNpu6vpqxtrqyS-jGRVkvyAhRVU81AyVJFZIN0Dwhg3bbG6Xzu4fADo7KbLam2atVybTxv0ad4jf4J8WADX8pEXi1RfJI68qV7eYgaj=w397-h298-k-no""},{""title"":""Food \u0026 drink"",""image"":""https://lh3.googleusercontent.com/gps-cs-s/AHRPTWn5xUTX5d6kjzTshe3bJjuucI40t_8olQqQU5lOyjAVlXSarK2aYPFoFPdDwZ4ANEcO1SsS2s9M_K6MqA2UMQSyDIGp8Fbs1OQtcYbLw5AaXWU6TxLjZDfpgGji-mfx-8Y2jxk=w224-h398-k-no""},{""title"":""Vibe"",""image"":""https://lh3.googleusercontent.com/gps-cs-s/AHRPTWlG5yFnJY9fSmgWF35W7WHgEJLTGcGV09-Y5iHOmhEWmjByloXjB3l7c3wYsKUQb8NjLn_S6WxZczlGZWHLaAr7q4IUeGIOBzAyTO7VMAAaELKMUobyceeops35QhASgTQRXkzntQUHoMv_=w224-h298-k-no""},{""title"":""Tonkatsu"",""image"":""https://lh3.googleusercontent.com/gps-cs-s/AHRPTWl5yCWC85oNUF-NUgl8Zvhg9MwauzSzrNNUgVkUrAGw5A5TFxU584eTM1cHOfS_XezMIVSPdExI7-ij9FVv67lODHvIck0Pr9i4Y9LbX1fQNmPf8rVQbbzYUyIuuOmK9-WmRZbSnEdJIgDF=w397-h298-k-no""},{""title"":""By owner"",""image"":""https://lh3.googleusercontent.com/gps-cs-s/AHRPTWkedXjWwHe0eEF3mjoFPA6yWOn2T_W8-U2cGOQKF_O0qncRVl5NSwFrS2TDw2J-ljit2YPWai89Jxi8gCitnYerSxPWFvBGW4WKMTBeEvbR7Dr_Ammx__3AF0FE8f21BzdikE3Y=w224-h398-k-no""},{""title"":""Street View \u0026 360°"",""image"":""https://streetviewpixels-pa.googleapis.com/v1/thumbnail?panoid=ed-nglQ02A_SZY7udi0C4A\u0026cb_client=maps_sv.tactile.gps\u0026w=224\u0026h=298\u0026yaw=7.0385447\u0026pitch=0\u0026thumbfov=100""}]","{""link"":"""",""source"":""""}"
e361a6c5-40af-4a0e-bcd7-bec02f397dd6,https://www.google.com/maps/place/Nordu+Coffee+Capung+Banjarmasin/data=!4m7!3m6!1s0x2de42300186fc729:0xb30e83b0ee47c728!8m2!3d-3.3144659!4d114.5896111!16s%2Fg%2F11yby9_5rl!19sChIJKcdvGAAj5C0RKMdH7rCDDrM?authuser=0&hl=en&g_ep=EgoyMDI2MDkwMi4wIJJjKgBIAVAD&rclk=1,Nordu Coffee Capung Banjarmasin,Coffee shop,"Jl. S. Parman No.17, Antasan Besar, Kec. Banjarmasin Tengah, Kota Banjarmasin, Kalimantan Selatan 70114","{""Friday"":[""Open 24 hours""],""Monday"":[""Open 24 hours""],""Saturday"":[""Open 24 hours""],""Sunday"":[""Open 24 hours""],""Thursday"":[""Open 24 hours""],""Tuesday"":[""Open 24 hours""],""Wednesday"":[""Open 24 hours""]}","{""Friday"":{""0"":50,""1"":32,""10"":8,""11"":9,""12"":9,""13"":12,""14"":14,""15"":17,""16"":19,""17"":23,""18"":27,""19"":34,""2"":17,""20"":47,""21"":63,""22"":73,""23"":71,""3"":9,""4"":5,""5"":2,""6"":2,""7"":3,""8"":5,""9"":7},""Monday"":{""0"":42,""1"":27,""10"":7,""11"":9,""12"":12,""13"":14,""14"":16,""15"":18,""16"":20,""17"":24,""18"":27,""19"":34,""2"":16,""20"":47,""21"":59,""22"":65,""23"":60,""3"":10,""4"":6,""5"":4,""6"":4,""7"":4,""8"":5,""9"":6},""Saturday"":{""0"":71,""1"":46,""10"":11,""11"":13,""12"":14,""13"":14,""14"":15,""15"":17,""16"":20,""17"":24,""18"":32,""19"":44,""2"":25,""20"":63,""21"":85,""22"":100,""23"":99,""3"":13,""4"":6,""5"":3,""6"":3,""7"":4,""8"":7,""9"":9},""Sunday"":{""0"":44,""1"":27,""10"":9,""11"":10,""12"":12,""13"":13,""14"":15,""15"":16,""16"":18,""17"":23,""18"":29,""19"":37,""2"":14,""20"":47,""21"":61,""22"":69,""23"":66,""3"":9,""4"":6,""5"":5,""6"":5,""7"":5,""8"":7,""9"":8},""Thursday"":{""0"":48,""1"":30,""10"":8,""11"":10,""12"":11,""13"":12,""14"":13,""15"":15,""16"":18,""17"":20,""18"":24,""19"":31,""2"":17,""20"":44,""21"":59,""22"":69,""23"":68,""3"":10,""4"":5,""5"":3,""6"":3,""7"":3,""8"":5,""9"":6},""Tuesday"":{""0"":44,""1"":29,""10"":10,""11"":12,""12"":13,""13"":14,""14"":14,""15"":15,""16"":17,""17"":20,""18"":25,""19"":32,""2"":15,""20"":42,""21"":54,""22"":62,""23"":62,""3"":8,""4"":4,""5"":2,""6"":2,""7"":4,""8"":6,""9"":8},""Wednesday"":{""0"":50,""1"":32,""10"":9,""11"":10,""12"":11,""13"":13,""14"":15,""15"":18,""16"":20,""17"":23,""18"":26,""19"":35,""2"":18,""20"":49,""21"":66,""22"":76,""23"":72,""3"":11,""4"":6,""5"":4,""6"":4,""7"":6,""8"":7,""9"":8}}",660,4.2,"{""1"":62,""2"":26,""3"":59,""4"":117,""5"":396}",-3.314466,114.589611,12902394778398213928,0x2de42300186fc729:0xb30e83b0ee47c728,ChIJKcdvGAAj5C0RKMdH7rCDDrM,"[{""title"":""All"",""image"":""https://lh3.googleusercontent.com/gps-cs-s/AHRPTWm4zklg-n_LMKC5M9CCL4O9Zk2rpXSbGcXnjhggnnUYcN73GKj4Yu6K9UHEYYwInkxHgJgCdQTxJXgt00Q04cwpcql-iKxPAQlAlGum32kZbfShs1d08fyDv_TFw_THVUt1rw4ruA=w224-h336-k-no""},{""title"":""Latest"",""image"":""https://lh3.googleusercontent.com/gps-cs-s/AHRPTWmXD9lF-S0Yw1eXqbs9FHXqlfwY3SDw1ElufOHKsSJXoHaNoeryfZhZosUgSXIVrDfgjSyJDiARHajCBvPbCMukTA2Qp07ciw-n_Yr9DMmYupgtIeMQVSKTzIG9Tp2sEClLpa4V7uMN_Nk=w397-h298-k-no""},{""title"":""Videos"",""image"":""https://lh3.googleusercontent.com/gps-cs-s/AHRPTWkWDGZ7KmdGkk1gEBL3H6KtkXMRzF0zWHFBCvRxRHScShcnmHcTeY5cKFa87Gj1nMABgNSf1eY3sNGXZMAfHufVk2eREssk7hhgtT4oskVYVRgREL2bkWDyNpGb1wtWfc86wqzapJf3PT4=w224-h398-k-no""},{""title"":""Menu"",""image"":""https://lh3.googleusercontent.com/gps-cs-s/AHRPTWlNmbzm2tqHO5J2mk2zJY1rtpe2oV6VtMD4ejU-W3gpO7J7mPc1WA8hzhFRiiEkobk94chzQieFiRS46cOSmJ2f0EAHFvjeS_qnoQKibV-ubNEBFIJj3WcP2LFonhOsAq1mB1o-uYXsl5Ud=w224-h398-k-no""},{""title"":""Food \u0026 drink"",""image"":""https://lh3.googleusercontent.com/gps-cs-s/AHRPTWlhv5-eOHFrx433bPe7Ub6b4UfWH_j22WAa-QTKURf8jsYNUqC8PRZgx8TrSSfnNyxh2k-gq-Lw9stpFw4mS3J5aGcsACB-fREIChVSH4IaMinsB0m5avWwuQ2lCWPPng4W4-jI=w298-h298-k-no""},{""title"":""Vibe"",""image"":""https://lh3.googleusercontent.com/gps-cs-s/AHRPTWnEo_65NiwxyOkOyybtd043CKDB9xgk31Os7eVm3tns8PF66Fwl4kclV2w6_X2SBwyizYgl5_KcvfHJ-HpnBQ-4FXaDo0XGZ2hB4DxxpdNlTIPvz60-mBy0T__jyK2sShwLHS2F=w298-h298-k-no""},{""title"":""Iced coffee"",""image"":""https://lh3.googleusercontent.com/gps-cs-s/AHRPTWn6O6C-om-gtsB-5sEUSJ3QBYVma5pOHULCuBiZ0WphjYb8_NGsKoa9NSHs7nYx7q-UGK0nKTEvKgkWBr0y42uAgeU922odvbAHZJqTfmSGeqxUfwCNS2eeZHPYs70kenpCHxu5oAvUxwcA=w224-h298-k-no""},{""title"":""Nasi goreng"",""image"":""https://lh3.googleusercontent.com/gps-cs-s/AHRPTWkoGxdiE6R_tcX4YhBhecRIlwIfuKCSFQ8J1THF9SM7JX0_-Pro8cFjTooqqZoqNgCvRqgCTM6nsSfVgSeQvkOWH7-kvq8IXhiVAQ5-ERV9c2zccLHahBFwnwxwC1o5lIfXsZSCM-lVF7cY=w529-h298-k-no""},{""title"":""French fries"",""image"":""https://lh3.googleusercontent.com/gps-cs-s/AHRPTWkdikw34bxIzBXFUB3fkZWvhdg7eXEc7qnMjurcKeAS8f6Q44Z5jQTynkNNDE4LW1JFm8Dk-LLQ-j3Op4ZhLYixUyZGOlMli7xEk_tN8i3NqG_GI682M_6NBh88vjiXqrTZZRUDOLGHG2EQ=w224-h298-k-no""},{""title"":""By owner"",""image"":""https://lh3.googleusercontent.com/gps-cs-s/AHRPTWlLv5VwUANzpY0U8fFXAsLYobfkpxvTVUsUq8QOvz1T-ngDlPPA9E58R05SQVevEJoZaaoGRLxS5rvN7YHAjqsDYmUFi7WIUSzxThZkhTDDCvoGy9PrjcbZtyA4LeyuG7LXtbrQzg=w224-h398-k-no""},{""title"":""Street View \u0026 360°"",""image"":""https://streetviewpixels-pa.googleapis.com/v1/thumbnail?panoid=fGyTJB-fFCs92QHm4rIPhQ\u0026cb_client=maps_sv.tactile.gps\u0026w=224\u0026h=298\u0026yaw=228.36342\u0026pitch=0\u0026thumbfov=100""}]","{""link"":"""",""source"":""""}"
e361a6c5-40af-4a0e-bcd7-bec02f397dd6,https://www.google.com/maps/place/Makanan+Khas+Banjar/data=!4m7!3m6!1s0x2de423d4fbdb13a5:0x5e24335b6363270a!8m2!3d-3.3180079!4d114.6075814!16s%2Fg%2F11ql5qvp5q!19sChIJpRPb-9Qj5C0RCidjY1szJF4?authuser=0&hl=en&g_ep=EgoyMDI2MDkwMi4wIJJjKgBIAVAD&rclk=1,Makanan Khas Banjar,Cafe,"MJJ5+Q2W Makanan Khas Banjar, Gang Nyiur Gg. Kramat I, Sungai Bilu, Banjarmasin Timur, Banjarmasin City, South Kalimantan 70236","{""Friday"":[""Closed""],""Monday"":[""2.49 pm–5.49 am""],""Saturday"":[""2.52 pm–5.52 am""],""Sunday"":[""2.52 pm–5.52 am""],""Thursday"":[""2.49 pm–5.49 am""],""Tuesday"":[""2.52 pm–5.52 am""],""Wednesday"":[""2.52 pm–5.52 am""]}","{""Friday"":{},""Monday"":{""0"":18,""1"":16,""10"":0,""11"":0,""12"":0,""13"":0,""14"":24,""15"":24,""16"":29,""17"":45,""18"":48,""19"":62,""2"":29,""20"":62,""21"":62,""22"":43,""23"":29,""3"":24,""4"":10,""5"":8,""6"":0,""7"":0,""8"":0,""9"":0},""Saturday"":{""0"":40,""1"":37,""10"":0,""11"":0,""12"":0,""13"":0,""14"":24,""15"":27,""16"":29,""17"":37,""18"":48,""19"":54,""2"":24,""20"":62,""21"":62,""22"":54,""23"":45,""3"":18,""4"":21,""5"":16,""6"":0,""7"":0,""8"":0,""9"":0},""Sunday"":{""0"":35,""1"":29,""10"":0,""11"":0,""12"":0,""13"":0,""14"":18,""15"":24,""16"":40,""17"":56,""18"":81,""19"":89,""2"":24,""20"":100,""21"":89,""22"":75,""23"":54,""3"":29,""4"":27,""5"":21,""6"":0,""7"":0,""8"":0,""9"":0},""Thursday"":{""0"":24,""1"":24,""10"":0,""11"":0,""12"":0,""13"":0,""14"":40,""15"":51,""16"":59,""17"":67,""18"":64,""19"":59,""2"":21,""20"":56,""21"":51,""22"":48,""23"":35,""3"":24,""4"":16,""5"":18,""6"":0,""7"":0,""8"":0,""9"":0},""Tuesday"":{""0"":13,""1"":10,""10"":0,""11"":0,""12"":0,""13"":0,""14"":13,""15"":18,""16"":29,""17"":45,""18"":64,""19"":75,""2"":13,""20"":75,""21"":72,""22"":51,""23"":27,""3"":13,""4"":21,""5"":18,""6"":0,""7"":0,""8"":0,""9"":0},""Wednesday"":{""0"":24,""1"":29,""10"":0,""11"":0,""12"":0,""13"":0,""14"":29,""15"":32,""16"":43,""17"":59,""18"":75,""19"":72,""2"":27,""20"":62,""21"":45,""22"":35,""23"":35,""3"":27,""4"":29,""5"":24,""6"":0,""7"":0,""8"":0,""9"":0}}",1,5.0,"{""1"":0,""2"":0,""3"":0,""4"":0,""5"":1}",-3.318008,114.607581,6783603406329292554,0x2de423d4fbdb13a5:0x5e24335b6363270a,ChIJpRPb-9Qj5C0RCidjY1szJF4,"[{""title"":""All"",""image"":""https://lh3.googleusercontent.com/gps-cs-s/AHRPTWk0fdY0Wj1LoeMcB3bSJts7cwCHXikU2km-pVIJVFbw8t_7lPT7PlFgxcX7pJ3Ig1jcjvfW1wFXClNVeFaTaZ2g6uUQg1mAMjbL898SkyIj9CMgzgIL4xxY7BX54wos56twNAwqxg=w224-h473-k-no""},{""title"":""Menu"",""image"":""https://lh3.googleusercontent.com/gps-cs-s/AHRPTWk-u1gp0wx84-_mGMEd5vCRCMEAirGDlPcbVZLPzVIc-2IlrlMhZR5VbtsIJMNB8HNEy6qLhrtcqn1S8qKnqCwT9NmM4h2ATtgbQolPGIfoS5O37ufZYh5w4sDooCTqdSDnqsyCjQ=w224-h473-k-no""},{""title"":""Food \u0026 drink"",""image"":""https://lh3.googleusercontent.com/gps-cs-s/AHRPTWnD2ZunFXS6V-cDp8WJX8kTjY_VTAfox3JoXpGeCkaKcimHiOSvgecZwPYPqvqYXyjDzMxGGgcDvmyCUrwYKVDTWqvSpyyfcc_OcwNtnZAmP5d-BoEc0mDzGnkPwBff_lwVngrQTg=w629-h298-k-no""},{""title"":""Street View \u0026 360°"",""image"":""https://streetviewpixels-pa.googleapis.com/v1/thumbnail?panoid=-_stF9d7xOutj-Q_FBozFg\u0026cb_client=maps_sv.tactile.gps\u0026w=224\u0026h=298\u0026yaw=319.11624\u0026pitch=0\u0026thumbfov=100""}]","{""link"":"""",""source"":""""}"
e361a6c5-40af-4a0e-bcd7-bec02f397dd6,https://www.google.com/maps/place/Kopi+Konnichiwa+X+Tokyo+Gorilla+Pegadaian+Banjarmasin/data=!4m7!3m6!1s0x2de423f69dee180d:0x8e43eafdf3717cb8!8m2!3d-3.3267268!4d114.5975277!16s%2Fg%2F11snll852l!19sChIJDRjunfYj5C0RuHxx8_3qQ44?authuser=0&hl=en&g_ep=EgoyMDI2MDkwMi4wIJJjKgBIAVAD&rclk=1,Kopi Konnichiwa X Tokyo Gorilla Pegadaian Banjarmasin,Coffee shop,"Jln. Pegadaian no 10-11 Komplek Ruko, RT 1/ RW 1, Kelurahan Pekapuran, Pekapuran Laut, Kec. Banjarmasin Tengah, Kota Banjarmasin, Kalimantan Selatan 70233","{""Friday"":[""11.00 am–11.00 pm""],""Monday"":[""11.00 am–11.00 pm""],""Saturday"":[""11.00 am–11.00 pm""],""Sunday"":[""11.00 am–11.00 pm""],""Thursday"":[""11.00 am–11.00 pm""],""Tuesday"":[""11.00 am–11.00 pm""],""Wednesday"":[""11.00 am–11.00 pm""]}",{},103,4.5,"{""1"":5,""2"":1,""3"":6,""4"":19,""5"":72}",-3.326727,114.597528,10251295553257307320,0x2de423f69dee180d:0x8e43eafdf3717cb8,ChIJDRjunfYj5C0RuHxx8_3qQ44,"[{""title"":""All"",""image"":""https://lh3.googleusercontent.com/gps-cs-s/AHRPTWkm1R3C3nfASzfLBIQtRXSLD_5lmLeZoGbKnZdE4b0cwdB44-EZGahMKV48fgR3DXuvTns91T6oV7ekMgrFmMNmQh3nHSU3kjCkufahrtzxxgmDoUBiPljAI25ZmpveU-F6Oko=w397-h298-k-no""},{""title"":""Food \u0026 drink"",""image"":""https://lh3.googleusercontent.com/gps-cs-s/AHRPTWmJ2cqLbWf09ApzmSg0a1SZ3c2R88BN2DLZ0hZ3x4nxPnQfj8py6YcciHoqHdJgNVP5EtfKnDfFmNEmihfnAfNqfxNnbaf6EGCwPFMKj9pSx_lKwhymi_6XZ1qrkun1dyl_UtbI=w224-h298-k-no""},{""title"":""Videos"",""image"":""https://lh3.googleusercontent.com/gps-cs-s/AHRPTWm5akjtbVCEtK_Kjqb0gl4hi0zXmCf3RNmFeTIt0xgOdGVu6WBtBAWKFdlbzTateznqPK1Tqi_lS19Ok--MXBPhAsDd68a9pHkXvXqkgb_YH8fFz7TPZE3xofRoHfeTQ4OcS3H8aQ=w224-h398-k-no""},{""title"":""Vibe"",""image"":""https://lh3.googleusercontent.com/gps-cs-s/AHRPTWleVwuUHSeruvg2B-vlOdTac03HqJG7bbBlXNSnwMifjEHy0YRgkjVJU3QRGtzs89fZDas53DmASmi8JvtUyjv9lXXcxyPz8CRsO2KAkMhdV9c8nnJ-FwHOEPnxUEc6G3QqKm8DGQ=w224-h298-k-no""},{""title"":""Street View \u0026 360°"",""image"":""https://streetviewpixels-pa.googleapis.com/v1/thumbnail?panoid=N6hnc88NUVJC66COoP54bg\u0026cb_client=maps_sv.tactile.gps\u0026w=224\u0026h=298\u0026yaw=222.14297\u0026pitch=0\u0026thumbfov=100""}]","{""link"":"""",""source"":""""}"
e361a6c5-40af-4a0e-bcd7-bec02f397dd6,https://www.google.com/maps/place/Billboss+Billiard+%26+Cafe/data=!4m7!3m6!1s0x2de425498d6137e1:0x9cf2a61fc2847376!8m2!3d-3.3230393!4d114.6032371!16s%2Fg%2F11lts6w_wm!19sChIJ4TdhjUkl5C0RdnOEwh-m8pw?authuser=0&hl=en&g_ep=EgoyMDI2MDkwMi4wIJJjKgBIAVAD&rclk=1,Billboss Billiard & Cafe,Cafe,"Jln. A. Yani, KM. 2, No. 98, Dutamall Banjarmasin Dutamall, Blok B No.8 2, Lantai 5, Melayu, Kec. Banjarmasin Tengah, Kota Banjarmasin, Kalimantan Selatan 70122","{""Friday"":[""10.00 am–10.30 pm""],""Monday"":[""10.00 am–10.30 pm""],""Saturday"":[""10.00 am–10.30 pm""],""Sunday"":[""10.00 am–10.30 pm""],""Thursday"":[""10.00 am–10.30 pm""],""Tuesday"":[""10.00 am–10.30 pm""],""Wednesday"":[""10.00 am–10.30 pm""]}","{""Friday"":{""10"":63,""11"":63,""12"":66,""13"":88,""14"":86,""15"":100,""16"":86,""17"":72,""18"":75,""19"":69,""20"":69,""21"":52,""22"":63,""23"":0,""6"":0,""7"":0,""8"":0,""9"":0},""Monday"":{""10"":66,""11"":69,""12"":58,""13"":63,""14"":44,""15"":47,""16"":38,""17"":47,""18"":58,""19"":55,""20"":50,""21"":47,""22"":41,""23"":0,""6"":0,""7"":0,""8"":0,""9"":0},""Saturday"":{""10"":75,""11"":66,""12"":72,""13"":88,""14"":91,""15"":94,""16"":72,""17"":75,""18"":75,""19"":75,""20"":58,""21"":50,""22"":36,""23"":0,""6"":0,""7"":0,""8"":0,""9"":0},""Sunday"":{""10"":27,""11"":25,""12"":41,""13"":61,""14"":80,""15"":72,""16"":75,""17"":58,""18"":47,""19"":47,""20"":63,""21"":83,""22"":75,""23"":0,""6"":0,""7"":0,""8"":0,""9"":0},""Thursday"":{""10"":38,""11"":38,""12"":63,""13"":66,""14"":58,""15"":52,""16"":47,""17"":58,""18"":77,""19"":58,""20"":50,""21"":47,""22"":61,""23"":0,""6"":0,""7"":0,""8"":0,""9"":0},""Tuesday"":{""10"":50,""11"":72,""12"":88,""13"":88,""14"":72,""15"":52,""16"":50,""17"":41,""18"":55,""19"":61,""20"":66,""21"":58,""22"":50,""23"":0,""6"":0,""7"":0,""8"":0,""9"":0},""Wednesday"":{""10"":44,""11"":41,""12"":50,""13"":50,""14"":55,""15"":69,""16"":58,""17"":63,""18"":63,""19"":52,""20"":41,""21"":33,""22"":38,""23"":0,""6"":0,""7"":0,""8"":0,""9"":0}}",31,4.6,"{""1"":2,""2"":0,""3"":1,""4"":1,""5"":27}",-3.323039,114.603237,11309284269618393974,0x2de425498d6137e1:0x9cf2a61fc2847376,ChIJ4TdhjUkl5C0RdnOEwh-m8pw,"[{""title"":""All"",""image"":""https://lh3.googleusercontent.com/gps-cs-s/AHRPTWnbWyl4IUmOItz8Q4K99ga5f_6YMCdjw7bMeF-MqN4u8GHcAt8hjP79s1hvDjeFUbviMPOCXMeNXxBM36shvY7hO_Sb2QIvnoICzH1OklUYOZniHzRlcld7Pmr6kDSra87InMje=w447-h298-k-no""},{""title"":""Vibe"",""image"":""https://lh3.googleusercontent.com/gps-cs-s/AHRPTWl68Nqt3uVg0bk7-hN9KM92R7ryDTgyGR5a3JjqyDrNnL3yW8uaew29v3NyaVn10QD2aWcYXNPS-6dIAh-YQdMhDH-pICsyMHMjIly-bCarbZ97CocMl5MJt-F5IHAnHqVq3aOZ=w397-h298-k-no""},{""title"":""Videos"",""image"":""https://lh3.googleusercontent.com/gps-cs-s/AHRPTWmKQHhxoR48uU7SCdehami4iN34bztkD2QTO7hEPRGpqvDfx13_NLIdZlgV2lrkACmhcbL7-P5CMU0Unm7WzHHErJzAYOI8EuGhsIXqPRdrJb0xHrS95GK_onBCEbQ__3qTzbQm=w224-h398-k-no""},{""title"":""By owner"",""image"":""https://lh3.googleusercontent.com/gps-cs-s/AHRPTWnbWyl4IUmOItz8Q4K99ga5f_6YMCdjw7bMeF-MqN4u8GHcAt8hjP79s1hvDjeFUbviMPOCXMeNXxBM36shvY7hO_Sb2QIvnoICzH1OklUYOZniHzRlcld7Pmr6kDSra87InMje=w447-h298-k-no""}]","{""link"":"""",""source"":""""}"
e361a6c5-40af-4a0e-bcd7-bec02f397dd6,https://www.google.com/maps/place/Kawai+Kofie/data=!4m7!3m6!1s0x2de4236d36a67b17:0x5042dbf92a87c47!8m2!3d-3.2896307!4d114.5918977!16s%2Fg%2F11gxs23jff!19sChIJF3umNm0j5C0RR3yokr8tBAU?authuser=0&hl=en&g_ep=EgoyMDI2MDkwMi4wIJJjKgBIAVAD&rclk=1,Kawai Kofie,Coffee shop,"Jl. Adhyaksa No.13, Sungai Miai, Banjarmasin Utara, Banjarmasin City, South Kalimantan 70123","{""Friday"":[""8.00 am–11.00 pm""],""Monday"":[""8.00 am–10.00 pm""],""Saturday"":[""8.00 am–11.00 pm""],""Sunday"":[""8.00 am–11.00 pm""],""Thursday"":[""8.00 am–10.00 pm""],""Tuesday"":[""8.00 am–10.00 pm""],""Wednesday"":[""8.00 am–10.00 pm""]}","{""Friday"":{""10"":26,""11"":28,""12"":28,""13"":30,""14"":35,""15"":35,""16"":39,""17"":45,""18"":56,""19"":65,""20"":77,""21"":77,""22"":66,""23"":0,""6"":0,""7"":0,""8"":15,""9"":21},""Monday"":{""10"":21,""11"":29,""12"":35,""13"":36,""14"":36,""15"":33,""16"":35,""17"":37,""18"":41,""19"":49,""20"":57,""21"":60,""22"":0,""23"":0,""6"":0,""7"":0,""8"":14,""9"":17},""Saturday"":{""10"":26,""11"":32,""12"":39,""13"":43,""14"":44,""15"":45,""16"":48,""17"":51,""18"":60,""19"":75,""20"":90,""21"":100,""22"":89,""23"":0,""6"":0,""7"":0,""8"":16,""9"":22},""Sunday"":{""10"":28,""11"":34,""12"":37,""13"":36,""14"":35,""15"":37,""16"":41,""17"":48,""18"":55,""19"":61,""20"":64,""21"":58,""22"":46,""23"":0,""6"":0,""7"":0,""8"":16,""9"":21},""Thursday"":{""10"":31,""11"":32,""12"":34,""13"":37,""14"":38,""15"":40,""16"":40,""17"":39,""18"":42,""19"":47,""20"":54,""21"":55,""22"":0,""23"":0,""6"":0,""7"":0,""8"":23,""9"":28},""Tuesday"":{""10"":26,""11"":32,""12"":37,""13"":40,""14"":44,""15"":46,""16"":48,""17"":52,""18"":58,""19"":63,""20"":65,""21"":63,""22"":0,""23"":0,""6"":0,""7"":0,""8"":16,""9"":22},""Wednesday"":{""10"":28,""11"":31,""12"":36,""13"":39,""14"":42,""15"":42,""16"":43,""17"":45,""18"":53,""19"":61,""20"":70,""21"":63,""22"":0,""23"":0,""6"":0,""7"":0,""8"":16,""9"":22}}",896,4.6,"{""1"":15,""2"":4,""3"":38,""4"":186,""5"":653}",-3.289631,114.591898,361464170919001159,0x2de4236d36a67b17:0x5042dbf92a87c47,ChIJF3umNm0j5C0RR3yokr8tBAU,"[{""title"":""All"",""image"":""https://lh3.googleusercontent.com/gps-cs-s/AHRPTWlW5FqiNnJMh17WwRJIhdTeuItC_jCZ4-Jmfckn_vfQRlK2cIMZuseZWTKJs7xaDyFE6wnnOnjL1G6Up6_SZrnfZt-2azcXdm5-NUFvUcJvPY5pGySq7IXBUHpIMxbAwb-plpc=w529-h298-k-no""},{""title"":""Menu"",""image"":""https://lh3.googleusercontent.com/gps-cs-s/AHRPTWn1AGmi66-D4cJ7VWXGL0kyrbEs16vFThLrWnY_Q65OBRHB-Bk8U04FmkqzpGwTVyr29ZXu57yQ9BodB_T8o01vICt5vdfVCaZnrfeqk4YbypwwQhqtjfL1QJYTM0mdJrmmMykM6IFvaUxr=w397-h298-k-no""},{""title"":""Videos"",""image"":""https://lh3.googleusercontent.com/gps-cs-s/AHRPTWnN5RaezplTjL5PQL9C8SVQWwzTDDxdbMjIhCftZ1AQOzcGQ8jtpGrdA3ZUVLsoyxuLVlc8rUzNUNEpnQVCWFor7nUW_r3FZDDHzn-lVVgA2iG4xjxzJt1WTzyt9wi1lxS5F0E9s06RbXmu=w224-h398-k-no""},{""title"":""Food \u0026 drink"",""image"":""https://lh3.googleusercontent.com/gps-cs-s/AHRPTWkf30sLj_UDoZTPoNtkydygMi-Fct5-CkqPYdcWjD0O2Rm85nf6jHEijkaK_UjYDKckrSJpG5Y7o7SXrawcq70_y1_xaLZoZj8oQEZAkDGUBtK7C6zk6OEqz59OlgEa3inbEUgP=w397-h298-k-no""},{""title"":""Vibe"",""image"":""https://lh3.googleusercontent.com/gps-cs-s/AHRPTWkryLdxzthtNJDMSVyM4PDzXtJ61qHhKSLQf-8bwHSYy21UhQmVGzNEja_l_9smtLEhsMn8vY9gYR8cnCHHlIhX7tFi6M_RFYdwVVwuXJaHoAplGJsTDAVOLVuIn2hqqHb0bryU=w529-h298-k-no""},{""title"":""Iced coffee"",""image"":""https://lh3.googleusercontent.com/gps-cs-s/AHRPTWm1B692Ww3HIrO6eWXx4uk0fK0Yaz3V95RAFi_-r415SF1nWxcwWa3lSUCVqjWlS0vND8uvfeyUXQoxWtaHFgQvYA9eGEITfiYXZEXvoLeQfeBAqVSNULcTJ1hrro0mWgLAtz107VzdeCw=w224-h298-k-no""},{""title"":""Coffee"",""image"":""https://lh3.googleusercontent.com/gps-cs-s/AHRPTWn3r_27_fhqnMagVCzgRHh1RwIr-vXOaa6MZSgLjt7dhXt2_J5d79dnSGnVUW8ABjqD-DOZmD5ZGVMxC0ehk6Pj8jLHiY4mBkDZpwvi_Q_PGeAYNtA7VNVBS5T_sjxRw-IPF7svV_RCANmE=w397-h298-k-no""},{""title"":""Espresso"",""image"":""https://lh3.googleusercontent.com/gps-cs-s/AHRPTWmkkfQYfZKrVMWOaf8QAINwkm2WgaB0koazlfjkj220Oi_ApYv_L9d_VbBRhXoZJYbDTimlpJZbCInIqLhYUKEH9iQMulJGZL3oHbRtsbcwoYS6ZKE_HW93pFgRiT00AGK4qBGvIVQecQhC=w298-h298-k-no""},{""title"":""Latte"",""image"":""https://lh3.googleusercontent.com/gps-cs-s/AHRPTWmHvkfgEJKIfUvdIgj7bJtiLuBn4kHZBAK3JL6-drDWC0SVpGW4yytqGpkYFAitdq-D0LW2yGiz9JdE5phm76yJ1Or7WD2cwkCv_SftCQfXR9H6s4_lue4pacOEhv-AD9I0huiBh_ecqpY=w529-h298-k-no""},{""title"":""Caesar salad"",""image"":""https://lh3.googleusercontent.com/gps-cs-s/AHRPTWlpVpmwnGbDBTM1xPcOSYmpxBJgfW7Y6l1cQ7IboSm2hv4nhBsSKJdAZTHMcArlbvThdaOBTxkrteerPu7ZCcFyCImURYK4uNPfs-9zQNoZYmDKZptm7eQWUYZ5-hJrBZOGJ2fn_RQqIANl=w224-h415-k-no""},{""title"":""Cold brew coffee"",""image"":""https://lh3.googleusercontent.com/gps-cs-s/AHRPTWnvkun-DQ6rZ5tHgcMWsNanyFg2a4rHWVk77LwrJx41PsNgeAVheEJCmFG74uiH4Y55AOt5PgPeZLNfvH0dvPV-QmAn3rTaeldy_IcmO3AHQ5hdIrrnv3aG8RanXFBmax7QyowXuBYAkhhJ=w224-h298-k-no""},{""title"":""Street View \u0026 360°"",""image"":""https://streetviewpixels-pa.googleapis.com/v1/thumbnail?panoid=mGuo3TsU3S8ZWOBYQ1PVBA\u0026cb_client=maps_sv.tactile.gps\u0026w=224\u0026h=298\u0026yaw=157.04745\u0026pitch=0\u0026thumbfov=100""}]","{""link"":"""",""source"":""""}"
e361a6c5-40af-4a0e-bcd7-bec02f397dd6,https://www.google.com/maps/place/Pelataran+Coffee/data=!4m7!3m6!1s0x2de4218778a54f05:0x9c381e1df555711b!8m2!3d-3.3431366!4d114.6164046!16s%2Fg%2F11gh95b27v!19sChIJBU-leIch5C0RG3FV9R0eOJw?authuser=0&hl=en&g_ep=EgoyMDI2MDkwMi4wIJJjKgBIAVAD&rclk=1,Pelataran Coffee,Cafe,"MJ48+PHR Pelataran Coffee, Jl. Stadion Lambung Mangkurat 3, Pemurus Baru, Kec. Banjarmasin Sel., Kota Banjarmasin, Kalimantan Selatan 70236","{""Friday"":[""12.00–9.00 pm""],""Monday"":[""12.00–9.00 pm""],""Saturday"":[""12.00–9.00 pm""],""Sunday"":[""12.00–9.00 pm""],""Thursday"":[""Closed""],""Tuesday"":[""12.00–9.00 pm""],""Wednesday"":[""12.00–9.00 pm""]}",{},249,4.8,"{""1"":0,""2"":0,""3"":7,""4"":36,""5"":206}",-3.343137,114.616405,11256780382631457051,0x2de4218778a54f05:0x9c381e1df555711b,ChIJBU-leIch5C0RG3FV9R0eOJw,"[{""title"":""All"",""image"":""https://lh3.googleusercontent.com/gps-cs-s/AHRPTWnOuO8yj9OcaVMTGiBLPPrKMhqk00e6tg79wFbrKitHexolp7Ask9JTAQs40H3QWpvvdrzmIg0FjeEMzXaIMjWbfWfJVAd2qC-FD6U-Vk8GRy7L_BC0Z8UIZdsLLunsfV4sFpM9=w397-h298-k-no""},{""title"":""Menu"",""image"":""https://lh3.googleusercontent.com/gps-cs-s/AHRPTWl6YAI9i5xFItHcVsKkRt2nfLegyNN5Hyh_r84adqpgonm1IEKgn-aaDsYEbmiIWpvM4PUAZKfxtYqbZ5YZzBdIWGwTRVrudJSrLKr6Ypwat1TzIpliAbzkOgF8OWed8S1YWlPw9A=w224-h298-k-no""},{""title"":""Videos"",""image"":""https://lh3.googleusercontent.com/gps-cs-s/AHRPTWn-rNjSEHz0IPrcImFeXeMWXbznqcItMohbg7kV0Rra5wf-qjq82Bgpkp6-_ZAJoBqaogjw2iL_ieqnCAg6OEaXBlK4vfUX81L4ZdnEofHoVI7alDCwydwgdN1dTp5ngBO9LPaFHg=w224-h398-k-no""},{""title"":""Food \u0026 drink"",""image"":""https://lh3.googleusercontent.com/gps-cs-s/AHRPTWnm4-45xQt2tH4JTveMbi3S4JvaVvnsmqKtKEBFcaX3tB4peDqHduRvvdp8k5lc7Qf-avHNeIZGLhq2mq824QYQ055Gfj3bFRQ7nTes_NdvreUwtdm9QHyVgFAqo_rhmg=w224-h299-k-no""},{""title"":""Vibe"",""image"":""https://lh3.googleusercontent.com/gps-cs-s/AHRPTWneTL-EYvJLum9UgWlPkHWIH-8YlNlFSrnSrrxtlt2l24os0kAw8z4qW3HIpRRGhT3ap7NdbYNuniDPVP8HC6OkOAHZslJsWOiLD92Bv-Mav1e3dve6lEOgwat-PSnA96SCgP2-rA=w397-h298-k-no""},{""title"":""Cortado"",""image"":""https://lh3.googleusercontent.com/gps-cs-s/AHRPTWm3tD-8e92Sl4i7zGIn5q47sHeNH85N-6wnxmeZCwy-H6VNNHj3yla5MXvS5YZSEnZeA_EmgEBMhgdb3wC24NSSD5DlSwmVEwXjZe9LG27BCYujkzjIC6sp9Xexms8t2vO6EFY=w529-h298-k-no""},{""title"":""Iced coffee"",""image"":""https://lh3.googleusercontent.com/gps-cs-s/AHRPTWmf7iDvnvwwDull4MXW61-IzjBEldVnw1QMTIM_mbEEtUmb6GovVQGbcamQxhDBh-DOVaLwq6WRfaSI-DSMap6AwgiwSSfcy6hb8y8CPFPdF5wma7bAkmnzoOaV3Tb8G98E-vMfxQ=w224-h298-k-no""},{""title"":""Coffee"",""image"":""https://lh3.googleusercontent.com/gps-cs-s/AHRPTWn4vC_D1juOC9xQNFNjosPgwc673ewY66oWSDsIuzVWnYq79Q6YL2LEVTKCKTUBeiKZKpE9lYfv44mboEvVci5RsQchHiwKXifX4ycwJ9fnTFw-ditemLao_otsDDnCZutOY8RZ=w398-h298-k-no""},{""title"":""Street View \u0026 360°"",""image"":""https://streetviewpixels-pa.googleapis.com/v1/thumbnail?panoid=XAK_kwJS3ke5nrsJ2Rpa3g\u0026cb_client=maps_sv.tactile.gps\u0026w=224\u0026h=298\u0026yaw=192.80956\u0026pitch=0\u0026thumbfov=100""}]","{""link"":"""",""source"":""""}"
e361a6c5-40af-4a0e-bcd7-bec02f397dd6,https://www.google.com/maps/place/SEASONS+Cafe/data=!4m7!3m6!1s0x2de423b8d23709b1:0xa636d84f0d7de4aa!8m2!3d-3.3106938!4d114.5893111!16s%2Fg%2F11gdyztx0x!19sChIJsQk30rgj5C0RquR9DU_YNqY?authuser=0&hl=en&g_ep=EgoyMDI2MDkwMi4wIJJjKgBIAVAD&rclk=1,SEASONS Cafe,Cafe,"Jalan Mayjen S. Parman, Belitung Selatan, Banjarmasin Tengah, Ps. Lama, Kec. Banjarmasin Tengah, Kota Banjarmasin, Kalimantan Selatan 70115","{""Friday"":[""3.30–11.00 pm""],""Monday"":[""3.30–11.00 pm""],""Saturday"":[""3.30–11.00 pm""],""Sunday"":[""3.30–11.00 pm""],""Thursday"":[""3.30–11.00 pm""],""Tuesday"":[""3.30–11.00 pm""],""Wednesday"":[""3.30–11.00 pm""]}","{""Friday"":{""10"":0,""11"":0,""12"":0,""13"":0,""14"":0,""15"":25,""16"":35,""17"":46,""18"":46,""19"":48,""20"":51,""21"":62,""22"":72,""23"":0,""6"":0,""7"":0,""8"":0,""9"":0},""Monday"":{""10"":0,""11"":0,""12"":0,""13"":0,""14"":0,""15"":46,""16"":68,""17"":92,""18"":100,""19"":87,""20"":64,""21"":50,""22"":46,""23"":0,""6"":0,""7"":0,""8"":0,""9"":0},""Saturday"":{""10"":0,""11"":0,""12"":0,""13"":0,""14"":0,""15"":22,""16"":42,""17"":61,""18"":72,""19"":72,""20"":81,""21"":83,""22"":88,""23"":0,""6"":0,""7"":0,""8"":0,""9"":0},""Sunday"":{""10"":0,""11"":0,""12"":0,""13"":0,""14"":0,""15"":18,""16"":22,""17"":31,""18"":33,""19"":44,""20"":62,""21"":72,""22"":64,""23"":0,""6"":0,""7"":0,""8"":0,""9"":0},""Thursday"":{""10"":0,""11"":0,""12"":0,""13"":0,""14"":0,""15"":20,""16"":35,""17"":48,""18"":59,""19"":59,""20"":62,""21"":61,""22"":46,""23"":0,""6"":0,""7"":0,""8"":0,""9"":0},""Tuesday"":{""10"":0,""11"":0,""12"":0,""13"":0,""14"":0,""15"":29,""16"":46,""17"":59,""18"":59,""19"":61,""20"":61,""21"":61,""22"":53,""23"":0,""6"":0,""7"":0,""8"":0,""9"":0},""Wednesday"":{""10"":0,""11"":0,""12"":0,""13"":0,""14"":0,""15"":33,""16"":53,""17"":77,""18"":70,""19"":53,""20"":46,""21"":51,""22"":57,""23"":0,""6"":0,""7"":0,""8"":0,""9"":0}}",291,4.2,"{""1"":15,""2"":9,""3"":38,""4"":79,""5"":150}",-3.310694,114.589311,11976998093078783146,0x2de423b8d23709b1:0xa636d84f0d7de4aa,ChIJsQk30rgj5C0RquR9DU_YNqY,"[{""title"":""All"",""image"":""https://lh3.googleusercontent.com/gps-cs-s/AHRPTWn3Xq5pUyRL2w-J3v-7kVJKDZudk88CCPo-DSs4nAXZSRVpIckE7BBqMBZw0y15tYwUwEmm7gwSkP6delaP512ukVTugyyIGXGmrwZqPIEF2my_tOGQX-_Ykr-Ftp1st4bNcBrU=w397-h298-k-no""},{""title"":""Menu"",""image"":""https://lh3.googleusercontent.com/gps-cs-s/AHRPTWn1lRUKtX2Q5bNY5CuS35S_aAGWs669b79Q-VA21H9VTbDwCLRm_oDNdZXAP7sh6UQaU3ULPXST7Bd9h3C6YBN6RRh8q78_96MCsdyZVI-SVl3YTRDgjKaCnZJ_WcZeINxtME6V0w=w298-h298-k-no""},{""title"":""Videos"",""image"":""https://lh3.googleusercontent.com/gps-cs-s/AHRPTWm2AeT9K5KQw9iWEC1G__GfJR566PhIx5xDKyE0s37VglAeXOH_QnNPnVFDW7g6uqyhAL7TDYetOQ9sbICPW1ikID3fIHeNP8SloDOqnNfNL5bvjqa9WjSCcK4oEnEiW7ypPUSdvA=w529-h298-k-no""},{""title"":""Food \u0026 drink"",""image"":""https://lh3.googleusercontent.com/gps-cs-s/AHRPTWk3wLkTpEqGo8koisU-UxdudZSf218lvlnqHa7bHVSRd3DijhdI8LQND7mT9cvOeyVrqVPM049ESzRF-VN1u-ajU6V7O9HwSr_A7jk0SWx5fN_5lWqj4rAdsO1FEi76LAiLl8xhIw=w529-h298-k-no""},{""title"":""Vibe"",""image"":""https://lh3.googleusercontent.com/gps-cs-s/AHRPTWmTFulFGLY3GEdRB6kdg4K3_W4-6gfPPae5BEWDXjykkrx_MVxHGuk-ViClyOQrgbEBqrvmspsCsrcjE6-Ug0BwF3k_OBvHTnBZn7ZkrODuPlXb5iTE9lWfcXDZihNz0zWsZjA=w397-h298-k-no""},{""title"":""Sambal"",""image"":""https://lh3.googleusercontent.com/gps-cs-s/AHRPTWkJEgy2zFwyTtBj8mMEkvA6W9UK-UzD9T2amhdTzB_VDVfYhuRtT1ov7q15dxyNRff_4Hxrv5fNnpBMhikr9YmAgXMGwbuXlkq0Jad2yQHrUhT_LfsdRvxZ2V8AQ3-vlG6Af4h3zw=w529-h298-k-no""},{""title"":""Mojito"",""image"":""https://lh3.googleusercontent.com/gps-cs-s/AHRPTWmTYE-oqvg4vDDNsMJOO5TqCMAXHf4qhXnU_JjeZOPK8AyxeW5Ay_dtjqQrcsTbUIlJv41LB1m3FkPxJA4B9T4MKhYysdzGxlDpGTB1qO3F08AfXpQ2CIFPJQ-ITNakLbCFKidY=w224-h298-k-no""},{""title"":""By owner"",""image"":""https://lh3.googleusercontent.com/gps-cs-s/AHRPTWmnyO9rLEaoYos4lbvu5S0etdoIWa5eYUSKmYYcbOvGBmnwTEvu6MRMYhsZjqj-kqMcBgav-opk9iJAUiyOnU4xbxHEhF43avHbcJ2-qQhR4_pF2tBhty2fXjEyh78Pvwn4gHj_IQ=w397-h298-k-no""},{""title"":""Street View \u0026 360°"",""image"":""https://streetviewpixels-pa.googleapis.com/v1/thumbnail?panoid=aKEIK-yzc3kqGV9lVfGrkg\u0026cb_client=maps_sv.tactile.gps\u0026w=224\u0026h=298\u0026yaw=64.24656\u0026pitch=0\u0026thumbfov=100""}]","{""link"":""/url?q=https://www.instagram.com/seasons_bjm/\u0026opi=79508299\u0026sa=U\u0026ved=0ahUKEwjbkcS7wtyWAxW0R2wGHWzSC7MQqRkIJCgT\u0026usg=AOvVaw1KvhAl0FQENaQpr6e59Ikg"",""source"":""instagram.com""}"
e361a6c5-40af-4a0e-bcd7-bec02f397dd6,https://www.google.com/maps/place/The+Garden+Coffee/data=!4m7!3m6!1s0x2de423d337fd23cb:0x70680e09646fbe21!8m2!3d-3.3144345!4d114.5820281!16s%2Fg%2F11h7fv0w07!19sChIJyyP9N9Mj5C0RIb5vZAkOaHA?authuser=0&hl=en&g_ep=EgoyMDI2MDkwMi4wIJJjKgBIAVAD&rclk=1,The Garden Coffee,Coffee shop,"Jl. Batu Benawa V No.61, Teluk Dalam, Banjarmasin Tengah, Banjarmasin City, South Kalimantan 70117","{""Friday"":[""10.00 am–12.00 am""],""Monday"":[""10.00 am–12.00 am""],""Saturday"":[""10.00 am–12.00 am""],""Sunday"":[""10.00 am–12.00 am""],""Thursday"":[""10.00 am–12.00 am""],""Tuesday"":[""10.00 am–12.00 am""],""Wednesday"":[""10.00 am–12.00 am""]}","{""Friday"":{""10"":38,""11"":38,""12"":29,""13"":25,""14"":16,""15"":22,""16"":32,""17"":51,""18"":67,""19"":70,""20"":70,""21"":48,""22"":38,""23"":32,""6"":0,""7"":0,""8"":0,""9"":0},""Monday"":{""10"":22,""11"":16,""12"":25,""13"":38,""14"":58,""15"":58,""16"":64,""17"":61,""18"":64,""19"":61,""20"":64,""21"":67,""22"":51,""23"":48,""6"":0,""7"":0,""8"":0,""9"":0},""Saturday"":{""10"":54,""11"":61,""12"":64,""13"":41,""14"":32,""15"":29,""16"":41,""17"":58,""18"":48,""19"":54,""20"":54,""21"":64,""22"":67,""23"":58,""6"":0,""7"":0,""8"":0,""9"":0},""Sunday"":{""10"":35,""11"":29,""12"":32,""13"":48,""14"":58,""15"":51,""16"":67,""17"":67,""18"":74,""19"":64,""20"":58,""21"":48,""22"":38,""23"":35,""6"":0,""7"":0,""8"":0,""9"":0},""Thursday"":{""10"":35,""11"":38,""12"":54,""13"":54,""14"":51,""15"":61,""16"":61,""17"":51,""18"":45,""19"":41,""20"":58,""21"":58,""22"":67,""23"":67,""6"":0,""7"":0,""8"":0,""9"":0},""Tuesday"":{""10"":22,""11"":19,""12"":16,""13"":12,""14"":16,""15"":22,""16"":29,""17"":35,""18"":38,""19"":48,""20"":61,""21"":87,""22"":100,""23"":87,""6"":0,""7"":0,""8"":0,""9"":0},""Wednesday"":{""10"":22,""11"":19,""12"":22,""13"":41,""14"":41,""15"":45,""16"":48,""17"":64,""18"":61,""19"":58,""20"":38,""21"":38,""22"":48,""23"":58,""6"":0,""7"":0,""8"":0,""9"":0}}",34,4.9,"{""1"":0,""2"":0,""3"":0,""4"":4,""5"":30}",-3.314434,114.582028,8099739363328376353,0x2de423d337fd23cb:0x70680e09646fbe21,ChIJyyP9N9Mj5C0RIb5vZAkOaHA,"[{""title"":""All"",""image"":""https://lh3.googleusercontent.com/gps-cs-s/AHRPTWnTBzld2FFo7V6zVVLNISPkUT1bPKEuOcKnit7qEd5MjdNEz2aTz06Ahm7gqTML9H-JYo6z36zpXWXPT4OlWqGA85UIZAVVY2x1CEv3NuxTPvi6fKodlvWJ2eYd7uYDzhiZhJRaTw=w528-h298-k-no""},{""title"":""Food \u0026 drink"",""image"":""https://lh3.googleusercontent.com/gps-cs-s/AHRPTWk6CgXQta-Yihq8rh0UkFsvpEmmMncoBmAmPVZAOIpJR8tbRWNHYAwDetuPh0f0AWQjVnLYLz9ObbQS53nhDFFD6GNPiOzRCZxyMMFg1hyizpgOQKJKJHfCiEAso5twGlHzGX4x=w224-h298-k-no""},{""title"":""Vibe"",""image"":""https://lh3.googleusercontent.com/gps-cs-s/AHRPTWl6bu_rDHnZe4lEQyAhGjkQHe7itmy7-pHooLNYzy_2v85oc9TjmC1NsiOFKaQVg_EEmeDhHp62eH8bOTtt3gHqbXutpmZ4InLFPjfX3oHURd_j3UoO2WPt2uNGo5kYSg8afr7Mxg=w529-h298-k-no""},{""title"":""Coffee"",""image"":""https://lh3.googleusercontent.com/gps-cs-s/AHRPTWnFwYDDfQGX2HxtaCodNM7x9W9DkbzPQCeWeoUda70Wc_W48grzo-lqstALfnylWaOccVk9bCJ9uvr0ZP6Gxb2t3Mxg6jSesBtdGjS_SmhAb8_d75BFSOoig7lel73Ei5n9OGPV=w224-h355-k-no""},{""title"":""Latte"",""image"":""https://lh3.googleusercontent.com/gps-cs-s/AHRPTWmCuGHHwgn3BTaE3ElB3KIWEs57IZbhgv68lpDLGZg0LFMdcBuCrcT3ZU7h2XbUJETMMAWNyKURaNr2N3f9hVh6MMCI6amqADJtqgAxQPMtwpgZD3t1yXcLk19O4T-7KYZQPcqV=w648-h298-k-no""},{""title"":""By owner"",""image"":""https://lh3.googleusercontent.com/gps-cs-s/AHRPTWnnpIdSh2McLy2mNaXWdXmtFlCcw1_GWcnlMIF06prD040WOOdzhBNSthatT5oH2sZ0t3m-HkVmEZ58IeUdSv8VmfiOMg8gMNk0gRlBnC3TQA_Zx2QKfcpUutMmAMxmpQOWTposLQ=w224-h298-k-no""},{""title"":""Street View \u0026 360°"",""image"":""https://streetviewpixels-pa.googleapis.com/v1/thumbnail?panoid=QtIaiz-Brw52ImK0aTTRyQ\u0026cb_client=maps_sv.tactile.gps\u0026w=224\u0026h=298\u0026yaw=200.83603\u0026pitch=0\u0026thumbfov=100""}]","{""link"":""/url?q=http://gofood.link/a/z6TNRHA\u0026opi=79508299\u0026sa=U\u0026ved=0ahUKEwiunpa-wtyWAxVnUGcHHY00KDIQqRkIJSgU\u0026usg=AOvVaw07BGdG472AWGOg7LQjjvLv"",""source"":""gofood.link""}"
e361a6c5-40af-4a0e-bcd7-bec02f397dd6,https://www.google.com/maps/place/ToWhere+Cafe/data=!4m7!3m6!1s0x2de42352c269b5e5:0x8609d0d5cbea36cd!8m2!3d-3.3210716!4d114.5798493!16s%2Fg%2F11h88g7yj6!19sChIJ5bVpwlIj5C0RzTbqy9XQCYY?authuser=0&hl=en&g_ep=EgoyMDI2MDkwMi4wIJJjKgBIAVAD&rclk=1,ToWhere Cafe,Cafe,"Jl. Mayjen Sutoyo S No.151a, Tlk. Dalam, Kec. Banjarmasin Tengah, Kota Banjarmasin, Kalimantan Selatan 70116","{""Friday"":[""7.00 am–12.00 pm"",""1.00–11.30 pm""],""Monday"":[""7.00 am–10.30 pm""],""Saturday"":[""7.00 am–11.30 pm""],""Sunday"":[""7.00 am–11.30 pm""],""Thursday"":[""7.00 am–10.30 pm""],""Tuesday"":[""7.00 am–10.30 pm""],""Wednesday"":[""7.00 am–10.30 pm""]}","{""Friday"":{""10"":33,""11"":21,""12"":0,""13"":24,""14"":29,""15"":37,""16"":34,""17"":44,""18"":52,""19"":60,""20"":66,""21"":62,""22"":52,""23"":34,""6"":0,""7"":33,""8"":48,""9"":48},""Monday"":{""10"":30,""11"":22,""12"":22,""13"":26,""14"":28,""15"":29,""16"":30,""17"":38,""18"":52,""19"":74,""20"":89,""21"":88,""22"":58,""23"":0,""6"":0,""7"":50,""8"":56,""9"":48},""Saturday"":{""10"":32,""11"":28,""12"":21,""13"":24,""14"":16,""15"":16,""16"":18,""17"":24,""18"":30,""19"":40,""20"":62,""21"":84,""22"":100,""23"":84,""6"":0,""7"":46,""8"":53,""9"":48},""Sunday"":{""10"":28,""11"":18,""12"":16,""13"":20,""14"":18,""15"":25,""16"":24,""17"":28,""18"":32,""19"":38,""20"":50,""21"":45,""22"":40,""23"":26,""6"":0,""7"":44,""8"":50,""9"":41},""Thursday"":{""10"":33,""11"":30,""12"":29,""13"":24,""14"":21,""15"":25,""16"":33,""17"":38,""18"":49,""19"":53,""20"":66,""21"":68,""22"":56,""23"":0,""6"":0,""7"":49,""8"":53,""9"":46},""Tuesday"":{""10"":36,""11"":22,""12"":24,""13"":29,""14"":26,""15"":28,""16"":28,""17"":41,""18"":41,""19"":49,""20"":52,""21"":49,""22"":37,""23"":0,""6"":0,""7"":45,""8"":61,""9"":56},""Wednesday"":{""10"":33,""11"":24,""12"":17,""13"":16,""14"":16,""15"":20,""16"":26,""17"":36,""18"":52,""19"":72,""20"":81,""21"":72,""22"":48,""23"":0,""6"":0,""7"":61,""8"":68,""9"":57}}",111,4.5,"{""1"":2,""2"":0,""3"":12,""4"":19,""5"":78}",-3.321072,114.579849,9658480492540475085,0x2de42352c269b5e5:0x8609d0d5cbea36cd,ChIJ5bVpwlIj5C0RzTbqy9XQCYY,"[{""title"":""All"",""image"":""https://lh3.googleusercontent.com/gps-cs-s/AHRPTWmB7QWhaCVgAoxUlBdwfmODCiVg0vi26NgJiBdSHdVxSZLNI1gT7guH1qld5MQakCMdvVdu-Wn7O4BOZS_laP8YlEt8Q0yBOP0hmCBwXOXLzqufCmAkGzwxp9TzfworWfTXLjlB=w529-h298-k-no""},{""title"":""Menu"",""image"":""https://lh3.googleusercontent.com/gps-cs-s/AHRPTWmGO3-kvnpJPTatbiTC7h3CQ8HuNZyBt3io22AWigp4e0mszxwFjRlQgEZgW12xtu5DztarqJZbfVIEPGwEDf8LQJwKbCwfc3Gd0MQ7KDDRPhzhKdpz8egXgYGZ5tj9brQqNgnT=w224-h298-k-no""},{""title"":""Videos"",""image"":""https://lh3.googleusercontent.com/gps-cs-s/AHRPTWn2boRQMp29M8ICJ8Jw9SAzGIEPLj2pWGMEWAV6tZVAnj24YSm5fwUHFzoV-Yvg7OGYR_vd97yn0Ulu4vgo_52HqtXUMUeIpqXJV5pIvJ55Q-4nrAG3r6LDAM1mOLx9RGtETRg7RA=w529-h298-k-no""},{""title"":""Food \u0026 drink"",""image"":""https://lh3.googleusercontent.com/gps-cs-s/AHRPTWlhtjNy2sU0vW4IMlksJBJkKwYhd9FQbuBTETsfFr3f2JGWbjPi1upMk87ZzFPmAVSDSy6wCqAliQXHfCoF8yJRrqgF7buMIx5wnp8OO6hc-DLOkYQDY8z4fZdPfD7q9tx-0zRDSg=w224-h398-k-no""},{""title"":""Vibe"",""image"":""https://lh3.googleusercontent.com/gps-cs-s/AHRPTWkbHqnIZAPGdyOK16ECxO73u9ETDmaYBAboogbgRjVomIULdGlO6c6-o7zvb7mkd6rf8GDRfy7wjHC_4lpgEpLRB_WwJ7bSTz5uF4JudNTHpkKrmSMjvYWTr-6KF4HxNnRnedBaRw=w397-h298-k-no""},{""title"":""Coffee"",""image"":""https://lh3.googleusercontent.com/gps-cs-s/AHRPTWnnKvLb-es3-JMi7Aq8lvw-4T9bpeP57-QozFyeM1mk7f-GRj-NFFWDlOowDuPfT9c93z_GNX4sb8a3y2wxQ6h_cqvROyR18gDO30e8V83C61ORcx0OntWUWcwFwwgk7UEEjSay=w397-h298-k-no""},{""title"":""Street View \u0026 360°"",""image"":""https://streetviewpixels-pa.googleapis.com/v1/thumbnail?panoid=Pd-H_zAIOKzl_2VxOQQhMw\u0026cb_client=maps_sv.tactile.gps\u0026w=224\u0026h=298\u0026yaw=7.9571896\u0026pitch=0\u0026thumbfov=100""}]","{""link"":"""",""source"":""""}"
e361a6c5-40af-4a0e-bcd7-bec02f397dd6,https://www.google.com/maps/place/Tempat+duduk/data=!4m7!3m6!1s0x2de4237cf8637747:0x4d88d78e8ec986a!8m2!3d-3.2881632!4d114.5861199!16s%2Fg%2F11k7db4kkn!19sChIJR3dj-Hwj5C0Rapjs6HiN2AQ?authuser=0&hl=en&g_ep=EgoyMDI2MDkwMi4wIJJjKgBIAVAD&rclk=1,Tempat duduk,Coffee shop,"Jl. Perdagangan No.5, Pangeran, Kec. Banjarmasin Utara, Kota Banjarmasin, Kalimantan Selatan 70123","{""Friday"":[""11.00 am–10.00 pm""],""Monday"":[""11.00 am–10.00 pm""],""Saturday"":[""11.00 am–10.00 pm""],""Sunday"":[""11.00 am–10.00 pm""],""Thursday"":[""11.00 am–10.00 pm""],""Tuesday"":[""11.00 am–10.00 pm""],""Wednesday"":[""11.00 am–10.00 pm""]}","{""Friday"":{""10"":0,""11"":60,""12"":66,""13"":60,""14"":53,""15"":60,""16"":73,""17"":86,""18"":86,""19"":53,""20"":33,""21"":40,""22"":0,""23"":0,""6"":0,""7"":0,""8"":0,""9"":0},""Monday"":{""10"":0,""11"":53,""12"":80,""13"":66,""14"":53,""15"":53,""16"":53,""17"":80,""18"":93,""19"":100,""20"":100,""21"":86,""22"":0,""23"":0,""6"":0,""7"":0,""8"":0,""9"":0},""Saturday"":{""10"":0,""11"":80,""12"":73,""13"":66,""14"":73,""15"":53,""16"":66,""17"":66,""18"":73,""19"":53,""20"":66,""21"":93,""22"":0,""23"":0,""6"":0,""7"":0,""8"":0,""9"":0},""Sunday"":{""10"":0,""11"":60,""12"":40,""13"":46,""14"":40,""15"":66,""16"":66,""17"":60,""18"":53,""19"":60,""20"":73,""21"":66,""22"":0,""23"":0,""6"":0,""7"":0,""8"":0,""9"":0},""Thursday"":{""10"":0,""11"":40,""12"":40,""13"":46,""14"":40,""15"":33,""16"":26,""17"":33,""18"":40,""19"":40,""20"":46,""21"":53,""22"":0,""23"":0,""6"":0,""7"":0,""8"":0,""9"":0},""Tuesday"":{""10"":0,""11"":46,""12"":40,""13"":33,""14"":60,""15"":66,""16"":80,""17"":53,""18"":53,""19"":40,""20"":40,""21"":40,""22"":0,""23"":0,""6"":0,""7"":0,""8"":0,""9"":0},""Wednesday"":{""10"":0,""11"":26,""12"":20,""13"":13,""14"":33,""15"":40,""16"":53,""17"":40,""18"":26,""19"":13,""20"":13,""21"":20,""22"":0,""23"":0,""6"":0,""7"":0,""8"":0,""9"":0}}",26,4.6,"{""1"":1,""2"":0,""3"":2,""4"":3,""5"":20}",-3.288163,114.58612,349184521564625002,0x2de4237cf8637747:0x4d88d78e8ec986a,ChIJR3dj-Hwj5C0Rapjs6HiN2AQ,"[{""title"":""All"",""image"":""https://lh3.googleusercontent.com/gps-cs-s/AHRPTWkm0ORvn_4g5RPmUUCYZEpG1s1Nl-nK-IxPjrmWvr3_RXdzQ2esW0fnnTWWDXIU5Wcwao0KhpS29kehNlh4BPKLliMyQ4I7xSeHiTfPyh-0LLD2Ke7bhl-1wKHpuVjPKsnBZzjH2A=w224-h298-k-no""},{""title"":""Food \u0026 drink"",""image"":""https://lh3.googleusercontent.com/gps-cs-s/AHRPTWn1Zlot0xWib482dIBS7uCbeDfHGuCAHCtYfboWlTPbBISO-vQx2Gfrp1xriRsjiPFlo6wpxO6b-2UD0eR41f9ZLqT9ARPiFumo5eDLfAeTPN2cg3_hDpw_NKZA7DhRPcEZ3xc=w224-h395-k-no""},{""title"":""Coffee"",""image"":""https://lh3.googleusercontent.com/gps-cs-s/AHRPTWnWIkLXkuVZHNbrDYl-ecSDNCttXJ6okAzt4PxI4a-SaZu6QzXop-JvwdVTYgXKP9Zm4Dk242H2AltUWk01DwqAIGBuREv7fhSApP8Wl0F-bhC-zAp08G_L-3G8JzM8yHnxLaRb=w224-h389-k-no""},{""title"":""By owner"",""image"":""https://lh3.googleusercontent.com/gps-cs-s/AHRPTWlwoJZp0Vw00rk584t1rgWYaOEnhZGw5313_jG4wIw5F_ddbx2hDpGFyKgwLqp1v_MEDQBGEt7FbScJRz48aqK3fTPUEKl0EJZXHBHw8rP2cBpXlIoGXbxa6mlkFhRo9_a6uN4W=w224-h395-k-no""},{""title"":""Street View \u0026 360°"",""image"":""https://streetviewpixels-pa.googleapis.com/v1/thumbnail?panoid=ICJ0AvZK4DRCR8BrbVXvNg\u0026cb_client=maps_sv.tactile.gps\u0026w=224\u0026h=298\u0026yaw=194.04405\u0026pitch=0\u0026thumbfov=100""}]","{""link"":"""",""source"":""""}"
e361a6c5-40af-4a0e-bcd7-bec02f397dd6,https://www.google.com/maps/place/Bingsoo+Gelato+Coffe+%26+Tea+Canvas/data=!4m7!3m6!1s0x2de423c506d1ed45:0xb6a02d3b1d5a8edf!8m2!3d-3.3189175!4d114.5863286!16s%2Fg%2F11c60gf_qg!19sChIJRe3RBsUj5C0R345aHTstoLY?authuser=0&hl=en&g_ep=EgoyMDI2MDkwMi4wIJJjKgBIAVAD&rclk=1,Bingsoo Gelato Coffe & Tea Canvas,Cafe,"Jl. Skip Lama No.7, RT.38, Teluk Dalam, Banjarmasin Tengah, Banjarmasin City, South Kalimantan 70231","{""Friday"":[""12.00–9.45 pm""],""Monday"":[""12.00–9.45 pm""],""Saturday"":[""12.00–9.45 pm""],""Sunday"":[""12.00–9.45 pm""],""Thursday"":[""12.00–9.45 pm""],""Tuesday"":[""12.00–9.45 pm""],""Wednesday"":[""12.00–9.45 pm""]}","{""Friday"":{""10"":0,""11"":0,""12"":16,""13"":23,""14"":29,""15"":34,""16"":38,""17"":47,""18"":59,""19"":74,""20"":79,""21"":66,""22"":0,""23"":0,""6"":0,""7"":0,""8"":0,""9"":0},""Monday"":{""10"":0,""11"":0,""12"":18,""13"":27,""14"":32,""15"":33,""16"":37,""17"":40,""18"":48,""19"":56,""20"":59,""21"":48,""22"":0,""23"":0,""6"":0,""7"":0,""8"":0,""9"":0},""Saturday"":{""10"":0,""11"":0,""12"":23,""13"":31,""14"":37,""15"":40,""16"":44,""17"":51,""18"":61,""19"":81,""20"":100,""21"":94,""22"":0,""23"":0,""6"":0,""7"":0,""8"":0,""9"":0},""Sunday"":{""10"":0,""11"":0,""12"":21,""13"":30,""14"":35,""15"":40,""16"":42,""17"":47,""18"":60,""19"":79,""20"":91,""21"":81,""22"":0,""23"":0,""6"":0,""7"":0,""8"":0,""9"":0},""Thursday"":{""10"":0,""11"":0,""12"":20,""13"":25,""14"":28,""15"":30,""16"":35,""17"":36,""18"":36,""19"":37,""20"":34,""21"":28,""22"":0,""23"":0,""6"":0,""7"":0,""8"":0,""9"":0},""Tuesday"":{""10"":0,""11"":0,""12"":20,""13"":27,""14"":28,""15"":30,""16"":35,""17"":44,""18"":55,""19"":68,""20"":75,""21"":62,""22"":0,""23"":0,""6"":0,""7"":0,""8"":0,""9"":0},""Wednesday"":{""10"":0,""11"":0,""12"":21,""13"":27,""14"":29,""15"":33,""16"":37,""17"":42,""18"":50,""19"":59,""20"":62,""21"":51,""22"":0,""23"":0,""6"":0,""7"":0,""8"":0,""9"":0}}",1115,4.4,"{""1"":40,""2"":6,""3"":85,""4"":267,""5"":717}",-3.318917,114.586329,13159567843095383775,0x2de423c506d1ed45:0xb6a02d3b1d5a8edf,ChIJRe3RBsUj5C0R345aHTstoLY,"[{""title"":""All"",""image"":""https://lh3.googleusercontent.com/gps-cs-s/AHRPTWm5vFCQ5lroIR_Aqn3c7dfF19BbQUj5WYnqXyJcy_ZYVw2fLHGjR882tXldzmySBS7yQsH50eCde1zroSScQRhN96-c5CT5CDZ-YEilkN8ok7Fm3drbm6JKL7GRzAr0eEu9YgI=w529-h298-k-no""},{""title"":""Latest"",""image"":""https://lh3.googleusercontent.com/gps-cs-s/AHRPTWnIlNq1KaAX_sMu4sqjrSpAOx89AUMsZNb_R8_LrSjMrvzKNAWPgbyLxwwR03kGGlisYVXtmV0WP-Rbs1HEtz8UqhmS8IzzSwmMZZeJBo8Ew5JBQEeYiQjmuegic3p-Sra1gXUJCjK-c9RI=w224-h398-k-no""},{""title"":""Videos"",""image"":""https://lh3.googleusercontent.com/gps-cs-s/AHRPTWmlojeal7Vdm9BYGg1q7-wtOebCht-dlvosRlS7S-cJFd9aSpbpcbLURG9TjltXHDinWO16e09e1cIpCg9WobA-azGCjF9muJUKevjR-iWu4QiOEAXi8E1Gz2YP0X4vDa4HqYVh=w224-h398-k-no""},{""title"":""Menu"",""image"":""https://lh3.googleusercontent.com/gps-cs-s/AHRPTWnXMVB6xKIZdqlwFGNkFZbSjBd9sovmPIyIObnSXFrnQcZASvFle3mNrRzdnB2Ns4NPAWBQ3ggW8uRDsJZF7aOxC2bxIKLt2ZjezCLLDcOdPQpbuCnOUkJY2-ksDgyVdzsuwcLcrWKkoKjm=w397-h298-k-no""},{""title"":""Food \u0026 drink"",""image"":""https://lh3.googleusercontent.com/gps-cs-s/AHRPTWmzdrnsB1lmwuEwTLrHVUn4aWFFz7oNI2w7HYoKhbSA7CLX-RGrT1hIzs2Wv4gia5gPKBfeox7aOsV2TPkoDlRzLOTc88msFxN1RFmN3UTPzyyMDfeOCJe_DEetmWXaFc7ltY0C=w613-h298-k-no""},{""title"":""Vibe"",""image"":""https://lh3.googleusercontent.com/gps-cs-s/AHRPTWncnHFOAUk7vWnNKwJ7LcOa3SOZnuyAd1qDorIYAzRXozLVC690fhhoZyUF1UGUKE5b3z7FNoLj7XbsLLcsO9lyO-2alyTKNFXyPGbjKymjzNPex3uEJNnchvlYuclNjbjmfXa-7A=w224-h398-k-no""},{""title"":""Lychee"",""image"":""https://lh3.googleusercontent.com/gps-cs-s/AHRPTWmGifA2VFjuk2qtloWfLV6HBm5skh9j10uDigwl7zd68Llm0IzsM54j94JshwICPqlMFGlGCvNvwWXU3RL3GhK0Kr7cPjtkJ_zWgrUfIKT7ECizYHQIyd8o7OgMJ8ooFogqq5Xh-g=w397-h298-k-no""},{""title"":""Gelato"",""image"":""https://lh3.googleusercontent.com/gps-cs-s/AHRPTWmND-8LdiJyqngOgee7dLWurnYQarQFN38RsIGB1y6JvI6vYjLESkodjwywc3za3k3ZS_Emlo3TPStLhp-dBqYVbZeJnkqvku8sWDFoOS8pTdvwdV94KvyAMiqZ7ppyNA3Y1Q=w248-h298-k-no""},{""title"":""Shaved ice"",""image"":""https://lh3.googleusercontent.com/gps-cs-s/AHRPTWk0CtzL16qUX3YjcaIrnOwwk7OAYHnfIwYXKsmCefp9lovNLfq2us6EIDq4MUx3rsEuIDw3a5L2R4l690D4vScaTptJCMEDlGjidpl-V-XF2AAFM8_aHeersar88oxeBuxmG8UweA=w396-h298-k-no""},{""title"":""Ice Cream"",""image"":""https://lh3.googleusercontent.com/gps-cs-s/AHRPTWlWmVUF2Y6lPZsSEvCjveBfeY9ZwIP-XIrTsT2AHOuFwJtDzrGfcWsH61xdmKqXRLauXULYBp8wA324rv-TtGaW1Vk9P3Ci-f1pUQiQ-nWYrqIkfisCBacT-OWtw0UY-WsqgfWo=w397-h298-k-no""},{""title"":""By owner"",""image"":""https://lh3.googleusercontent.com/gps-cs-s/AHRPTWns-EKWqGM0NZ38d0a34zvXlzvWORRehEf2GHhI7ckqcPvmaPrODrDkqJXDHlyPswlBFb7AcP13q8hU50rGHuLFOugSzQVZtf6RiXNjnAi1x-HtU7DTN5aQ-KBB0uc_HmzIHd5U=w298-h298-k-no""},{""title"":""Street View \u0026 360°"",""image"":""https://streetviewpixels-pa.googleapis.com/v1/thumbnail?panoid=0LDYcNKFAzNxZF7nIjJecg\u0026cb_client=maps_sv.tactile.gps\u0026w=224\u0026h=298\u0026yaw=266.02728\u0026pitch=0\u0026thumbfov=100""}]","{""link"":"""",""source"":""""}"
e361a6c5-40af-4a0e-bcd7-bec02f397dd6,https://www.google.com/maps/place/DJF+Coffee/data=!4m7!3m6!1s0x2de4234e03d33b0f:0x8987afe65b2ecf07!8m2!3d-3.3300746!4d114.5930671!16s%2Fg%2F11t2l9l0z4!19sChIJDzvTA04j5C0RB88uW-avh4k?authuser=0&hl=en&g_ep=EgoyMDI2MDkwMi4wIJJjKgBIAVAD&rclk=1,DJF Coffee,Coffee shop,"Jl. K. S. Tubun No.44, Kelayan Bar., Kec. Banjarmasin Sel., Kota Banjarmasin, Kalimantan Selatan 70234","{""Friday"":[""5.00–11.00 pm""],""Monday"":[""5.00–11.00 pm""],""Saturday"":[""5.00–11.30 pm""],""Sunday"":[""5.00–11.30 pm""],""Thursday"":[""5.00–11.00 pm""],""Tuesday"":[""5.00–11.00 pm""],""Wednesday"":[""5.00–11.00 pm""]}","{""Friday"":{""10"":0,""11"":0,""12"":0,""13"":0,""14"":0,""15"":0,""16"":0,""17"":50,""18"":62,""19"":72,""20"":78,""21"":78,""22"":58,""23"":0,""6"":0,""7"":0,""8"":0,""9"":0},""Monday"":{""10"":0,""11"":0,""12"":0,""13"":0,""14"":0,""15"":0,""16"":0,""17"":43,""18"":60,""19"":77,""20"":91,""21"":90,""22"":69,""23"":0,""6"":0,""7"":0,""8"":0,""9"":0},""Saturday"":{""10"":0,""11"":0,""12"":0,""13"":0,""14"":0,""15"":0,""16"":0,""17"":47,""18"":64,""19"":82,""20"":97,""21"":100,""22"":88,""23"":61,""6"":0,""7"":0,""8"":0,""9"":0},""Sunday"":{""10"":0,""11"":0,""12"":0,""13"":0,""14"":0,""15"":0,""16"":0,""17"":55,""18"":71,""19"":84,""20"":88,""21"":81,""22"":62,""23"":38,""6"":0,""7"":0,""8"":0,""9"":0},""Thursday"":{""10"":0,""11"":0,""12"":0,""13"":0,""14"":0,""15"":0,""16"":0,""17"":47,""18"":57,""19"":72,""20"":83,""21"":89,""22"":73,""23"":0,""6"":0,""7"":0,""8"":0,""9"":0},""Tuesday"":{""10"":0,""11"":0,""12"":0,""13"":0,""14"":0,""15"":0,""16"":0,""17"":45,""18"":61,""19"":75,""20"":85,""21"":83,""22"":67,""23"":0,""6"":0,""7"":0,""8"":0,""9"":0},""Wednesday"":{""10"":0,""11"":0,""12"":0,""13"":0,""14"":0,""15"":0,""16"":0,""17"":48,""18"":62,""19"":76,""20"":80,""21"":77,""22"":58,""23"":0,""6"":0,""7"":0,""8"":0,""9"":0}}",59,4.8,"{""1"":1,""2"":0,""3"":2,""4"":3,""5"":53}",-3.330075,114.593067,9910082908959198983,0x2de4234e03d33b0f:0x8987afe65b2ecf07,ChIJDzvTA04j5C0RB88uW-avh4k,"[{""title"":""All"",""image"":""https://lh3.googleusercontent.com/gps-cs-s/AHRPTWlDzyNz5m6dXWVsN8jIRtJVjFqAmiRfDEhbx7fMiDwdgtnmrPT0p9mqyzKxgEIZFco86cPz3H9gI0Q_Tf7-m5g14gCVypTfcLLlBoKfowgs2lFh6nhKk94oIkLsmV70VPEgL91p8Q=w224-h298-k-no""},{""title"":""Menu"",""image"":""https://lh3.googleusercontent.com/gps-cs-s/AHRPTWl5oML0Pxeg1vmHS3hu5IoiON7ArOtGAbXAse8PDJOMa7qsGZ2eQYLQik8QPPROcS1ivsAJaxnkXK72Sz0OqHP3uxRF2MuH45sllJ7cmzbKwQMhF0u56Q4MY5DdxSpaKBdSbl38JjTiNrE=w397-h298-k-no""},{""title"":""Food \u0026 drink"",""image"":""https://lh3.googleusercontent.com/gps-cs-s/AHRPTWmeOEC7X7xcdSl6c3Trzm9CBUDXv0oLzzD03afbX6DIsNAHZ6-6NEWrRc8WN-NL3u116C1KCd__Uqi020nR1lkGAClpEdFKS7SOHSPQUiPPhXST6khBiYwiboFnsiRP1syRGjf-=w224-h398-k-no""},{""title"":""Vibe"",""image"":""https://lh3.googleusercontent.com/gps-cs-s/AHRPTWnVl4_uXfCfwgNgMwlXnPIzch8T_Tf5EhHi6PVHfY84s4zipCF9fhv_quVC5KTW0pQHSfL4bYXDcpZd-RwsTzljU1rAIl9RcugBvGmQcyClhjaiBsmE9Q5EM5E_NhVQz8zxiysR=w224-h398-k-no""},{""title"":""Coffee"",""image"":""https://lh3.googleusercontent.com/gps-cs-s/AHRPTWlSARUHSqofL-B2IqUkjdznzJSHvD_G9ZZvOswziHbrp_USc-pLaABByLISc4AZ3BxAoURO1et1cuX4W5BZOuinUzVgT-oag3WAMeyCBh-CGRaE5w_-D2OkLbdoEbRak3yQBzqb2Q=w397-h298-k-no""},{""title"":""By owner"",""image"":""https://lh3.googleusercontent.com/gps-cs-s/AHRPTWkPFJk25k6OETMQXYKkUzJLCZxjswch6InRoqYVaicJZNfc3bDGhOyvwK00u_wauFsQ7uoVznb9nVUwn-b3mAvbdR3g2Mdpmv0b6EnSBcyfjqoSy7jZ6N1kEyittmA_4CW9rYsa2A=w224-h298-k-no""},{""title"":""Street View \u0026 360°"",""image"":""https://streetviewpixels-pa.googleapis.com/v1/thumbnail?panoid=JfMmzNVxps11qDIlIs9KHg\u0026cb_client=maps_sv.tactile.gps\u0026w=224\u0026h=298\u0026yaw=188.99463\u0026pitch=0\u0026thumbfov=100""}]","{""link"":"""",""source"":""""}"
e361a6c5-40af-4a0e-bcd7-bec02f397dd6,https://www.google.com/maps/place/Kota+tua+banjarmasin/data=!4m7!3m6!1s0x2de42393570a6271:0x3a79642f1061d300!8m2!3d-3.3231317!4d114.5934138!16s%2Fg%2F11kpzrbj0y!19sChIJcWIKV5Mj5C0RANNhEC9keTo?authuser=0&hl=en&g_ep=EgoyMDI2MDkwMi4wIJJjKgBIAVAD&rclk=1,Kota tua banjarmasin,Coffee shop,"MHGV+P9V Kota tua banjarmasin, Jl. Hasanuddin HM, Kertak Baru Ulu, Kec. Banjarmasin Tengah, Kota Banjarmasin, Kalimantan Selatan 70231","{""Friday"":[""5.00 pm–1.00 am""],""Monday"":[""5.00 pm–1.00 am""],""Saturday"":[""5.00 pm–1.00 am""],""Sunday"":[""5.00 pm–1.00 am""],""Thursday"":[""5.00 pm–1.00 am""],""Tuesday"":[""5.00 pm–1.00 am""],""Wednesday"":[""5.00 pm–1.00 am""]}","{""Friday"":{""0"":41,""10"":0,""11"":0,""12"":0,""13"":0,""14"":0,""15"":0,""16"":0,""17"":12,""18"":19,""19"":33,""20"":58,""21"":76,""22"":77,""23"":66,""6"":0,""7"":0,""8"":0,""9"":0},""Monday"":{""0"":17,""10"":0,""11"":0,""12"":0,""13"":0,""14"":0,""15"":0,""16"":0,""17"":16,""18"":17,""19"":15,""20"":18,""21"":23,""22"":27,""23"":25,""6"":0,""7"":0,""8"":0,""9"":0},""Saturday"":{""0"":64,""10"":0,""11"":0,""12"":0,""13"":0,""14"":0,""15"":0,""16"":0,""17"":14,""18"":15,""19"":26,""20"":48,""21"":78,""22"":100,""23"":100,""6"":0,""7"":0,""8"":0,""9"":0},""Sunday"":{""0"":18,""10"":0,""11"":0,""12"":0,""13"":0,""14"":0,""15"":0,""16"":0,""17"":15,""18"":19,""19"":23,""20"":33,""21"":35,""22"":37,""23"":27,""6"":0,""7"":0,""8"":0,""9"":0},""Thursday"":{""0"":8,""10"":0,""11"":0,""12"":0,""13"":0,""14"":0,""15"":0,""16"":0,""17"":11,""18"":11,""19"":16,""20"":21,""21"":20,""22"":19,""23"":13,""6"":0,""7"":0,""8"":0,""9"":0},""Tuesday"":{""0"":18,""10"":0,""11"":0,""12"":0,""13"":0,""14"":0,""15"":0,""16"":0,""17"":6,""18"":7,""19"":12,""20"":17,""21"":28,""22"":31,""23"":29,""6"":0,""7"":0,""8"":0,""9"":0},""Wednesday"":{""0"":23,""10"":0,""11"":0,""12"":0,""13"":0,""14"":0,""15"":0,""16"":0,""17"":8,""18"":15,""19"":25,""20"":36,""21"":44,""22"":41,""23"":37,""6"":0,""7"":0,""8"":0,""9"":0}}",11,4.8,"{""1"":0,""2"":0,""3"":0,""4"":2,""5"":9}",-3.323132,114.593414,4213509079682896640,0x2de42393570a6271:0x3a79642f1061d300,ChIJcWIKV5Mj5C0RANNhEC9keTo,"[{""title"":""All"",""image"":""https://lh3.googleusercontent.com/gps-cs-s/AHRPTWni2I7ZHNgz5kga4VzTovbHgyEBS7wTk3jnkkWgkGpYQB1FzTd3ZktVXskYNJYgQdeOwJG6VES4IZR7i0VnYr52hhA7fxMzVCdadCT0LC83SNfZGzmDTFWJrY51bqHhfvCn1zDJKg=w224-h298-k-no""},{""title"":""Menu"",""image"":""https://lh3.googleusercontent.com/gps-cs-s/AHRPTWmJOzmi_89iuqTB3LSXHz6S9EjimBG-klEk_cN7HdBlIu721qJ33b33Z6VX9UKfAV_aGLXIYBJHjfl88rZMP1Mq-td4VSA6ixYOZayTmlBEH-7Grq4YmaneDSOfYvrCBHSK2Ss43SQ7pUen=w224-h298-k-no""},{""title"":""Videos"",""image"":""https://lh3.googleusercontent.com/gps-cs-s/AHRPTWkWbdDfwUMVt2wKz7PU1xd6eqyCRzGQB85touOpoiTTYnBMg--Fu6b3ExnW8IEBw-MvprOqh_iCoWMqldtMah3G7kb6M9Bf1s2duZ2Px65dBe67uSLUB0E8VMI2VAJGIf4nnrHx=w541-h298-k-no""},{""title"":""Food \u0026 drink"",""image"":""https://lh3.googleusercontent.com/gps-cs-s/AHRPTWlQz2snUVUqch09rv7FOXGKXIKD92rWU1ExN6_f4ThNdGvvi39n__bcy6rJzdirdeqbz-AQshq3kIoOv-WNTTjqqd_xMfWsuP6G_VeFpYs_TpltAncZiApuElK-zUIfyKh7-dpR1rWup7n0=w224-h298-k-no""},{""title"":""Vibe"",""image"":""https://lh3.googleusercontent.com/gps-cs-s/AHRPTWlWQqfcH3eL0azAkab-SUeqehKcmDa0prhLw4kLBgGYrVmxPHbPGftuVdP61cY2BZhAL38cKXUTwElCRELpJNsSZSXS0WoOWucT8ts9GR0DWo6DWiN_GIw4OQEVGK4Zi-h6PM0=w224-h298-k-no""},{""title"":""Street View \u0026 360°"",""image"":""https://streetviewpixels-pa.googleapis.com/v1/thumbnail?panoid=i_ZxNopxyT7zE_-Wpbfd7g\u0026cb_client=maps_sv.tactile.gps\u0026w=224\u0026h=298\u0026yaw=219.2575\u0026pitch=0\u0026thumbfov=100""}]","{""link"":"""",""source"":""""}"
e361a6c5-40af-4a0e-bcd7-bec02f397dd6,https://www.google.com/maps/place/Fhase/data=!4m7!3m6!1s0x2de4230054a50fa5:0xc46b3b95d793342!8m2!3d-3.3153814!4d114.584902!16s%2Fg%2F11njwzrzz6!19sChIJpQ-lVAAj5C0RQjN5XbmzRgw?authuser=0&hl=en&g_ep=EgoyMDI2MDkwMi4wIJJjKgBIAVAD&rclk=1,Fhase,Cafe,"Jl. Batu Piring No.4, Antasan Besar, Kec. Banjarmasin Tengah, Kota Banjarmasin, Kalimantan Selatan 70115","{""Friday"":[""6.00 am–10.00 pm""],""Monday"":[""6.00 am–10.00 pm""],""Saturday"":[""6.00 am–10.00 pm""],""Sunday"":[""6.00 am–10.00 pm""],""Thursday"":[""6.00 am–10.00 pm""],""Tuesday"":[""6.00 am–10.00 pm""],""Wednesday"":[""6.00 am–10.00 pm""]}",{},35,4.9,"{""1"":0,""2"":0,""3"":1,""4"":2,""5"":32}",-3.315381,114.584902,884591985543426882,0x2de4230054a50fa5:0xc46b3b95d793342,ChIJpQ-lVAAj5C0RQjN5XbmzRgw,"[{""title"":""All"",""image"":""https://lh3.googleusercontent.com/gps-cs-s/AHRPTWkD5Jgi_hbwJyjsyxjjTTwnGSD27u07oocQZD_86EL16qJbmYpYVEGHYmQ_XJI_7sh8SmsQvVU6TDcYT6Y9WKPJiO8ji3SVT4J14TlhjMXvin6D-p9l1l4rwZdCeFmp48wR_o6zGrB_8iLc=w447-h298-k-no""},{""title"":""Latest"",""image"":""https://lh3.googleusercontent.com/gps-cs-s/AHRPTWkQDF8by7Lth4jviU8Bef5Uwhxd1jKrefJkwm5MROjsnAt9Z2YfDcLD92pTuNjlgeFYKwF2SC78FgTycsBtNy-jttayabxHSX9aC4orAzWvCfjxDpT3-DxaOT732BwDXd49mSKwSnbq4IlY=w224-h398-k-no""},{""title"":""Videos"",""image"":""https://lh3.googleusercontent.com/gps-cs-s/AHRPTWmfKd30Uh9KXGEaC5peVpMjOkGi05SRv0bb2ZQTirSgw53W1bx2xNAJL84GYGQ8hgKeIR6Te0dnvxDEm09PvjS30DuC4mdKPN0XkK-ni7Vmi9iwhAr_xUl1kKO52-KW-0TduYFvwiJL1Hvj=w224-h398-k-no""},{""title"":""Food \u0026 drink"",""image"":""https://lh3.googleusercontent.com/gps-cs-s/AHRPTWkkWegYH-LVmH2RACbaWJT1L5kRfd8410zQD4vZC4ZIQbUTYClpXwUk4WYPGhsY9y1N2wBTFup4TIHF-72xjaF3krKFAu6-IEjLCN2anOEr4tn6Xf3oM1d0EyUcTPdDKlH8EDm-i-_djS6T=w224-h298-k-no""},{""title"":""Vibe"",""image"":""https://lh3.googleusercontent.com/gps-cs-s/AHRPTWmreux0lAgveXWiTxtRDp8UH8CcMen-1R3q6vAqBiDOZLMJjRFm4a04dCX3XSIHtPcw-mvXY0_bcZ1Y7EMCub3-4uEkFphZLYBB6_oKX-MCAl3ryrWBMLhIARP4U4jE35A_gK8FCqGSLbOE=w224-h397-k-no""},{""title"":""By owner"",""image"":""https://lh3.googleusercontent.com/gps-cs-s/AHRPTWk1hDqn1RcjOxF8mtuoMynSM-azPgpoNXeskLHB_ByGL6DtLfH0UjYYGPuaGdG1CVskufnPtEGhUt9_j3W0ubPozE0oXWG5MI064ydrQB2QggP5OKchMSwKCm_Wc9Sa1u8hFOIKENl2Zn71=w395-h298-k-no""},{""title"":""Street View \u0026 360°"",""image"":""https://streetviewpixels-pa.googleapis.com/v1/thumbnail?panoid=dXOsUwQdm5Q0upv133qR5w\u0026cb_client=maps_sv.tactile.gps\u0026w=224\u0026h=298\u0026yaw=191.79039\u0026pitch=0\u0026thumbfov=100""}]","{""link"":"""",""source"":""""}"
e361a6c5-40af-4a0e-bcd7-bec02f397dd6,https://www.google.com/maps/place/KOTALAMA+KOFFIE/data=!4m7!3m6!1s0x2de42309db2ba8e1:0xb516c728e908c8b3!8m2!3d-3.3229462!4d114.5934654!16s%2Fg%2F11h71l5s7b!19sChIJ4agr2wkj5C0Rs8gI6SjHFrU?authuser=0&hl=en&g_ep=EgoyMDI2MDkwMi4wIJJjKgBIAVAD&rclk=1,KOTALAMA KOFFIE,Coffee shop,"Jl. Simpang Hasanuddin, Kertak Baru Ulu, Banjarmasin Tengah, Banjarmasin City, South Kalimantan 70231","{""Friday"":[""8.00 am–11.00 pm""],""Monday"":[""8.00 am–11.00 pm""],""Saturday"":[""8.00 am–11.00 pm""],""Sunday"":[""8.00 am–11.00 pm""],""Thursday"":[""8.00 am–11.00 pm""],""Tuesday"":[""8.00 am–11.00 pm""],""Wednesday"":[""8.00 am–11.00 pm""]}","{""Friday"":{""10"":10,""11"":9,""12"":9,""13"":11,""14"":11,""15"":14,""16"":16,""17"":21,""18"":22,""19"":29,""20"":43,""21"":57,""22"":60,""23"":0,""6"":0,""7"":0,""8"":8,""9"":9},""Monday"":{""10"":9,""11"":10,""12"":12,""13"":12,""14"":14,""15"":14,""16"":16,""17"":19,""18"":22,""19"":26,""20"":33,""21"":40,""22"":38,""23"":0,""6"":0,""7"":0,""8"":8,""9"":9},""Saturday"":{""10"":12,""11"":11,""12"":11,""13"":11,""14"":14,""15"":17,""16"":17,""17"":18,""18"":24,""19"":43,""20"":71,""21"":98,""22"":100,""23"":0,""6"":0,""7"":0,""8"":11,""9"":11},""Sunday"":{""10"":23,""11"":14,""12"":11,""13"":8,""14"":9,""15"":11,""16"":15,""17"":19,""18"":25,""19"":34,""20"":49,""21"":57,""22"":51,""23"":0,""6"":0,""7"":0,""8"":21,""9"":24},""Thursday"":{""10"":12,""11"":12,""12"":16,""13"":14,""14"":15,""15"":11,""16"":10,""17"":11,""18"":15,""19"":21,""20"":31,""21"":33,""22"":31,""23"":0,""6"":0,""7"":0,""8"":11,""9"":11},""Tuesday"":{""10"":8,""11"":11,""12"":13,""13"":11,""14"":10,""15"":8,""16"":9,""17"":13,""18"":17,""19"":27,""20"":38,""21"":46,""22"":45,""23"":0,""6"":0,""7"":0,""8"":4,""9"":4},""Wednesday"":{""10"":11,""11"":11,""12"":11,""13"":11,""14"":12,""15"":14,""16"":15,""17"":14,""18"":17,""19"":25,""20"":38,""21"":47,""22"":48,""23"":0,""6"":0,""7"":0,""8"":8,""9"":9}}",717,4.6,"{""1"":17,""2"":4,""3"":31,""4"":153,""5"":512}",-3.322946,114.593465,13048835948874877107,0x2de42309db2ba8e1:0xb516c728e908c8b3,ChIJ4agr2wkj5C0Rs8gI6SjHFrU,"[{""title"":""All"",""image"":""https://lh3.googleusercontent.com/gps-cs-s/AHRPTWleAuRwbpBmx5I0IqTW-WjN0uozRWrI1nodX5y3bnr1o1c4UrSfvA3BBOp1jFbm-33SeHcpki_M5ArFKsE6ec_FMbAXlVeskTJhjfzajqoAmNyC0lQ1VX0L31FKhWotsuqJ-t-V=w224-h335-k-no""},{""title"":""Menu"",""image"":""https://lh3.googleusercontent.com/gps-cs-s/AHRPTWl9kekjfGZn4bwAarYBa3NLCV7L7exkV58U9yOLJb1RM6Y3bNu7CofVJSbb1GWz2L6oYMyClLY7dU7rcKBRn8-h3KmNanZJ-TIVxopSQVpb0TliqDWVvedabinXA6QCh0gbzdy03gyzMOUy=w224-h398-k-no""},{""title"":""Videos"",""image"":""https://lh3.googleusercontent.com/gps-cs-s/AHRPTWkL-fHgVOSTY6sulMygQ8cYnhhUsXivxzEaKvKo5RdDS9T4QrXN87hotm1ssv2ImsYvUXyHkYZStoo4NQcks8mfqt9348ykxTo1l8jQ9LV5BCvyCrGlssQutFfppKnUXiQqo8xy=w529-h298-k-no""},{""title"":""Food \u0026 drink"",""image"":""https://lh3.googleusercontent.com/gps-cs-s/AHRPTWlCmgGm9J1iHKDBDpeB-tnOUA-6tIfReAoLB4A_07y6GCSYcXaHklVh5E4FGcvcyiBB3mR-hvDR2sxCYo5M_CPt9vcankuAnPQiwgTkAkrpX_klAm1t5A1xNdbfXL1zRMVKhANi-Q=w328-h298-k-no""},{""title"":""Vibe"",""image"":""https://lh3.googleusercontent.com/gps-cs-s/AHRPTWl6Vmi3-9twl4XI65Lf9ZNrWeSmzYxqNVHzywW_HzQfP5l4OafYfgFJf0lrJz0LC0xMdgeWSyqqxxEN_O9pA5b_SYp7Q5TAAeMovXS_OTpspxU5nhpScCS9Azx7r-4evg_Y2chhHQ=w397-h298-k-no""},{""title"":""Milk tea"",""image"":""https://lh3.googleusercontent.com/gps-cs-s/AHRPTWnypima_G7WCh8J8NvtaEgaxUCnZPIWIjosdD4CwIRFsM1DBJWMHMnL4XrahVWQWkd6p2N_3CG0_Irrhlu7kj3J9j4NVM74ObnrGGXwENlQBWHlhaGrQuIDpBfBCvASfasoKJtDSQ=w224-h298-k-no""},{""title"":""Coffee"",""image"":""https://lh3.googleusercontent.com/gps-cs-s/AHRPTWn8tT7Lic4oMKaGBfcxUj6_hPJxdiE1J6t2ams8I0yTQ1nf38h6Xyf-m3CgpQ4n4eQqPyZvIDY5qDD4Q877BsAPiW51NjDXthAgnOZWbXnT3GRjBUudONuofm-KyEUt2iN8Fs72taiMII-9=w224-h398-k-no""},{""title"":""Espresso"",""image"":""https://lh3.googleusercontent.com/gps-cs-s/AHRPTWkfPWTUm5FdPxJMP-eMSPyWf5BqrWSyOJG4d230LuwyHf7GP0kO7PNOsA9e_dqw0dE2vkeJ2HCgCMg1C8IoShRGxjZGuMjrcvzEciyyAWGl7UDZmPZ1GpwyFX58vLu_BJhEzVlkeg=w224-h298-k-no""},{""title"":""By owner"",""image"":""https://lh3.googleusercontent.com/gps-cs-s/AHRPTWn0V9hIHsvbgr2PeMnCOoaqM1_UljZMAlLIrmQbdmamWRn2HdtVrtmJGgssJt4tliBRMtGA_hrWBj1Pivhy6eNMEPsbOuj_uGq_K3Ffq2f6xa8cMorlLtYu_oKRDc8ud2igaHT73w=w529-h298-k-no""},{""title"":""Street View \u0026 360°"",""image"":""https://streetviewpixels-pa.googleapis.com/v1/thumbnail?panoid=THZRvYFVM013lw_uykU7sw\u0026cb_client=maps_sv.tactile.gps\u0026w=224\u0026h=298\u0026yaw=276.21158\u0026pitch=0\u0026thumbfov=100""}]","{""link"":"""",""source"":""""}"
e361a6c5-40af-4a0e-bcd7-bec02f397dd6,https://www.google.com/maps/place/Djajan+Es+Coklat+Banjar+Indah/data=!4m7!3m6!1s0x2de4219cd722700d:0x87a76acc8a52e2aa!8m2!3d-3.349976!4d114.6173182!16s%2Fg%2F11kj29v0fq!19sChIJDXAi15wh5C0RquJSisxqp4c?authuser=0&hl=en&g_ep=EgoyMDI2MDkwMi4wIJJjKgBIAVAD&rclk=1,Djajan Es Coklat Banjar Indah,Cafe,"Jl. Raya Banjar Indah Permai No.27, Pemurus Dalam, Kec. Banjarmasin Sel., Kota Banjarmasin, Kalimantan Selatan 70248","{""Friday"":[""2.00–10.00 pm""],""Monday"":[""2.00–10.00 pm""],""Saturday"":[""2.00–10.00 pm""],""Sunday"":[""Closed""],""Thursday"":[""2.00–10.00 pm""],""Tuesday"":[""2.00–10.00 pm""],""Wednesday"":[""2.00–10.00 pm""]}",{},4,5.0,"{""1"":0,""2"":0,""3"":0,""4"":0,""5"":4}",-3.349976,114.617318,9774898942957511338,0x2de4219cd722700d:0x87a76acc8a52e2aa,ChIJDXAi15wh5C0RquJSisxqp4c,"[{""title"":""All"",""image"":""https://lh3.googleusercontent.com/gps-cs-s/AHRPTWnwXtZdNb3AxXEl835joD1_S2K4b8KlcudTjSpql3zYgCluHxixoidJz4KBO9L66d-wGaj7SfGxKDtH-pMbw_HiY8e5jT4Jsrp1wXJUIvmBxdJjcypSsPOcvxmp4vPMC8FGztH6kg=w224-h298-k-no""},{""title"":""Menu"",""image"":""https://lh3.googleusercontent.com/gps-cs-s/AHRPTWkVSH3NZYdxvG9ECO_ruMRDo7PmfXWF5DZAMCVEjxVqnCr8wgy-l7JxWjNL5jB_S7Y_Jj_LMm8nOgyXCPasTLUmjnIFPsp2fNDSuXh5xFjGt40d4IR_P_TNLCar4YLr3dCenpCU=w423-h298-k-no""},{""title"":""Food \u0026 drink"",""image"":""https://lh3.googleusercontent.com/gps-cs-s/AHRPTWntrkm1kpVsCEDV4_N3Wz-UyeB15fgapaoBPDtyybJ_PTfk_eDQYERXrAXj7ULPegHLAVt-WqN9GpiZinMQAqSJaYOFKM6FRK7hlA7tpcIUau4jnTR0VGws9rxso7PuUxl7HYHo=w224-h335-k-no""},{""title"":""Coffee"",""image"":""https://lh3.googleusercontent.com/gps-cs-s/AHRPTWnXZiBP50JITDSBr3--nKApVLG1YtPNBkDM9gKNc_IjdyXIrf7IM8MJ5MdSNDOkRixhAtXfgI_fdKclKDaYS0vzFmiT6TS_bYiSpatbC5ArZkZzUkhFO1nMwe7dh8acFPoeaPI=w224-h298-k-no""},{""title"":""By owner"",""image"":""https://lh3.googleusercontent.com/gps-cs-s/AHRPTWnSuCAT9OtPVgEwxzzQD44Whd7GFulvX3lpQAW4xcaOsROOIUGOXzZeatGUV2KFEEwPInUC6hytflhV1aI6GZSskm02m3-PE9cWDztMa-Jheom_xBWg_CJtSGiWnf_f8KBX8NmoOg=w224-h298-k-no""},{""title"":""Street View \u0026 360°"",""image"":""https://streetviewpixels-pa.googleapis.com/v1/thumbnail?panoid=4qw6ovgXh_3t3Le__ZMLmg\u0026cb_client=maps_sv.tactile.gps\u0026w=224\u0026h=298\u0026yaw=275.02737\u0026pitch=0\u0026thumbfov=100""}]","{""link"":"""",""source"":""""}"
e361a6c5-40af-4a0e-bcd7-bec02f397dd6,https://www.google.com/maps/place/Panen+Hijau/data=!4m7!3m6!1s0x2de423002d0933c9:0x5dd5a39052cea7fb!8m2!3d-3.2911646!4d114.5982544!16s%2Fg%2F11mzj708pc!19sChIJyTMJLQAj5C0R-6fOUpCj1V0?authuser=0&hl=en&g_ep=EgoyMDI2MDkwMi4wIJJjKgBIAVAD&rclk=1,Panen Hijau,Coffee shop,"Komplek Andhika, Jl. Sultan Adam No.03, Sungai Miai, Kec. Banjarmasin Utara, Kota Banjarmasin, Kalimantan Selatan 70123","{""Friday"":[""10.00 am–12.00 am""],""Monday"":[""10.00 am–12.00 am""],""Saturday"":[""10.00 am–12.00 am""],""Sunday"":[""10.00 am–12.00 am""],""Thursday"":[""10.00 am–12.00 am""],""Tuesday"":[""10.00 am–12.00 am""],""Wednesday"":[""10.00 am–12.00 am""]}","{""Friday"":{""10"":6,""11"":10,""12"":13,""13"":18,""14"":20,""15"":27,""16"":32,""17"":39,""18"":52,""19"":64,""20"":73,""21"":68,""22"":56,""23"":38,""6"":0,""7"":0,""8"":0,""9"":0},""Monday"":{""10"":11,""11"":12,""12"":15,""13"":17,""14"":19,""15"":25,""16"":28,""17"":36,""18"":44,""19"":55,""20"":61,""21"":59,""22"":48,""23"":35,""6"":0,""7"":0,""8"":0,""9"":0},""Saturday"":{""10"":13,""11"":15,""12"":19,""13"":23,""14"":26,""15"":30,""16"":32,""17"":40,""18"":55,""19"":76,""20"":96,""21"":100,""22"":87,""23"":60,""6"":0,""7"":0,""8"":0,""9"":0},""Sunday"":{""10"":15,""11"":19,""12"":22,""13"":25,""14"":28,""15"":33,""16"":40,""17"":53,""18"":61,""19"":69,""20"":69,""21"":67,""22"":53,""23"":36,""6"":0,""7"":0,""8"":0,""9"":0},""Thursday"":{""10"":6,""11"":10,""12"":15,""13"":18,""14"":20,""15"":22,""16"":26,""17"":33,""18"":39,""19"":46,""20"":50,""21"":49,""22"":44,""23"":32,""6"":0,""7"":0,""8"":0,""9"":0},""Tuesday"":{""10"":11,""11"":15,""12"":19,""13"":22,""14"":22,""15"":26,""16"":31,""17"":39,""18"":44,""19"":50,""20"":54,""21"":52,""22"":47,""23"":36,""6"":0,""7"":0,""8"":0,""9"":0},""Wednesday"":{""10"":8,""11"":12,""12"":17,""13"":20,""14"":22,""15"":26,""16"":32,""17"":46,""18"":55,""19"":62,""20"":62,""21"":61,""22"":52,""23"":37,""6"":0,""7"":0,""8"":0,""9"":0}}",51,4.8,"{""1"":0,""2"":0,""3"":2,""4"":4,""5"":45}",-3.291165,114.598254,6761490255826561019,0x2de423002d0933c9:0x5dd5a39052cea7fb,ChIJyTMJLQAj5C0R-6fOUpCj1V0,"[{""title"":""All"",""image"":""https://lh3.googleusercontent.com/gps-cs-s/AHRPTWlRCCAwlntC_gDelh65-bxcUGF_So7E0XKpaLS6Kq3ZgbN9mcAdzSX1E6PNZi2BmhSC3bCp4rswNik0FBikjKXUdIcruFLUGVhWFFA9xp0gEG4KCFF2dAU_Vrzq2rSr3NiK1iMriUhi4snH=w529-h298-k-no""},{""title"":""Latest"",""image"":""https://lh3.googleusercontent.com/gps-cs-s/AHRPTWnPS7Kv4rrhcfBmDZgS9FzGUTWOw_kVvaRT7EpwzkXq08UGOWLRszZ3zkM-CvVXK_0NaO9Z9zhah-EYRHqSOlty6uudFgl8kOitt84cwj6_Kpja0YL3gnjoyzdrG42KOYYMy23ijfTS9Y2Y=w224-h298-k-no""},{""title"":""Videos"",""image"":""https://lh3.googleusercontent.com/gps-cs-s/AHRPTWlGi6SqxMI1OYHpcd8vClrvZHvpGELtM6GBviueusjmPSwN2QkCuJnNLJdkGGuYaOBNgZFYN0oqjKaAs-gTeLnCl6JE2VjCKz8ECRiEd5X7EStjHESR747xv3ExBotiVXhSKfnemaW9x58O=w224-h398-k-no""},{""title"":""Menu"",""image"":""https://lh3.googleusercontent.com/gps-cs-s/AHRPTWnj075oO7U5S1j8QImAP1a--1TGVlhTzZarVfJemnFdOcVJyX1nkbLw0P65K21h8AWYsHJYhC--bDiPpTEU6PRutsAXspCWEReVW0F7_-0yo0tTEDTUXsk5QJFdpBG23IvH4DaiguO0BOZx=w224-h298-k-no""},{""title"":""Food \u0026 drink"",""image"":""https://lh3.googleusercontent.com/gps-cs-s/AHRPTWlbTg1bpqS8eO4p2Toih66thdaFKgYmuz1_DTNOp27cfSOXWm9HJEUKesmidUBPKBZsIvb-8wJHOnIaEE4TkmAMWrsj_XYqIR_ME-4gfdUHyW0IH4Dp4RTCbqKiru4djdoNKP9LQcJojUWk=w224-h398-k-no""},{""title"":""Vibe"",""image"":""https://lh3.googleusercontent.com/gps-cs-s/AHRPTWnJUhHK7nu6IjypWORSmX7JxYOG4miIXFEjqB1A0r6NcIeze3sPqS1Vl2GO8s9m7wWe4e12QumfYmRMyzm-rSh-Vr3o74TiBQPhMYiN9xQLiHAKLUgKf7IPIIG0R0o4jhop544A8x5V0EAo=w397-h298-k-no""},{""title"":""Coffee"",""image"":""https://lh3.googleusercontent.com/gps-cs-s/AHRPTWnlSzqjISKg0vu_oT5zPv2gJ_M3gj1NUMzD-6ZWv4nbqiQ0DanvAdThHUDtH_9BZH2N3YP5eXnLadmYn-SMFg_lhgzgCV9IPVQ46pDFOLXxA3aL4_ULbMjMn79fieQJ5RNhBi5QUVrWpTry=w397-h298-k-no""},{""title"":""Street View \u0026 360°"",""image"":""https://streetviewpixels-pa.googleapis.com/v1/thumbnail?panoid=Q1AAlmSzFCbqKF4N-shGmw\u0026cb_client=maps_sv.tactile.gps\u0026w=224\u0026h=298\u0026yaw=340.15967\u0026pitch=0\u0026thumbfov=100""}]","{""link"":""/url?q=http://bit.ly/m/Panenhijau\u0026opi=79508299\u0026sa=U\u0026ved=0ahUKEwjk-svIwtyWAxXeV2wGHULCIUoQqRkIJCgT\u0026usg=AOvVaw0RHtyJQ5lSJm6mefe4nzKe"",""source"":""bit.ly""}"
e361a6c5-40af-4a0e-bcd7-bec02f397dd6,https://www.google.com/maps/place/Lingkaran+malam+coffee/data=!4m7!3m6!1s0x2de423753155b319:0x2e3c482808159d65!8m2!3d-3.2942687!4d114.5998368!16s%2Fg%2F11k9k4x2wq!19sChIJGbNVMXUj5C0RZZ0VCChIPC4?authuser=0&hl=en&g_ep=EgoyMDI2MDkwMi4wIJJjKgBIAVAD&rclk=1,Lingkaran malam coffee,Coffee shop,"Jl. Pd. Klp. III No.40, Sungai Miai, Kec. Banjarmasin Utara, Kota Banjarmasin, Kalimantan Selatan 70123","{""Friday"":[""10.00 am–3.00 am""],""Monday"":[""10.00 am–2.00 am""],""Saturday"":[""10.00 am–3.00 am""],""Sunday"":[""10.00 am–2.00 am""],""Thursday"":[""10.00 am–2.00 am""],""Tuesday"":[""10.00 am–2.00 am""],""Wednesday"":[""10.00 am–2.00 am""]}","{""Friday"":{""0"":55,""1"":34,""10"":7,""11"":7,""12"":7,""13"":9,""14"":10,""15"":11,""16"":13,""17"":22,""18"":36,""19"":47,""2"":17,""20"":58,""21"":73,""22"":84,""23"":81,""6"":0,""7"":0,""8"":0,""9"":0},""Monday"":{""0"":53,""1"":33,""10"":4,""11"":7,""12"":7,""13"":7,""14"":7,""15"":8,""16"":11,""17"":20,""18"":32,""19"":47,""20"":62,""21"":77,""22"":85,""23"":77,""6"":0,""7"":0,""8"":0,""9"":0},""Saturday"":{""0"":71,""1"":45,""10"":7,""11"":8,""12"":7,""13"":7,""14"":7,""15"":10,""16"":16,""17"":26,""18"":35,""19"":43,""2"":22,""20"":57,""21"":79,""22"":96,""23"":100,""6"":0,""7"":0,""8"":0,""9"":0},""Sunday"":{""0"":47,""1"":26,""10"":7,""11"":7,""12"":7,""13"":8,""14"":8,""15"":10,""16"":14,""17"":22,""18"":33,""19"":43,""20"":55,""21"":70,""22"":80,""23"":74,""6"":0,""7"":0,""8"":0,""9"":0},""Thursday"":{""0"":71,""1"":45,""10"":5,""11"":5,""12"":6,""13"":8,""14"":12,""15"":14,""16"":16,""17"":20,""18"":28,""19"":38,""20"":49,""21"":73,""22"":92,""23"":97,""6"":0,""7"":0,""8"":0,""9"":0},""Tuesday"":{""0"":54,""1"":33,""10"":5,""11"":6,""12"":8,""13"":9,""14"":10,""15"":9,""16"":10,""17"":18,""18"":33,""19"":51,""20"":70,""21"":86,""22"":92,""23"":83,""6"":0,""7"":0,""8"":0,""9"":0},""Wednesday"":{""0"":43,""1"":27,""10"":6,""11"":7,""12"":11,""13"":12,""14"":13,""15"":14,""16"":15,""17"":21,""18"":32,""19"":41,""20"":50,""21"":61,""22"":67,""23"":63,""6"":0,""7"":0,""8"":0,""9"":0}}",50,4.4,"{""1"":1,""2"":1,""3"":4,""4"":15,""5"":29}",-3.294269,114.599837,3331617161118850405,0x2de423753155b319:0x2e3c482808159d65,ChIJGbNVMXUj5C0RZZ0VCChIPC4,"[{""title"":""All"",""image"":""https://lh3.googleusercontent.com/gps-cs-s/AHRPTWlYT4PoReAJ403mgvO2FoX2Rwv43VuJh5acLVv9OhsIkSebHGyL1LqnGaZOBU0eZ-R3xO1HYgh3gaobNLhEwOZDghbG3mMy7F9cb2qVWt6kHaqdby057QOmRcfF6e9-hncYNJqsnFCZsPWD=w224-h336-k-no""},{""title"":""Menu"",""image"":""https://lh3.googleusercontent.com/gps-cs-s/AHRPTWnWK_MiD5AxjADItehDaZ97C9zp0uCyTybqzDgdh22wjdXIfG2vlJMDMVx8wU3KwHg4gBS98phTWBWn9Qn7s2OhWAWN7fxVoHNJDvZHcwWJAuQUhWsZWvUc87DgUC8ALBXll7iE6MtOPgMh=w224-h298-k-no""},{""title"":""Videos"",""image"":""https://lh3.googleusercontent.com/gps-cs-s/AHRPTWnIvoCQ3mwOpf2yAJ6AZlE6Q4_FM_vRJzzv_7h6mQKyzHc0Lgg20aERBbtpMUKJNr9uJAzkouPZAMM8rIsJQrCZ-fm-clybKkDM99MR6fU7f2AB3cBP9nR9RBAKY3vR7QVjLmPzzzaUJAyx=w224-h398-k-no""},{""title"":""Food \u0026 drink"",""image"":""https://lh3.googleusercontent.com/gps-cs-s/AHRPTWmVbExozUo4gJYM7h5xHNPx_JrzJYsUbtebGd2uJD_cj1iNgxv8U8rD9J8kAbezxV8dm6saEF4MYfyupqK0Roj6UcejUlwZHmPh-E5ub_KmSTS3JCbYBVkKKe1jUhULawNch-hRagaoasw=w529-h298-k-no""},{""title"":""Vibe"",""image"":""https://lh3.googleusercontent.com/gps-cs-s/AHRPTWn8geboOKB6JOLpAiXfcLmBf9lo8Wye0ZhrWA1O02qosznSbelqUHKiwWQf77jN-RN8d7cJz8k0y8ECj31WkekaG3XEi784QSy4IyzXTffTu77GT5BUVae0-Xa5ojOYgSbe7r02=w397-h298-k-no""},{""title"":""Latte"",""image"":""https://lh3.googleusercontent.com/gps-cs-s/AHRPTWnrjTkcNElt34oE9GKCieoxUamC0Gp36dv9ALq2h9ozREMSrBwvLVE6j3ibtDeFN-sB-Q4GwGfvYX9I6rdiJid3fAYOiD5S4MeFI17cACV3QGCZOKSNQ03Djq-8JHt3mX2TdiZFheCQOT8=w224-h298-k-no""},{""title"":""By owner"",""image"":""https://lh3.googleusercontent.com/gps-cs-s/AHRPTWmJourxsZl7HVkIoeV5CnALfqEzXr1amnhX6L4mJ3rj5uOZ1C6tl96txDbHH4SYPW6quTMXMqEkjSbgHFq-Dhm9AUcwFJtgZ6IdyWxBiNF9GqJMeAIwqmOJmgeyhQNZCW6Im9b66p2-iSg5=w298-h298-k-no""},{""title"":""Street View \u0026 360°"",""image"":""https://streetviewpixels-pa.googleapis.com/v1/thumbnail?panoid=Ltj2vx37_1sjHJQqXR6F9Q\u0026cb_client=maps_sv.tactile.gps\u0026w=224\u0026h=298\u0026yaw=35.21457\u0026pitch=0\u0026thumbfov=100""}]","{""link"":""https://drive.google.com/file/d/1Za03ojYByWf3_OPwFraq3NpWN_ZMxGck/view?usp=drivesdk"",""source"":""drive.google.com""}"
e361a6c5-40af-4a0e-bcd7-bec02f397dd6,https://www.google.com/maps/place/Worth+it+Coffee+at+Home/data=!4m7!3m6!1s0x2de42374fd7f8bef:0x7854ca8cd68a9e66!8m2!3d-3.2874205!4d114.5861919!16s%2Fg%2F11bw3b9hxk!19sChIJ74t__XQj5C0RZp6K1ozKVHg?authuser=0&hl=en&g_ep=EgoyMDI2MDkwMi4wIJJjKgBIAVAD&rclk=1,Worth it Coffee at Home,Coffee shop,"Komplek Perdagangan Permai 1 No.74, Pangeran, Kec. Banjarmasin Utara, Kota Banjarmasin, Kalimantan Selatan 70123","{""Friday"":[""9.00 am–5.00 pm""],""Monday"":[""9.00 am–5.00 pm""],""Saturday"":[""9.00 am–5.00 pm""],""Sunday"":[""Closed""],""Thursday"":[""9.00 am–5.00 pm""],""Tuesday"":[""9.00 am–5.00 pm""],""Wednesday"":[""9.00 am–5.00 pm""]}",{},354,4.6,"{""1"":3,""2"":4,""3"":23,""4"":72,""5"":252}",-3.28742,114.586192,8670777888838688358,0x2de42374fd7f8bef:0x7854ca8cd68a9e66,ChIJ74t__XQj5C0RZp6K1ozKVHg,"[{""title"":""All"",""image"":""https://lh3.googleusercontent.com/gps-cs-s/AHRPTWlEnVe4RH-hXRfKoEUd6kXQD-80DdQ5x6IYsyi-lJPEXdpVy9FlDjTWaWdf6igWHgCB9cWVPq2c4gkSTAnp61dS_vLDMq73rmwMCeOIM5-kIQBaSJz04TU2c-o82myB27eHyJU8=w397-h298-k-no""},{""title"":""Menu"",""image"":""https://lh3.googleusercontent.com/gps-cs-s/AHRPTWkTY2jz9tjJYcW4Z4mB60qEbumzLXfCJmT4jSy-L9ZccWTRf-I4IXnlrUnClyuvnVQ1shrV8m8w_BVd9MZqUAdMnqewi6G8ry1Bggz27y9LJ1cTScBpR8HL8U3680Pl12UAx5TN7g=w397-h298-k-no""},{""title"":""Videos"",""image"":""https://lh3.googleusercontent.com/gps-cs-s/AHRPTWmG057YOwvxo_0TU89gQsJt-dY8hWhZQaNaT354eauyWWbi4EfRohvVTJoiaa4XdSbmdLD-lLXa-j8lyMhx3cT2Istq3g5nNH1hMuF8xU5ZVzHK2CO4DI3dVqGRSbeFti3OBMII=w224-h398-k-no""},{""title"":""Food \u0026 drink"",""image"":""https://lh3.googleusercontent.com/gps-cs-s/AHRPTWkPS8ohTqMC8eI-AHwKQS8_7Jpc1yp0nGL9WVmhpm45N-jvSLrfvNQE7_u71gEMt4nC4GsQ5YFbb8dSNIvdUb4TLuFNfzFIXqG6OqfeQZY5pDNZlFq1FxFIr5DR8OR7qbMJtoWnMw=w224-h398-k-no""},{""title"":""Vibe"",""image"":""https://lh3.googleusercontent.com/gps-cs-s/AHRPTWkRYSXIl1l252JU-z_n74B36Gd3J0xcyMeRezUjSb5md46ZtEONJ_-PGhTPHttopuCPA76HrKKNw034lkD0rGIUDuWDDbFUpVLiZpbOQ80mDFn9_RRcth-we_nzvG903y7mVutauA=w529-h298-k-no""},{""title"":""Iced coffee"",""image"":""https://lh3.googleusercontent.com/gps-cs-s/AHRPTWkBEnxKuPv2vDWNhNbywAPnUYQ0pqAn3I9fpk6VtD3ivkXitJjHhm9CiuRh4pRBZ1XliLa8o64u_y29bvMIS4FXYKwGcjCGFCjX6S0c30MFDlsQ9wLHt6T6uoqrYurKaaPNRWE=w224-h298-k-no""},{""title"":""Coffee"",""image"":""https://lh3.googleusercontent.com/gps-cs-s/AHRPTWk9PvAEq9Q2RqWfsBPu7nsr4WROMK1C2plNHuh4MUqzAfBJwLq9S6t1EwrZKAUpmKQhu6Pj6b7fd031fNtsdUPUt-l-uuMI3yHDoKcWYMqOOMDuBhJrm5htFflvUd5aj3lF7DZGNg=w224-h298-k-no""},{""title"":""By owner"",""image"":""https://lh3.googleusercontent.com/gps-cs-s/AHRPTWm7q0JmuEK1SlpodHhubH7B-1dTAXPnAuyh40PVi9LsjEZWpBkmXL5AfrQ06GXLAjcuASxPIQ0TEUK9e5pp6pO9Ud33F7z-gJ3WhQeicYTVSAXPsHMBqjLimnN1KBLKJpz626LZRh--At1Y=w224-h398-k-no""},{""title"":""Street View \u0026 360°"",""image"":""https://streetviewpixels-pa.googleapis.com/v1/thumbnail?panoid=dGS4tB7UHn0Wc7Nvc4PdRw\u0026cb_client=maps_sv.tactile.gps\u0026w=224\u0026h=298\u0026yaw=332.7181\u0026pitch=0\u0026thumbfov=100""}]","{""link"":"""",""source"":""""}"
e361a6c5-40af-4a0e-bcd7-bec02f397dd6,https://www.google.com/maps/place/Stay+With+Me./data=!4m7!3m6!1s0x2de4236a96639671:0xa099717dcca0c0c6!8m2!3d-3.3207216!4d114.589961!16s%2Fg%2F11h127n_5p!19sChIJcZZjlmoj5C0RxsCgzH1xmaA?authuser=0&hl=en&g_ep=EgoyMDI2MDkwMi4wIJJjKgBIAVAD&rclk=1,Stay With Me.,Coffee shop,"Jl. Suprapto, Antasan Besar, Kec. Banjarmasin Tengah, Kota Banjarmasin, Kalimantan Selatan 70231","{""Friday"":[""8.00 am–12.00 am""],""Monday"":[""8.00 am–12.00 am""],""Saturday"":[""8.00 am–12.00 am""],""Sunday"":[""8.00 am–12.00 am""],""Thursday"":[""8.00 am–12.00 am""],""Tuesday"":[""8.00 am–12.00 am""],""Wednesday"":[""8.00 am–12.00 am""]}","{""Friday"":{""10"":37,""11"":41,""12"":47,""13"":49,""14"":48,""15"":49,""16"":48,""17"":45,""18"":46,""19"":53,""20"":64,""21"":74,""22"":73,""23"":55,""6"":0,""7"":0,""8"":26,""9"":30},""Monday"":{""10"":26,""11"":27,""12"":29,""13"":30,""14"":37,""15"":45,""16"":55,""17"":62,""18"":54,""19"":56,""20"":60,""21"":66,""22"":60,""23"":42,""6"":0,""7"":0,""8"":23,""9"":27},""Saturday"":{""10"":34,""11"":38,""12"":39,""13"":40,""14"":37,""15"":36,""16"":40,""17"":50,""18"":55,""19"":65,""20"":82,""21"":97,""22"":100,""23"":80,""6"":0,""7"":0,""8"":25,""9"":30},""Sunday"":{""10"":50,""11"":37,""12"":36,""13"":36,""14"":38,""15"":36,""16"":35,""17"":36,""18"":48,""19"":65,""20"":78,""21"":78,""22"":63,""23"":44,""6"":0,""7"":0,""8"":72,""9"":65},""Thursday"":{""10"":28,""11"":35,""12"":34,""13"":28,""14"":26,""15"":31,""16"":34,""17"":40,""18"":39,""19"":43,""20"":53,""21"":62,""22"":64,""23"":46,""6"":0,""7"":0,""8"":20,""9"":23},""Tuesday"":{""10"":42,""11"":42,""12"":37,""13"":30,""14"":34,""15"":39,""16"":51,""17"":59,""18"":65,""19"":71,""20"":73,""21"":68,""22"":69,""23"":55,""6"":0,""7"":0,""8"":26,""9"":36},""Wednesday"":{""10"":32,""11"":35,""12"":40,""13"":40,""14"":40,""15"":42,""16"":44,""17"":50,""18"":53,""19"":61,""20"":76,""21"":78,""22"":73,""23"":51,""6"":0,""7"":0,""8"":25,""9"":28}}",323,4.4,"{""1"":9,""2"":3,""3"":28,""4"":77,""5"":206}",-3.320722,114.589961,11572405502623137990,0x2de4236a96639671:0xa099717dcca0c0c6,ChIJcZZjlmoj5C0RxsCgzH1xmaA,"[{""title"":""All"",""image"":""https://lh3.googleusercontent.com/gps-cs-s/AHRPTWn4H62EsSV4TZEKgBPSpEkHDQdq3S-4azKVQSEA5MREiuagPMCk5F3dRDdv8F-PiAHmTGSh5Y6TRAdrL2FUdSST5M4cvyVQC80OO7o8dEmF8kj-rsX9i5oEDp-MeILACpm0sw_AlxXqKtxW=w447-h298-k-no""},{""title"":""Menu"",""image"":""https://lh3.googleusercontent.com/gps-cs-s/AHRPTWlsVZu3R8M2T5a16Tvr_iSxj0WBM9u8XoS8llNd1zSdLx83VYDAZAgWN_H86Eg5al9WipvnjQ2WP78JgMX0yg1WQFqJ7c3WxVk_JPB-zJMkPFkL_ZTgQcaFpgeD0jP0AveZcGUO54YaTW8=w397-h298-k-no""},{""title"":""Videos"",""image"":""https://lh3.googleusercontent.com/gps-cs-s/AHRPTWnhiOsR7OShYYntsCcHMHNqsguMInmB8f1x7HQcDM71froQr2qHktC1BoyXdgVy0X0l3gu4pKY1kxNWp4-hhwcFfTGXgI2N2LX19-PD-6HwLvoOUgx96gnXr84QtBaYyj9__osn=w224-h398-k-no""},{""title"":""Food \u0026 drink"",""image"":""https://lh3.googleusercontent.com/gps-cs-s/AHRPTWkfihVhtfpnA1bf_5-2C-nXYCs0JyWA58XAxEFWtC7DFIi5a9AfMgYTjNiVx9XZ77In3cHo9ALjPzBSgcMlmkhqs9B3fUNGZUDtw-OfthZ0Z_se7GllES53N1TAARI0LOu1GqX5HQ=w224-h298-k-no""},{""title"":""Vibe"",""image"":""https://lh3.googleusercontent.com/gps-cs-s/AHRPTWkdjm26iKfkoQlblYb_4ie8ByMP3d1AORMAqGOqQAlDnUBO3UYdGH9a1hmLtCAyJTseG3vn9YnzSn5IFf4zbMhMdlIJJNXvaMwKtE1Prj_wqo_1Ma6EBmkhBg8IzeVlPmR2WSEi=w224-h298-k-no""},{""title"":""Cappuccino"",""image"":""https://lh3.googleusercontent.com/gps-cs-s/AHRPTWlCuLIcleXshIHBoqLdkdHhwxm0zIhXaaK4iC1_xagjsiJAHUud39SuI5JK-yZGdvVLV2DoIfadTFTU5S42-RuPBR1PrjGlU7q5HA7OiBib-Hz3-kKlUz82Cz6mcKe-qo9twK7n5F29JQo=w224-h298-k-no""},{""title"":""Coffee"",""image"":""https://lh3.googleusercontent.com/gps-cs-s/AHRPTWlunKl6r6o8CXfPu67gex5ycVXfXSzCqc1ccWqtas39a8ntf6zry1cwOuuH8m3ahSDeNx_JxPElRE9u1n-XOs06rmwXOKp-aVlQ9H2vmUTmj-OqURwnG8xg0TdI82XOsQvIN7ko2wjVfs4d=w447-h298-k-no""},{""title"":""By owner"",""image"":""https://lh3.googleusercontent.com/gps-cs-s/AHRPTWlFYgufNFSkrLNHbcfBiel6bqDa1diYuEN0qhXXPlpAKTKu6NNSdkSVMOwaRp-vzpeAwA-HSqj0-pZWAj7C_Z3yqC_U6JDEtVAwPmm_6LLtFZZVFEMCiqo27wNyuupLqrj46YuPzw=w224-h335-k-no""},{""title"":""Street View \u0026 360°"",""image"":""https://streetviewpixels-pa.googleapis.com/v1/thumbnail?panoid=8l3wjBZPoQIqO6-fNHFjIQ\u0026cb_client=maps_sv.tactile.gps\u0026w=224\u0026h=298\u0026yaw=186.68867\u0026pitch=0\u0026thumbfov=100""}]","{""link"":"""",""source"":""""}"
e361a6c5-40af-4a0e-bcd7-bec02f397dd6,https://www.google.com/maps/place/Continuum+Cafe/data=!4m7!3m6!1s0x2de423bce83cc383:0xa2930656f9d91bd7!8m2!3d-3.3098808!4d114.5921382!16s%2Fg%2F11l5jym909!19sChIJg8M86Lwj5C0R1xvZ-VYGk6I?authuser=0&hl=en&g_ep=EgoyMDI2MDkwMi4wIJJjKgBIAVAD&rclk=1,Continuum Cafe,Coffee shop,"MHRR+3V6 Continuum Cafe, Jl. Sulawesi, Ps. Lama, Kec. Banjarmasin Tengah, Kota Banjarmasin, Kalimantan Selatan 70123","{""Friday"":[""8.30 am–10.30 pm""],""Monday"":[""8.30 am–10.30 pm""],""Saturday"":[""8.30 am–10.30 pm""],""Sunday"":[""8.30 am–10.30 pm""],""Thursday"":[""8.30 am–10.30 pm""],""Tuesday"":[""8.30 am–10.30 pm""],""Wednesday"":[""8.30 am–10.30 pm""]}","{""Friday"":{""10"":16,""11"":17,""12"":22,""13"":31,""14"":38,""15"":39,""16"":41,""17"":48,""18"":64,""19"":78,""20"":84,""21"":73,""22"":52,""23"":0,""6"":0,""7"":0,""8"":9,""9"":12},""Monday"":{""10"":16,""11"":24,""12"":31,""13"":33,""14"":32,""15"":28,""16"":32,""17"":38,""18"":51,""19"":66,""20"":76,""21"":67,""22"":46,""23"":0,""6"":0,""7"":0,""8"":8,""9"":11},""Saturday"":{""10"":25,""11"":38,""12"":44,""13"":44,""14"":43,""15"":42,""16"":46,""17"":56,""18"":70,""19"":87,""20"":100,""21"":96,""22"":76,""23"":0,""6"":0,""7"":0,""8"":9,""9"":17},""Sunday"":{""10"":20,""11"":29,""12"":36,""13"":40,""14"":39,""15"":41,""16"":47,""17"":63,""18"":81,""19"":94,""20"":91,""21"":79,""22"":52,""23"":0,""6"":0,""7"":0,""8"":10,""9"":14},""Thursday"":{""10"":20,""11"":27,""12"":32,""13"":37,""14"":36,""15"":35,""16"":36,""17"":41,""18"":50,""19"":58,""20"":60,""21"":56,""22"":41,""23"":0,""6"":0,""7"":0,""8"":10,""9"":15},""Tuesday"":{""10"":20,""11"":29,""12"":35,""13"":38,""14"":37,""15"":35,""16"":34,""17"":42,""18"":55,""19"":70,""20"":73,""21"":65,""22"":44,""23"":0,""6"":0,""7"":0,""8"":10,""9"":14},""Wednesday"":{""10"":22,""11"":32,""12"":41,""13"":42,""14"":38,""15"":34,""16"":35,""17"":47,""18"":66,""19"":87,""20"":93,""21"":82,""22"":57,""23"":0,""6"":0,""7"":0,""8"":10,""9"":14}}",79,4.4,"{""1"":5,""2"":3,""3"":3,""4"":9,""5"":59}",-3.309881,114.592138,11714714026349501399,0x2de423bce83cc383:0xa2930656f9d91bd7,ChIJg8M86Lwj5C0R1xvZ-VYGk6I,"[{""title"":""All"",""image"":""https://lh3.googleusercontent.com/gps-cs-s/AHRPTWnif204LB4cWRghLjvQhtyS4Z425cACgo3GLx0EFobrE59WUL_ZyHShffduHcF3e8PAb9wrJxS4Z_mEzd-nocr5pHMjd_4pQQhxHxCHkjPFaRO7VJ-Aqwka0BZeUYfsKRODg8wAzA=w224-h398-k-no""},{""title"":""Latest"",""image"":""https://lh3.googleusercontent.com/gps-cs-s/AHRPTWnUPYH1ZhuomdJW_bTn9OV2Q3gV4IC4N-T1J4sApjRXvlOf_2N5DZZ85YEoan4ADWzBdFDynxhO1B9SHDLnhso5CDCPRnRwrM7qlNNpdB7yaMK0MDzR04O3NccJ4YMePWCg-oHHWGJIkZPo=w224-h298-k-no""},{""title"":""Videos"",""image"":""https://lh3.googleusercontent.com/gps-cs-s/AHRPTWm4gfax03FsUvq-6GKtBaWvcocXqCTl0snldbm8oaNQjd4JWud5J2mx0_JuRSfSqDpBfWOjcP0gc4jPZUq724_HEqXe7PbXoWbqurEeiGoSsJdUom1rangFMZprAjoM0rMcTwbJEAka-vA=w224-h398-k-no""},{""title"":""Menu"",""image"":""https://lh3.googleusercontent.com/gps-cs-s/AHRPTWmyqm7GeyNtXcNgBKPINph15W7_W8SGDymqFCWqwsQ-PnuZGJStboXBbIV03RKgmz1YedCWIPZ9iJB3lsUV6Ew5TGt_iIIdGj1Y3BPnvovFHOwDFIn1qjgWWHnB_y9hayFF5hghSuOcu2M=w533-h298-k-no""},{""title"":""Food \u0026 drink"",""image"":""https://lh3.googleusercontent.com/gps-cs-s/AHRPTWmSazn626Z-B-2gKoTXLWWjCOMPYUKxlJTepKSDCdn8ioKQb-VgIy-ZoSSP4n1BNMkG9g4BdYivcBnMCLDJhLJWvaBpQU0ucZ1ODYN8PTBG5RP0uLhfK0owPdAWtYWhDLljCU71c6QItnU=w224-h336-k-no""},{""title"":""Vibe"",""image"":""https://lh3.googleusercontent.com/gps-cs-s/AHRPTWmcF1PB-ZyMFXdtaW4AbhZdLrsnxQDZrysmAbc3bpbI8Y-EBIABA-Qk68vEoqoseIDynnIz_nhKj546GoH45hxt-CRUDKDOmeEDnbY-WaDwROlbN67PxBxya-EC8BWJ9OZEN3fxaoK1l9zO=w397-h298-k-no""},{""title"":""Iced coffee"",""image"":""https://lh3.googleusercontent.com/gps-cs-s/AHRPTWlbH9fnPaAV1dGK58s6auRvaRCh48ENlJQOVyE-U-2UbKp4f7-gG1AomgcK7eU6sA2pMVoSa_RUlkHv5-GHIH7gH39FgNhsf-FZg09A5WWejVd0qPO4UmTnfefWVSrWC4WRvHEu=w224-h298-k-no""},{""title"":""Coffee"",""image"":""https://lh3.googleusercontent.com/gps-cs-s/AHRPTWlREL3EnryLGJGq1-kKhyn8NSEeohyjzT7mTO9NWR1oVjD-C3ZQ8lQdP61CWGtxgWe7bYQRsDIdIx1udu0RymWVLN_KlHgMfOqe5ZvInMB8i4Y1CKKOdU9rADU3Uks0uJo8cSaL0ybJG7VY=w224-h398-k-no""},{""title"":""Street View \u0026 360°"",""image"":""https://streetviewpixels-pa.googleapis.com/v1/thumbnail?panoid=512n8yfyWnIlA5Yh5COxCg\u0026cb_client=maps_sv.tactile.gps\u0026w=224\u0026h=298\u0026yaw=146.72961\u0026pitch=0\u0026thumbfov=100""}]","{""link"":"""",""source"":""""}"
e361a6c5-40af-4a0e-bcd7-bec02f397dd6,https://www.google.com/maps/place/Sweet+sense/data=!4m7!3m6!1s0x2de4270fbe53db1f:0x6051fbcc81501c24!8m2!3d-3.3474049!4d114.6213615!16s%2Fg%2F11w9bc9njh!19sChIJH9tTvg8n5C0RJBxQgcz7UWA?authuser=0&hl=en&g_ep=EgoyMDI2MDkwMi4wIJJjKgBIAVAD&rclk=1,Sweet sense,Coffee shop,"Jl. Banjar Indah Permai II No.6, Pemurus Dalam, Kec. Banjarmasin Sel., Kota Banjarmasin, Kalimantan Selatan 70248","{""Friday"":[""10.00 am–10.00 pm""],""Monday"":[""10.00 am–10.00 pm""],""Saturday"":[""10.00 am–11.00 pm""],""Sunday"":[""10.00 am–11.00 pm""],""Thursday"":[""10.00 am–10.00 pm""],""Tuesday"":[""10.00 am–10.00 pm""],""Wednesday"":[""10.00 am–10.00 pm""]}","{""Friday"":{""10"":30,""11"":35,""12"":25,""13"":35,""14"":35,""15"":50,""16"":55,""17"":55,""18"":65,""19"":50,""20"":40,""21"":30,""22"":0,""23"":0,""6"":0,""7"":0,""8"":0,""9"":0},""Monday"":{""10"":40,""11"":35,""12"":30,""13"":30,""14"":25,""15"":35,""16"":40,""17"":45,""18"":40,""19"":30,""20"":30,""21"":25,""22"":0,""23"":0,""6"":0,""7"":0,""8"":0,""9"":0},""Saturday"":{""10"":55,""11"":65,""12"":45,""13"":35,""14"":35,""15"":25,""16"":30,""17"":25,""18"":40,""19"":35,""20"":35,""21"":35,""22"":20,""23"":0,""6"":0,""7"":0,""8"":0,""9"":0},""Sunday"":{""10"":35,""11"":30,""12"":35,""13"":45,""14"":40,""15"":45,""16"":35,""17"":30,""18"":25,""19"":40,""20"":35,""21"":45,""22"":40,""23"":0,""6"":0,""7"":0,""8"":0,""9"":0},""Thursday"":{""10"":25,""11"":25,""12"":25,""13"":30,""14"":45,""15"":35,""16"":50,""17"":35,""18"":30,""19"":25,""20"":30,""21"":25,""22"":0,""23"":0,""6"":0,""7"":0,""8"":0,""9"":0},""Tuesday"":{""10"":50,""11"":60,""12"":55,""13"":50,""14"":45,""15"":50,""16"":40,""17"":40,""18"":20,""19"":15,""20"":20,""21"":35,""22"":0,""23"":0,""6"":0,""7"":0,""8"":0,""9"":0},""Wednesday"":{""10"":25,""11"":30,""12"":40,""13"":55,""14"":60,""15"":50,""16"":30,""17"":45,""18"":65,""19"":100,""20"":65,""21"":60,""22"":0,""23"":0,""6"":0,""7"":0,""8"":0,""9"":0}}",7,5.0,"{""1"":0,""2"":0,""3"":0,""4"":0,""5"":7}",-3.347405,114.621361,6940605356516056100,0x2de4270fbe53db1f:0x6051fbcc81501c24,ChIJH9tTvg8n5C0RJBxQgcz7UWA,"[{""title"":""All"",""image"":""https://lh3.googleusercontent.com/gps-cs-s/AHRPTWlwznMgKKPMIcSzID6H6vJRYPxn3y1pgfvgTLB--1wtxd2P5nR-E3PhZm7EVjHiSwjBxc63_pf1MTh_cLF9fIZG1t1_KwcB17dPYiTS6haHmhd1izxhfkHDo1fVpAGCS4iCaHLgww=w224-h298-k-no""},{""title"":""Menu"",""image"":""https://lh3.googleusercontent.com/gps-cs-s/AHRPTWnuzxllm4_hGJUZ9aXD01hxJ_qylknO9DAbldB4obaCY3EEjd8PWwfqP7rE152-EL6YSvF14sTP4D3ygjNqkXdtmCElzNcovm-CdeqHSE7ILljDbbeamodY5JxqPilUAMo9qz5H=w421-h298-k-no""},{""title"":""Food \u0026 drink"",""image"":""https://lh3.googleusercontent.com/gps-cs-s/AHRPTWmtwyIeHFpfiL4jrZcmkak-Fa16UVyJxAizYe15T82fakdW6QUh4A7b6JDWvP-FttDkReA2p7oNIHEgJ5utbpUsNQTqkA8d8iVb-MFUNyS3Ij521X2bh5xqMlqlOy6a69hLBXK_=w224-h298-k-no""},{""title"":""Coffee"",""image"":""https://lh3.googleusercontent.com/gps-cs-s/AHRPTWm351SLkYbsMo3NojolVdr8clnaAD4e-y2upt_rph-eEnx9REPwUw8wzH2ddDY50Fom1-U4vdkdZXQpEVTIQB1TqyCwaOS8J2YhGfHa1WsVpavrmDluoQNr5vMIWxTqxax81Do=w224-h298-k-no""},{""title"":""By owner"",""image"":""https://lh3.googleusercontent.com/gps-cs-s/AHRPTWkuEHRtftm0BAmwbbFbPq_HnNGOhK4jYd4PuRlanPkD6pYp3JndXNqdzls_lyE7LtaBB91r8j51GDdW-ra-uK0ltJGUAtMy8BLRsv2K-fOimr9qojFK5DRc_JuC2i9X1b6x3zMe=w224-h298-k-no""},{""title"":""Street View \u0026 360°"",""image"":""https://streetviewpixels-pa.googleapis.com/v1/thumbnail?panoid=TSuqO-q_0-xBevUt6QBp8w\u0026cb_client=maps_sv.tactile.gps\u0026w=224\u0026h=298\u0026yaw=165.44212\u0026pitch=0\u0026thumbfov=100""}]","{""link"":"""",""source"":""""}"
e361a6c5-40af-4a0e-bcd7-bec02f397dd6,https://www.google.com/maps/place/Oshe+Coffee/data=!4m7!3m6!1s0x2de423b6038def27:0x7b653e0c21808df1!8m2!3d-3.3213381!4d114.5857766!16s%2Fg%2F11vl0m704g!19sChIJJ--NA7Yj5C0R8Y2AIQw-ZXs?authuser=0&hl=en&g_ep=EgoyMDI2MDkwMi4wIJJjKgBIAVAD&rclk=1,Oshe Coffee,Coffee shop,"Jl. Cempaka 1 No.16, Kertak Baru Ulu, Kec. Banjarmasin Tengah, Kota Banjarmasin, Kalimantan Selatan 70231","{""Friday"":[""8.00 am–11.00 pm""],""Monday"":[""8.00 am–11.00 pm""],""Saturday"":[""8.00 am–11.00 pm""],""Sunday"":[""8.00 am–11.00 pm""],""Thursday"":[""8.00 am–11.00 pm""],""Tuesday"":[""8.00 am–11.00 pm""],""Wednesday"":[""8.00 am–11.00 pm""]}","{""Friday"":{""10"":25,""11"":31,""12"":30,""13"":31,""14"":28,""15"":30,""16"":39,""17"":45,""18"":54,""19"":59,""20"":67,""21"":71,""22"":61,""23"":0,""6"":0,""7"":0,""8"":14,""9"":19},""Monday"":{""10"":23,""11"":23,""12"":23,""13"":25,""14"":24,""15"":26,""16"":29,""17"":36,""18"":44,""19"":53,""20"":56,""21"":56,""22"":49,""23"":0,""6"":0,""7"":0,""8"":17,""9"":23},""Saturday"":{""10"":20,""11"":23,""12"":26,""13"":29,""14"":28,""15"":29,""16"":31,""17"":38,""18"":51,""19"":72,""20"":90,""21"":100,""22"":86,""23"":0,""6"":0,""7"":0,""8"":14,""9"":18},""Sunday"":{""10"":17,""11"":19,""12"":24,""13"":27,""14"":32,""15"":36,""16"":43,""17"":47,""18"":57,""19"":62,""20"":65,""21"":61,""22"":55,""23"":0,""6"":0,""7"":0,""8"":9,""9"":11},""Thursday"":{""10"":19,""11"":21,""12"":23,""13"":25,""14"":25,""15"":25,""16"":28,""17"":34,""18"":45,""19"":56,""20"":64,""21"":61,""22"":50,""23"":0,""6"":0,""7"":0,""8"":12,""9"":18},""Tuesday"":{""10"":23,""11"":27,""12"":30,""13"":33,""14"":34,""15"":36,""16"":39,""17"":42,""18"":49,""19"":56,""20"":59,""21"":57,""22"":48,""23"":0,""6"":0,""7"":0,""8"":17,""9"":18},""Wednesday"":{""10"":33,""11"":32,""12"":30,""13"":28,""14"":29,""15"":31,""16"":35,""17"":39,""18"":49,""19"":58,""20"":65,""21"":66,""22"":58,""23"":0,""6"":0,""7"":0,""8"":22,""9"":29}}",264,4.8,"{""1"":4,""2"":2,""3"":4,""4"":27,""5"":227}",-3.321338,114.585777,8891581261135515121,0x2de423b6038def27:0x7b653e0c21808df1,ChIJJ--NA7Yj5C0R8Y2AIQw-ZXs,"[{""title"":""All"",""image"":""https://lh3.googleusercontent.com/gps-cs-s/AHRPTWlKRDCHAWg1OOi45GcEQYgmj4HiZIbzdXo17PQpx6_cbVyizndOifsyjI5AuwZBB0wRIUz70YFZYl5XnKHa5q-jhcEZcSgVxVGGs8AIlB6ssvI67GJA38uymtCcmj7w6sof6VUH=w397-h298-k-no""},{""title"":""Latest"",""image"":""https://lh3.googleusercontent.com/gps-cs-s/AHRPTWmxoc7cAYa7B5WfebkmC1W6IaZsIu69_9L0PzKsOtuNr8fKdFzdzimDcrhv-i9H8lYgJktnDWWf86dRkxwLMp11ZcXZi1pFXzL0gz_AFGd8wrVQEFezMHK0fIGZa58R-YfAwHlqd4WeOD5Q=w224-h298-k-no""},{""title"":""Videos"",""image"":""https://lh3.googleusercontent.com/gps-cs-s/AHRPTWnXWEwlugTmLIPKUd4NMqJL5nM0H74AGcZ_yfYcZAgLKWBW5c1m8aVoYwign5E3D8f2keHL9ZxRczyzI9qPvP0yJzKWyDkGoasVCe2vTWOfoQOdnjWHym-5Iu0iXq0mgBOHdAxXNA=w224-h481-k-no""},{""title"":""Menu"",""image"":""https://lh3.googleusercontent.com/gps-cs-s/AHRPTWmyu8ypObkEYd_JIbW2JZsjSeqmkM10RTjbtSB6-PDemXZ7qzMYwSdeaT_fxlDGiZ3MYt3FwihTnlwvmHcykW9ZFblwtsD6doUmeULkml7Fa-tigTGnuK44c8yWw3bZTCX1rcUbSgYfieiR=w421-h298-k-no""},{""title"":""Food \u0026 drink"",""image"":""https://lh3.googleusercontent.com/gps-cs-s/AHRPTWlxh23rMLpjhPfF3NlmThuHe7Cskr42XhgfElW8_JQmNiQEwW9o6ffpyJX7gkc0CrrHZgH9C_LVoxGYXTqMoD2n7yf6RVSeVs5V_FQJeq2yD57J5jFXkLD-KoxwjMdvlbanhgdDJ2MYUnb8=w421-h298-k-no""},{""title"":""Vibe"",""image"":""https://lh3.googleusercontent.com/gps-cs-s/AHRPTWnrcfYJXz0nUUikhwFaKqZLGQUI_wmmOxTFLdWTXEDXXwUEW1E5cfB8iJXBLtSIh6eLdCC6fILlzK2p0e1kHqJVYCnfTFgLTbGyOlZ1s5dyk6OsPdYCKHu6whT-mgPVFK1u9DpbyQ=w397-h298-k-no""},{""title"":""Coffee"",""image"":""https://lh3.googleusercontent.com/gps-cs-s/AHRPTWn1FrHoGKNBJDr1M_pQ8EJ5Faz2H_wWmE9V8WppvooiYjZ2lECqg_H1zY57Qfe0s85I8BaifJtkBbdrfOYkJDQ7HCnBX0kmVnMsh2ZIdsyacDnxhsxM1yuqKr3TDKYJYKVNvXnSiBWqPNtN=w298-h298-k-no""},{""title"":""By owner"",""image"":""https://lh3.googleusercontent.com/gps-cs-s/AHRPTWlg_RfL2Ec4QBsuiT0peyjGiKUdmuZXKoSh2OV5PWjm1WKhsFhXpbaKuTRXwJOIqV3p1T-08QLkLXV_qZMZEXZC815kNisqlATRz1PFVzONdMmz9AjfUra-U1n3gqO4Dt0Od7tTnCH6VAKt=w421-h298-k-no""},{""title"":""Street View \u0026 360°"",""image"":""https://streetviewpixels-pa.googleapis.com/v1/thumbnail?panoid=Yhnzr_aCwIda9Cylk9-sPQ\u0026cb_client=maps_sv.tactile.gps\u0026w=224\u0026h=298\u0026yaw=308.94113\u0026pitch=0\u0026thumbfov=100""}]","{""link"":"""",""source"":""""}"
e361a6c5-40af-4a0e-bcd7-bec02f397dd6,https://www.google.com/maps/place/Station+Corner+Musicafe/data=!4m7!3m6!1s0x2de4236d2e03d869:0x21b1deb10e7e3d70!8m2!3d-3.3017944!4d114.6087173!16s%2Fg%2F11grc6x7cf!19sChIJadgDLm0j5C0RcD1-DrHesSE?authuser=0&hl=en&g_ep=EgoyMDI2MDkwMi4wIJJjKgBIAVAD&rclk=1,Station Corner Musicafe,Cafe,"Jl. Pangeran Hidayatullah, Surgi Mufti, Banjarmasin Utara, Banjarmasin City, South Kalimantan 70122","{""Friday"":[""11.00 am–12.00 am""],""Monday"":[""11.00 am–12.00 am""],""Saturday"":[""11.00 am–12.00 am""],""Sunday"":[""11.00 am–12.00 am""],""Thursday"":[""11.00 am–12.00 am""],""Tuesday"":[""11.00 am–12.00 am""],""Wednesday"":[""11.00 am–12.00 am""]}","{""Friday"":{""10"":0,""11"":13,""12"":16,""13"":15,""14"":16,""15"":14,""16"":17,""17"":22,""18"":30,""19"":41,""20"":50,""21"":64,""22"":61,""23"":54,""6"":0,""7"":0,""8"":0,""9"":0},""Monday"":{""10"":0,""11"":9,""12"":16,""13"":24,""14"":30,""15"":32,""16"":30,""17"":27,""18"":29,""19"":31,""20"":42,""21"":45,""22"":46,""23"":37,""6"":0,""7"":0,""8"":0,""9"":0},""Saturday"":{""10"":0,""11"":22,""12"":27,""13"":32,""14"":34,""15"":34,""16"":34,""17"":38,""18"":41,""19"":54,""20"":76,""21"":96,""22"":100,""23"":80,""6"":0,""7"":0,""8"":0,""9"":0},""Sunday"":{""10"":0,""11"":11,""12"":14,""13"":18,""14"":21,""15"":22,""16"":22,""17"":27,""18"":36,""19"":45,""20"":54,""21"":59,""22"":58,""23"":47,""6"":0,""7"":0,""8"":0,""9"":0},""Thursday"":{""10"":0,""11"":8,""12"":12,""13"":13,""14"":17,""15"":21,""16"":25,""17"":26,""18"":26,""19"":28,""20"":29,""21"":30,""22"":23,""23"":16,""6"":0,""7"":0,""8"":0,""9"":0},""Tuesday"":{""10"":0,""11"":11,""12"":16,""13"":22,""14"":28,""15"":34,""16"":35,""17"":38,""18"":41,""19"":43,""20"":52,""21"":61,""22"":61,""23"":51,""6"":0,""7"":0,""8"":0,""9"":0},""Wednesday"":{""10"":0,""11"":13,""12"":17,""13"":22,""14"":27,""15"":29,""16"":27,""17"":26,""18"":29,""19"":31,""20"":38,""21"":43,""22"":47,""23"":42,""6"":0,""7"":0,""8"":0,""9"":0}}",133,4.4,"{""1"":5,""2"":1,""3"":12,""4"":31,""5"":84}",-3.301794,114.608717,2427966526163139952,0x2de4236d2e03d869:0x21b1deb10e7e3d70,ChIJadgDLm0j5C0RcD1-DrHesSE,"[{""title"":""All"",""image"":""https://lh3.googleusercontent.com/gps-cs-s/AHRPTWlK7r3uu69hTwOvern9d3X__vSuYdW2987Vb7yjU6sVk8vnzeo7-JB03JIBcbzThovKNpo-XKfxoEK2b90JAQmCkGX8uC5GC3I2kfC29K5lP-v_qGntnEOB8ba9vuGW7ov3O6JQDQ=w529-h298-k-no""},{""title"":""Menu"",""image"":""https://lh3.googleusercontent.com/gps-cs-s/AHRPTWnp6TGLYumJpLofwCDFc6e1iLEUKr5knIJPKzrbQt3QOamVpBqir6bqD8evlkw4sk1E-dJdZGihE2zXKrCFiXvxUtABAaBAqEinqQHhQ3UZE65SZEr_EAHH3a_8OEC8lg_vj_HE=w224-h398-k-no""},{""title"":""Videos"",""image"":""https://lh3.googleusercontent.com/gps-cs-s/AHRPTWkdirezCQfMFhnMq_7DaOllw8DsPMCGIZB0am2wnha8SwTe4KgVCj8OK8Fw92vMwO41yEXU3n-dt0dybtxKWwf-FLofZAL1xpTbbejTK-3BzNBhZWijTWZfdbbqtOpBqOARqVAVLA=w529-h298-k-no""},{""title"":""Food \u0026 drink"",""image"":""https://lh3.googleusercontent.com/gps-cs-s/AHRPTWmDKCS9FjBy2R9voHUcmXfHKewSoVVzAJCMIUiIdDsL3OwyGRLMLfw0bWmJld_jAwGJ1qul6aC0qPqPBYZuupBUTAR4Onl5EwiQnTHWSIUwb49xg0fkEvcqAqH1UqVmU1OFhLY=w397-h298-k-no""},{""title"":""Vibe"",""image"":""https://lh3.googleusercontent.com/gps-cs-s/AHRPTWkwOWcQngM54dMvQaSMlITtGzZmzPEBzMI3tl8dwKMs2790FuzDRBxcti8FSEwpd2JdLmHicmRyji1PQOQTgdekyS2DOktwmaFyB9FRaX_fHVwXKQGuft2KnlqceTdxODU9kDuqIg=w529-h298-k-no""},{""title"":""By owner"",""image"":""https://lh3.googleusercontent.com/gps-cs-s/AHRPTWnbKz5ZJXZzV5hZaOH17jSsvN8YPmJ6xJz3rAi0d3omGobfxZT0-Hew6ExS6Xxy7A_6NP6oIHOoYvc7KCwzmuxgLyo5vSLkQfoRjMIbmSiTnE0mpPwwvGWD5ry33cgpJZ1v81bb0A=w224-h398-k-no""},{""title"":""Street View \u0026 360°"",""image"":""https://streetviewpixels-pa.googleapis.com/v1/thumbnail?panoid=-j3-sX5SjgvNYI2FmHIZxQ\u0026cb_client=maps_sv.tactile.gps\u0026w=224\u0026h=298\u0026yaw=6.276151\u0026pitch=0\u0026thumbfov=100""}]","{""link"":"""",""source"":""""}"
e361a6c5-40af-4a0e-bcd7-bec02f397dd6,https://www.google.com/maps/place/101+COFFEE+%28KM.5+SLM%29/data=!4m7!3m6!1s0x2de4215971c0d1c3:0xfabdcc7b2eabe92d!8m2!3d-3.3425279!4d114.617973!16s%2Fg%2F11rbtd5ktn!19sChIJw9HAcVkh5C0RLemrLnvMvfo?authuser=0&hl=en&g_ep=EgoyMDI2MDkwMi4wIJJjKgBIAVAD&rclk=1,101 COFFEE (KM.5 SLM),Coffee shop,"Jl. Stadion Lambung Mangkurat Jl. A. Yani No.KM 5, Pemurus Baru, Banjarmasin Selatan, Banjarmasin City, South Kalimantan 70238","{""Friday"":[""4.00 pm–12.00 am""],""Monday"":[""4.00 pm–12.00 am""],""Saturday"":[""4.00 pm–12.00 am""],""Sunday"":[""4.00 pm–12.00 am""],""Thursday"":[""4.00 pm–12.00 am""],""Tuesday"":[""4.00 pm–12.00 am""],""Wednesday"":[""4.00 pm–12.00 am""]}","{""Friday"":{""10"":0,""11"":0,""12"":0,""13"":0,""14"":0,""15"":0,""16"":15,""17"":19,""18"":24,""19"":33,""20"":43,""21"":52,""22"":50,""23"":36,""6"":0,""7"":0,""8"":0,""9"":0},""Monday"":{""10"":0,""11"":0,""12"":0,""13"":0,""14"":0,""15"":0,""16"":7,""17"":12,""18"":17,""19"":26,""20"":36,""21"":43,""22"":46,""23"":40,""6"":0,""7"":0,""8"":0,""9"":0},""Saturday"":{""10"":0,""11"":0,""12"":0,""13"":0,""14"":0,""15"":0,""16"":10,""17"":12,""18"":17,""19"":31,""20"":60,""21"":86,""22"":100,""23"":83,""6"":0,""7"":0,""8"":0,""9"":0},""Sunday"":{""10"":0,""11"":0,""12"":0,""13"":0,""14"":0,""15"":0,""16"":9,""17"":13,""18"":17,""19"":26,""20"":40,""21"":49,""22"":48,""23"":36,""6"":0,""7"":0,""8"":0,""9"":0},""Thursday"":{""10"":0,""11"":0,""12"":0,""13"":0,""14"":0,""15"":0,""16"":11,""17"":17,""18"":23,""19"":31,""20"":42,""21"":49,""22"":45,""23"":34,""6"":0,""7"":0,""8"":0,""9"":0},""Tuesday"":{""10"":0,""11"":0,""12"":0,""13"":0,""14"":0,""15"":0,""16"":6,""17"":6,""18"":12,""19"":22,""20"":41,""21"":52,""22"":49,""23"":34,""6"":0,""7"":0,""8"":0,""9"":0},""Wednesday"":{""10"":0,""11"":0,""12"":0,""13"":0,""14"":0,""15"":0,""16"":15,""17"":19,""18"":24,""19"":35,""20"":52,""21"":65,""22"":61,""23"":42,""6"":0,""7"":0,""8"":0,""9"":0}}",180,4.6,"{""1"":4,""2"":3,""3"":6,""4"":29,""5"":138}",-3.342528,114.617973,18067822109516359981,0x2de4215971c0d1c3:0xfabdcc7b2eabe92d,ChIJw9HAcVkh5C0RLemrLnvMvfo,"[{""title"":""All"",""image"":""https://lh3.googleusercontent.com/gps-cs-s/AHRPTWkK5BDkZbBEJ8rgCcg96xOWKht4u_Y1GXUX2_DLRI7io-sCqBFi9CIVondE-4LwnZesO0ozIO9pWV_nc06y14cwNfT2fdFuHKOmdywxnbvX-xwnJk4iUjSo7cXa8FhxKK3JQtsJlQ=w298-h298-k-no""},{""title"":""Menu"",""image"":""https://lh3.googleusercontent.com/gps-cs-s/AHRPTWna5M1I5pY5Z2uX8_RNDwTWWIMSdJH7svqiGGJjasY6Arp91VlguomBRSrZtQSwP_eFESbiujbuJA88GR_h8bYz382NfpaPiwZnLBwSYiWIaYK2KbvucsCCLYzgCSbeALysV3kX=w529-h298-k-no""},{""title"":""Videos"",""image"":""https://lh3.googleusercontent.com/gps-cs-s/AHRPTWkSgOu15fdT8BOCA8DqVQnUX0AmA7TR6-a8TyETxeO9gZgBqyDJ5Tf5Ibr9kQsBayBI9gm7So8GTfFn4JgD5YZanJibT4BSGoPtwfvXtZNDFnu1T7SSp2vYrk0F_pNgb5BuHot-ZLnYOAc=w224-h398-k-no""},{""title"":""Food \u0026 drink"",""image"":""https://lh3.googleusercontent.com/gps-cs-s/AHRPTWkw-Dq1XISwPI2fcW1yG_ojyGhfT8G5KxdGyLUIK46b2rEm-YV-kEVHVZsX31orAN9ezcJ70DzTsrL_QnhG75DKHJmWmwag56kTULTX4wxyQ4h82HOLjJv-FKEzR49CFZbWTyibSg=w224-h298-k-no""},{""title"":""Vibe"",""image"":""https://lh3.googleusercontent.com/gps-cs-s/AHRPTWkwK7uSxVfaw01PNYHzUIzE4jb12HKk-bQPZhKmP2X2y7ONj77vO9qugY5X7MgOS2OTgHINJfmb_um2etjtPCRno5gjmQ0XaSca1eFalHx5Xid5TUbnFFv5uAji4G2Dsr3-EYfr=w224-h298-k-no""},{""title"":""Coffee"",""image"":""https://lh3.googleusercontent.com/gps-cs-s/AHRPTWkQ-EOR9jNOQAllMtD1u0GfqnklXelOmWT5EjZdak3CUhMDIhFZhmHJOn8W4EEgFMylm4_-jKk4_fD2iorH9tmhFy4wat4d9GzndDmWdU8u_iKlbmq1aO96VnODvTPpzsId5HA1MQ=w224-h298-k-no""},{""title"":""By owner"",""image"":""https://lh3.googleusercontent.com/gps-cs-s/AHRPTWkK5BDkZbBEJ8rgCcg96xOWKht4u_Y1GXUX2_DLRI7io-sCqBFi9CIVondE-4LwnZesO0ozIO9pWV_nc06y14cwNfT2fdFuHKOmdywxnbvX-xwnJk4iUjSo7cXa8FhxKK3JQtsJlQ=w298-h298-k-no""},{""title"":""Street View \u0026 360°"",""image"":""https://streetviewpixels-pa.googleapis.com/v1/thumbnail?panoid=2LOeVIU_Q7Fu8D_YbIzWgw\u0026cb_client=maps_sv.tactile.gps\u0026w=224\u0026h=298\u0026yaw=136.38275\u0026pitch=0\u0026thumbfov=100""}]","{""link"":"""",""source"":""""}"
e361a6c5-40af-4a0e-bcd7-bec02f397dd6,https://www.google.com/maps/place/Timur+Jauh/data=!4m7!3m6!1s0x2de4235f51dcbfff:0x3b7fa80779c21a2e!8m2!3d-3.3233901!4d114.5951911!16s%2Fg%2F11kpsntn5j!19sChIJ_7_cUV8j5C0RLhrCeQeofzs?authuser=0&hl=en&g_ep=EgoyMDI2MDkwMi4wIJJjKgBIAVAD&rclk=1,Timur Jauh,Coffee shop,"MHGW+J3W Timur Jauh, Jl. Ujung Murung, Kertak Baru Ulu, Kec. Banjarmasin Tengah, Kota Banjarmasin, Kalimantan Selatan","{""Friday"":[""6.00 pm–3.00 am""],""Monday"":[""6.00 pm–3.00 am""],""Saturday"":[""6.00 pm–3.00 am""],""Sunday"":[""6.00 pm–3.00 am""],""Thursday"":[""6.00 pm–3.00 am""],""Tuesday"":[""6.00 pm–3.00 am""],""Wednesday"":[""6.00 pm–3.00 am""]}","{""Friday"":{""0"":44,""1"":31,""10"":0,""11"":0,""12"":0,""13"":0,""14"":0,""15"":0,""16"":0,""17"":0,""18"":16,""19"":21,""2"":18,""20"":30,""21"":43,""22"":53,""23"":55,""6"":0,""7"":0,""8"":0,""9"":0},""Monday"":{""0"":31,""1"":20,""10"":0,""11"":0,""12"":0,""13"":0,""14"":0,""15"":0,""16"":0,""17"":0,""18"":11,""19"":17,""2"":13,""20"":25,""21"":35,""22"":40,""23"":43,""6"":0,""7"":0,""8"":0,""9"":0},""Saturday"":{""0"":68,""1"":43,""10"":0,""11"":0,""12"":0,""13"":0,""14"":0,""15"":0,""16"":0,""17"":0,""18"":18,""19"":31,""2"":21,""20"":53,""21"":80,""22"":97,""23"":100,""6"":0,""7"":0,""8"":0,""9"":0},""Sunday"":{""0"":27,""1"":17,""10"":0,""11"":0,""12"":0,""13"":0,""14"":0,""15"":0,""16"":0,""17"":0,""18"":13,""19"":19,""2"":8,""20"":28,""21"":38,""22"":43,""23"":41,""6"":0,""7"":0,""8"":0,""9"":0},""Thursday"":{""0"":28,""1"":18,""10"":0,""11"":0,""12"":0,""13"":0,""14"":0,""15"":0,""16"":0,""17"":0,""18"":12,""19"":21,""2"":11,""20"":33,""21"":42,""22"":47,""23"":42,""6"":0,""7"":0,""8"":0,""9"":0},""Tuesday"":{""0"":31,""1"":21,""10"":0,""11"":0,""12"":0,""13"":0,""14"":0,""15"":0,""16"":0,""17"":0,""18"":12,""19"":18,""2"":10,""20"":26,""21"":34,""22"":42,""23"":43,""6"":0,""7"":0,""8"":0,""9"":0},""Wednesday"":{""0"":31,""1"":19,""10"":0,""11"":0,""12"":0,""13"":0,""14"":0,""15"":0,""16"":0,""17"":0,""18"":12,""19"":20,""2"":10,""20"":33,""21"":45,""22"":51,""23"":45,""6"":0,""7"":0,""8"":0,""9"":0}}",65,4.5,"{""1"":0,""2"":3,""3"":5,""4"":16,""5"":41}",-3.32339,114.595191,4287330120341002798,0x2de4235f51dcbfff:0x3b7fa80779c21a2e,ChIJ_7_cUV8j5C0RLhrCeQeofzs,"[{""title"":""All"",""image"":""https://lh3.googleusercontent.com/gps-cs-s/AHRPTWlxvSjmrzVzoPtrsNkiIe6t1eX2iOm0fMWCrootf6ptgjXj4t1ThzhhWmEHu7oabsbf1H2Y2XFq2A2_y14vQuh28igNz9BN7QAnTAPtDcR62UXulyu2URfM1AJIsuz0zK5A0gUDwQ=w224-h298-k-no""},{""title"":""Menu"",""image"":""https://lh3.googleusercontent.com/gps-cs-s/AHRPTWnILrR5JEl1cy0gmuyF68s1OZo2rGR95OO_644HRL8bLC2GXS1V3MXe47YWhCRwCSweqTqBNwAj2yDpX6KpBjkB7tpwP1XTfwIqW9AExUUt45Mjl05ZvVHvOtIsL9wG6XnW4vUTKQ=w224-h398-k-no""},{""title"":""Videos"",""image"":""https://lh3.googleusercontent.com/gps-cs-s/AHRPTWnDXnTmDnUFi1YniuYczggQRcenvXTAX9gnb9tLk-YthvqYGklRudTRwspOSdPmJW2RBQEvsoc1dEVJHY9gLr3vtyPlv9k34tNbGZAxagPbKb04hVONEmUE3iuGTCbY7ONOYr_OkQ=w224-h398-k-no""},{""title"":""Food \u0026 drink"",""image"":""https://lh3.googleusercontent.com/gps-cs-s/AHRPTWlySt9Vm5vZgWy4ILhU4m64m1p5w3N1MD6mBnF4zIW5qY9tad0zmOwT14mI8O1jLnKhS_U8leQNTKOAkpb3MacO8FNfP0uJipGGz54kb2BR6nRfSkyQoJG-tapAVQXtJjnw6pKP=w397-h298-k-no""},{""title"":""Vibe"",""image"":""https://lh3.googleusercontent.com/gps-cs-s/AHRPTWmi7jPCKTt-TMVYlyvUkC202t8mgqgx-uAmvdwBB_nJMalgBLFXGGHM6utNTcAXi4et3mZw_8u6lDyXZ3Kh8vCufqLucLj0eN-nNq936m3SXP-BtZUi1Nyo5hKOUo9lMqwjp71R=w224-h298-k-no""},{""title"":""Street View \u0026 360°"",""image"":""https://streetviewpixels-pa.googleapis.com/v1/thumbnail?panoid=c4RSrGG8bMCDGnS6fGFbKg\u0026cb_client=maps_sv.tactile.gps\u0026w=224\u0026h=298\u0026yaw=13.145995\u0026pitch=0\u0026thumbfov=100""}]","{""link"":"""",""source"":""""}"
e361a6c5-40af-4a0e-bcd7-bec02f397dd6,https://www.google.com/maps/place/Monslay+Coffee/data=!4m7!3m6!1s0x2de427e1aed4051f:0x3ff76a20918aa3a9!8m2!3d-3.3343743!4d114.6276619!16s%2Fg%2F11rdz__gl6!19sChIJHwXUruEn5C0RqaOKkSBq9z8?authuser=0&hl=en&g_ep=EgoyMDI2MDkwMi4wIJJjKgBIAVAD&rclk=1,Monslay Coffee,Coffee shop,"Jl. Pramuka komplek dprd No.01, Pemurus Luar, Banjarmasin Timur, Banjarmasin City, South Kalimantan 70236","{""Friday"":[""10.00 am–10.00 pm""],""Monday"":[""10.00 am–10.00 pm""],""Saturday"":[""10.00 am–12.00 am""],""Sunday"":[""10.00 am–12.00 am""],""Thursday"":[""10.00 am–10.00 pm""],""Tuesday"":[""10.00 am–10.00 pm""],""Wednesday"":[""10.00 am–10.00 pm""]}","{""Friday"":{""10"":32,""11"":38,""12"":40,""13"":41,""14"":36,""15"":37,""16"":43,""17"":51,""18"":60,""19"":74,""20"":83,""21"":81,""22"":0,""23"":0,""6"":0,""7"":0,""8"":0,""9"":0},""Monday"":{""10"":33,""11"":40,""12"":40,""13"":44,""14"":47,""15"":44,""16"":44,""17"":57,""18"":60,""19"":64,""20"":60,""21"":57,""22"":0,""23"":0,""6"":0,""7"":0,""8"":0,""9"":0},""Saturday"":{""10"":35,""11"":37,""12"":40,""13"":45,""14"":54,""15"":59,""16"":64,""17"":60,""18"":68,""19"":80,""20"":92,""21"":100,""22"":88,""23"":63,""6"":0,""7"":0,""8"":0,""9"":0},""Sunday"":{""10"":28,""11"":28,""12"":25,""13"":26,""14"":26,""15"":33,""16"":40,""17"":57,""18"":71,""19"":88,""20"":88,""21"":76,""22"":63,""23"":46,""6"":0,""7"":0,""8"":0,""9"":0},""Thursday"":{""10"":30,""11"":27,""12"":29,""13"":33,""14"":36,""15"":38,""16"":48,""17"":57,""18"":63,""19"":67,""20"":73,""21"":75,""22"":0,""23"":0,""6"":0,""7"":0,""8"":0,""9"":0},""Tuesday"":{""10"":28,""11"":36,""12"":47,""13"":54,""14"":52,""15"":40,""16"":37,""17"":39,""18"":44,""19"":57,""20"":62,""21"":57,""22"":0,""23"":0,""6"":0,""7"":0,""8"":0,""9"":0},""Wednesday"":{""10"":20,""11"":27,""12"":32,""13"":38,""14"":36,""15"":35,""16"":41,""17"":53,""18"":63,""19"":69,""20"":76,""21"":83,""22"":0,""23"":0,""6"":0,""7"":0,""8"":0,""9"":0}}",110,4.6,"{""1"":4,""2"":2,""3"":0,""4"":19,""5"":85}",-3.334374,114.627662,4609269431750271913,0x2de427e1aed4051f:0x3ff76a20918aa3a9,ChIJHwXUruEn5C0RqaOKkSBq9z8,"[{""title"":""All"",""image"":""https://lh3.googleusercontent.com/gps-cs-s/AHRPTWl49MNB3TUxCk4MGtWjz2ivuA8dDyLqI2lo1VTKtSL-2cidOAWoofnPYjkbraiFTqmH_CzKeGjzCOxUI24C4U3VuuMGIKVt8kALAtL3knGPpdRqXdwl9mg6nAsBV6DbwYl-r7WjLA=w224-h398-k-no""},{""title"":""Menu"",""image"":""https://lh3.googleusercontent.com/gps-cs-s/AHRPTWnCZRhR-lSdpS809zfGgwJZjoX5nkIibg15juAvKgCfYys197ZOzdY7RPTLYLb6tiZxIHqOZc0397FQnGnKD4kGuaNFUMjHpa9oFsDxzgFa0XfGAad9fi8aK3xZYS50TIpdZgAHVw=w224-h298-k-no""},{""title"":""Videos"",""image"":""https://lh3.googleusercontent.com/gps-cs-s/AHRPTWnIqtxJIAj42MzFYHwvajuXMO195U0ZAMWf8eqSULWovdVHs1LmshV-WIgAXAN-JWjYW3FVBW-pm0p5_oHEy6M7X-T_b8RCeiqA6Uz9xG-whxtTynLeFVP1yIQHVsUUS-7bX55G=w224-h398-k-no""},{""title"":""Food \u0026 drink"",""image"":""https://lh3.googleusercontent.com/gps-cs-s/AHRPTWlXb4KnqjRdpUzziBBpyS0-Eh-S8ckuxz9R-KLRiLhR62Jbq-RTyK2RfFxEf3bcvRo1ORykDeWEQnfDxyCB6fzWYqJ0VXfRTA61q4pgqAL5ImD4g2_h4B_FpNrP0LCIwjMwvL4=w298-h298-k-no""},{""title"":""Vibe"",""image"":""https://lh3.googleusercontent.com/gps-cs-s/AHRPTWlYsVOmb9zRO_Jinf5adQYoEeqfEXCgs-qfW5WCYfAWegF4l1m6Hkho7YNbCwGE3ppSRgpJzFWXRTwoWZwM2LyTMTUD-pDCzkjeK9uXyh9BXmM_B5zLJ0TeLuXmt9NG5jtUL3c=w224-h398-k-no""},{""title"":""By owner"",""image"":""https://lh3.googleusercontent.com/gps-cs-s/AHRPTWmO1iKezTrlxLnGqm90ZPspJ2x1lkxBozY17VlWTuGsLsEK3mYQhcaR9CF6EUgiZt3SzXxEy-IX-ztvYH8Hv0EuOxQHV-ZSMojMrzEQEGfzKMYAM1MTlB_-bDOArvUE2hiWYt0k=w298-h298-k-no""},{""title"":""Street View \u0026 360°"",""image"":""https://streetviewpixels-pa.googleapis.com/v1/thumbnail?panoid=y6BLgmLPFHrfvXpnvbvJZw\u0026cb_client=maps_sv.tactile.gps\u0026w=224\u0026h=298\u0026yaw=300.28165\u0026pitch=0\u0026thumbfov=100""}]","{""link"":"""",""source"":""""}"
e361a6c5-40af-4a0e-bcd7-bec02f397dd6,https://www.google.com/maps/place/POINT+COFFEE/data=!4m7!3m6!1s0x2de42302309f12ad:0x82ac0b2cf2bdf66d!8m2!3d-3.3207246!4d114.5809332!16s%2Fg%2F11gyc0b699!19sChIJrRKfMAIj5C0Rbfa98iwLrII?authuser=0&hl=en&g_ep=EgoyMDI2MDkwMi4wIJJjKgBIAVAD&rclk=1,POINT COFFEE,Coffee shop,"Jl. Mayjen Sutoyo S No.34, Teluk Dalam, Banjarmasin Tengah, Banjarmasin City, South Kalimantan 70117","{""Friday"":[""7.00 am–11.00 pm""],""Monday"":[""7.00 am–11.00 pm""],""Saturday"":[""7.00 am–11.00 pm""],""Sunday"":[""7.00 am–11.00 pm""],""Thursday"":[""7.00 am–11.00 pm""],""Tuesday"":[""7.00 am–11.00 pm""],""Wednesday"":[""7.00 am–11.00 pm""]}","{""Friday"":{""10"":26,""11"":28,""12"":29,""13"":32,""14"":35,""15"":37,""16"":40,""17"":45,""18"":54,""19"":64,""20"":78,""21"":89,""22"":89,""23"":0,""6"":0,""7"":18,""8"":22,""9"":24},""Monday"":{""10"":32,""11"":32,""12"":31,""13"":28,""14"":26,""15"":27,""16"":32,""17"":38,""18"":44,""19"":53,""20"":67,""21"":79,""22"":81,""23"":0,""6"":0,""7"":20,""8"":24,""9"":28},""Saturday"":{""10"":29,""11"":33,""12"":34,""13"":34,""14"":31,""15"":32,""16"":34,""17"":43,""18"":54,""19"":66,""20"":82,""21"":97,""22"":100,""23"":0,""6"":0,""7"":17,""8"":20,""9"":24},""Sunday"":{""10"":32,""11"":35,""12"":34,""13"":34,""14"":31,""15"":32,""16"":35,""17"":42,""18"":51,""19"":64,""20"":75,""21"":82,""22"":80,""23"":0,""6"":0,""7"":15,""8"":20,""9"":26},""Thursday"":{""10"":26,""11"":28,""12"":28,""13"":27,""14"":27,""15"":30,""16"":35,""17"":41,""18"":48,""19"":56,""20"":68,""21"":77,""22"":72,""23"":0,""6"":0,""7"":19,""8"":23,""9"":25},""Tuesday"":{""10"":29,""11"":30,""12"":32,""13"":30,""14"":30,""15"":31,""16"":36,""17"":43,""18"":51,""19"":58,""20"":69,""21"":77,""22"":80,""23"":0,""6"":0,""7"":20,""8"":24,""9"":26},""Wednesday"":{""10"":27,""11"":30,""12"":30,""13"":31,""14"":29,""15"":32,""16"":36,""17"":43,""18"":50,""19"":61,""20"":74,""21"":83,""22"":83,""23"":0,""6"":0,""7"":22,""8"":23,""9"":25}}",464,4.4,"{""1"":22,""2"":4,""3"":43,""4"":87,""5"":308}",-3.320725,114.580933,9415913208603866733,0x2de42302309f12ad:0x82ac0b2cf2bdf66d,ChIJrRKfMAIj5C0Rbfa98iwLrII,"[{""title"":""All"",""image"":""https://lh3.googleusercontent.com/gps-cs-s/AHRPTWkA6BT0a5NCY4m7c5d-akvDNTkdZRCqkf9k6AoMC5ElptqgY69ryLYYWQHTIQYh_ynpTAbcT9gZhKIzlYjeasAUcIN6TJheFsxAC8vCOu5pHFM7HLSvERpYFfW1L2BHKFUl04HN=w427-h298-k-no""},{""title"":""Menu"",""image"":""https://lh3.googleusercontent.com/gps-cs-s/AHRPTWngrgWGHBOzjpiK7s0cuB8Y2RwpsGtaWjvOJddjnO5quClgXFq0Pt3cRavgQnw4Xmml5MMwnDbXXwPD5TLPK0AUNRbsMr_oPttTZpfuFLCpsdDxti6pT1c6q7g3lFFZXfAO_IWOYiGgEBI=w224-h298-k-no""},{""title"":""Videos"",""image"":""https://lh3.googleusercontent.com/gps-cs-s/AHRPTWkms11slF9TqV6-giFOSWiiJIl8oKu3mus_Fc-w06jIX1hcBqZw6whT4qu5qaNnKig0E2SqWQzP5cJ9yMM_qvPbWOVbJDHyDi9ntHdJXqLL1DZ5LidduxK7fJg5XBJusu3LRjp0E1OWFDI=w224-h398-k-no""},{""title"":""Food \u0026 drink"",""image"":""https://lh3.googleusercontent.com/gps-cs-s/AHRPTWkjYcZLVe4j5bolKZfykW0sXyGMKfG-Of5TjmMcqZzPCnfXSu1QFe-_NC6DhWrllOeq6hefNcHGXd0gf87ZVlGSg51DXQW6jozqRf8Do6yxz95AcCBstRRNnOlsVkECPrdIJZuS=w224-h298-k-no""},{""title"":""Vibe"",""image"":""https://lh3.googleusercontent.com/gps-cs-s/AHRPTWlMDvLRDrh9CjtKIxNVopJthBYlrJeNSe-I0Ct-8cHGBNDgi4n-NXCOg8ZSYRFt6PcjbqO-OphdwNbXWzUcuMXYaEZfSHexzyKAAUoSShiNFH8uRXEuR6kXhjIMThyfRXCS-GlvKkN0mQWP=w224-h298-k-no""},{""title"":""Milk tea"",""image"":""https://lh3.googleusercontent.com/gps-cs-s/AHRPTWkWPJOE_vgbXEP868nPpeIVeqDClvCyvCYTVkCBOjH6SRQVgCv074kx-FuU7lm_8lFPtvTO9ypKKGJ0nF9lGkIvK8z21ebcbPxZQZ65hi0kxAYlA77b-Wf19IE1tRvEWxy30II=w224-h398-k-no""},{""title"":""Coffee"",""image"":""https://lh3.googleusercontent.com/gps-cs-s/AHRPTWl6XbpYMYu4keYOgN7boL2BesO5C4O95OOPAYitxfYotzTq3cV1AIYA_Qt_5luX5FWgELyMCXS2ZijWp3lzc1AVGCzuWSubzoC4OA-ntI4SHjEm6R42QimVJiVZYh1ID99-r4XQ=w224-h398-k-no""},{""title"":""By owner"",""image"":""https://lh3.googleusercontent.com/gps-cs-s/AHRPTWnY1MzBMIZiGA_fAa9oRbb47SNwtaEvfAgNUYC7r0DS29XL1GPQwQHzE_WiOhV29hgM6pc0hKZvV6mM4s2qGLdKIkIUEhUiFvB5GxZJMJfHVmGG6B0N7_W1_E0G9cNMKryq4I5i=w529-h298-k-no""},{""title"":""Street View \u0026 360°"",""image"":""https://lh3.googleusercontent.com/gps-cs-s/AHRPTWk8UTHDnKFRJQ3DxSN7oj9oC0_w3Ma8ytkxRoPx88BAGGg9NEc9X8BmT6B_LGYiecLAPB0Lz6VLZyjM7VrTHtxz7HHa88X52xOYu8R-VdeXHkutXfu9b0ej6okQwkCc380u8CZENw=w224-h298-k-no-pi-20-ya220-ro0-fo100""}]","{""link"":""https://drive.google.com/file/d/1q7rDNxcJEAKE0B3msYbw4QtkVGEEg82m/view?usp=drive_link"",""source"":""drive.google.com""}"
e361a6c5-40af-4a0e-bcd7-bec02f397dd6,https://www.google.com/maps/place/Twin+Koffie/data=!4m7!3m6!1s0x2de42349ca0c95b7:0x6c4794cbb3e8bf16!8m2!3d-3.3076765!4d114.5974923!16s%2Fg%2F11rxzs2wvb!19sChIJt5UMykkj5C0RFr_os8uUR2w?authuser=0&hl=en&g_ep=EgoyMDI2MDkwMi4wIJJjKgBIAVAD&rclk=1,Twin Koffie,Coffee shop,"Jl. Mesjid Jami No.23, Surgi Mufti, Banjarmasin Utara, Banjarmasin City, South Kalimantan 70122","{""Friday"":[""9.00 am–11.00 pm""],""Monday"":[""9.00 am–11.00 pm""],""Saturday"":[""9.00 am–11.30 pm""],""Sunday"":[""9.00 am–11.30 pm""],""Thursday"":[""9.00 am–11.00 pm""],""Tuesday"":[""9.00 am–11.00 pm""],""Wednesday"":[""9.00 am–11.00 pm""]}","{""Friday"":{""10"":12,""11"":17,""12"":28,""13"":43,""14"":47,""15"":46,""16"":41,""17"":47,""18"":55,""19"":72,""20"":95,""21"":96,""22"":81,""23"":0,""6"":0,""7"":0,""8"":0,""9"":14},""Monday"":{""10"":16,""11"":22,""12"":29,""13"":36,""14"":44,""15"":41,""16"":40,""17"":39,""18"":47,""19"":62,""20"":82,""21"":88,""22"":79,""23"":0,""6"":0,""7"":0,""8"":0,""9"":11},""Saturday"":{""10"":29,""11"":35,""12"":39,""13"":42,""14"":47,""15"":45,""16"":42,""17"":41,""18"":51,""19"":69,""20"":92,""21"":100,""22"":94,""23"":66,""6"":0,""7"":0,""8"":0,""9"":20},""Sunday"":{""10"":20,""11"":23,""12"":28,""13"":28,""14"":36,""15"":40,""16"":46,""17"":49,""18"":54,""19"":61,""20"":74,""21"":80,""22"":77,""23"":52,""6"":0,""7"":0,""8"":0,""9"":14},""Thursday"":{""10"":23,""11"":27,""12"":33,""13"":37,""14"":36,""15"":37,""16"":39,""17"":43,""18"":45,""19"":56,""20"":60,""21"":69,""22"":64,""23"":0,""6"":0,""7"":0,""8"":0,""9"":17},""Tuesday"":{""10"":14,""11"":22,""12"":29,""13"":37,""14"":36,""15"":36,""16"":38,""17"":44,""18"":46,""19"":52,""20"":57,""21"":55,""22"":47,""23"":0,""6"":0,""7"":0,""8"":0,""9"":13},""Wednesday"":{""10"":20,""11"":24,""12"":28,""13"":35,""14"":38,""15"":43,""16"":52,""17"":65,""18"":71,""19"":78,""20"":76,""21"":72,""22"":55,""23"":0,""6"":0,""7"":0,""8"":0,""9"":22}}",95,4.3,"{""1"":3,""2"":4,""3"":8,""4"":29,""5"":51}",-3.307676,114.597492,7802368482060320534,0x2de42349ca0c95b7:0x6c4794cbb3e8bf16,ChIJt5UMykkj5C0RFr_os8uUR2w,"[{""title"":""All"",""image"":""https://lh3.googleusercontent.com/gps-cs-s/AHRPTWl-T5JDB1wc6yWvwDUIOQCUwYThY_N32wWiZsrp0QLCv-4sUjMo0atenmbzh7kcs_kFBygr3lNvE8W1YsRUvXE4BGh6MyBUVmEG6QnVLa3D_tsiQiOCkG9dLZ8srxEBdSgUjWCPsA=w397-h298-k-no""},{""title"":""Menu"",""image"":""https://lh3.googleusercontent.com/gps-cs-s/AHRPTWnQxvZuecOo-pArAbvirNw2XdMzuPCykeP0U1JZ7v_qCIkY4kBcULBd7IOvg2lhFIlVQI4ToATa0EsmL9yEzIWlIt9A6b3VFL8AJ6v2udFbUeQxlLKKULB0QbjchY7YzytyyP49WA=w397-h298-k-no""},{""title"":""Videos"",""image"":""https://lh3.googleusercontent.com/gps-cs-s/AHRPTWmvHpZJNjxdpdd2IO3Dt2GBenRAoY8alYzKCuDZigUKKHgUeOffttzUm3ueQ_rVe7Xm6gbBWvLkAbvdCc1abxU06fUjmYPKwqlA-kA5kvVPmzJ4oIoixwXBRcrOc5Y_79yA-Y6m=w224-h398-k-no""},{""title"":""Food \u0026 drink"",""image"":""https://lh3.googleusercontent.com/gps-cs-s/AHRPTWlMB2lAB_x_6Nt_cIzyR0dD0DcMbaUgI7IGuODASfEFWkk23IOEcYtFL_FKaLf27OLIb8vk7HVxDgr5MiDhrqrUH_QgEzguv-51EYfIk021_iPWnkgLaYP8KmXcr31pxEt0fsrv=w224-h398-k-no""},{""title"":""Vibe"",""image"":""https://lh3.googleusercontent.com/gps-cs-s/AHRPTWlxmYVZWDBa1t1yaHcLdCR40-A37Y4CjkzbTpCn3JLhl22iG0jm0pKFwYRd4ygswV2TUuCc3BmQHABSQ6YQ3Mp48FiMwdu-IkX3lkEqaRDLWm_owxMW7vYOUYwMdqMGgsagrs554A=w397-h298-k-no""},{""title"":""Coffee"",""image"":""https://lh3.googleusercontent.com/gps-cs-s/AHRPTWne9a-nFryLZOmPPHmAVapy0s_R6obl-pR1w43DMn01sGgp0pPzbd85RaeHr1BvKBO9RDZxYX0SIHB3NGsTEdb8xRZf1toqMX1AXV5IE7CfKv85E-kIYEqS0MPJAXrJvCHHyYA=w224-h298-k-no""},{""title"":""Street View \u0026 360°"",""image"":""https://streetviewpixels-pa.googleapis.com/v1/thumbnail?panoid=WszwEHTaJ33fHws6ddTXjA\u0026cb_client=maps_sv.tactile.gps\u0026w=224\u0026h=298\u0026yaw=63.20822\u0026pitch=0\u0026thumbfov=100""}]","{""link"":"""",""source"":""""}"
e361a6c5-40af-4a0e-bcd7-bec02f397dd6,https://www.google.com/maps/place/Lantai+Satu+Coffe/data=!4m7!3m6!1s0x2de42370e6b7f743:0x93b82df39337585d!8m2!3d-3.3088932!4d114.5789381!16s%2Fg%2F11tp26l01m!19sChIJQ_e35nAj5C0RXVg3k_MtuJM?authuser=0&hl=en&g_ep=EgoyMDI2MDkwMi4wIJJjKgBIAVAD&rclk=1,Lantai Satu Coffe,Coffee shop,"Jl. Cendrawasih Jl. Kelurahan No.03, RT.21/RW.02, Belitung Sel., Kec. Banjarmasin Bar., Kota Banjarmasin, Kalimantan Selatan 70116","{""Friday"":[""10.00 am–12.00 am""],""Monday"":[""10.00 am–12.00 am""],""Saturday"":[""10.00 am–12.00 am""],""Sunday"":[""10.00 am–12.00 am""],""Thursday"":[""10.00 am–12.00 am""],""Tuesday"":[""10.00 am–12.00 am""],""Wednesday"":[""10.00 am–12.00 am""]}","{""Friday"":{""10"":20,""11"":21,""12"":19,""13"":19,""14"":21,""15"":23,""16"":25,""17"":28,""18"":36,""19"":42,""20"":49,""21"":51,""22"":46,""23"":34,""6"":0,""7"":0,""8"":0,""9"":0},""Monday"":{""10"":14,""11"":14,""12"":17,""13"":22,""14"":26,""15"":29,""16"":30,""17"":40,""18"":50,""19"":61,""20"":63,""21"":64,""22"":55,""23"":0,""6"":0,""7"":0,""8"":0,""9"":0},""Saturday"":{""10"":33,""11"":24,""12"":22,""13"":24,""14"":28,""15"":29,""16"":35,""17"":48,""18"":66,""19"":82,""20"":95,""21"":100,""22"":98,""23"":85,""6"":0,""7"":0,""8"":0,""9"":0},""Sunday"":{""10"":14,""11"":18,""12"":24,""13"":32,""14"":36,""15"":37,""16"":38,""17"":46,""18"":55,""19"":68,""20"":74,""21"":73,""22"":60,""23"":43,""6"":0,""7"":0,""8"":0,""9"":0},""Thursday"":{""10"":36,""11"":30,""12"":29,""13"":26,""14"":25,""15"":28,""16"":37,""17"":46,""18"":52,""19"":58,""20"":66,""21"":67,""22"":60,""23"":0,""6"":0,""7"":0,""8"":0,""9"":0},""Tuesday"":{""10"":22,""11"":21,""12"":23,""13"":27,""14"":26,""15"":30,""16"":36,""17"":47,""18"":63,""19"":70,""20"":72,""21"":68,""22"":58,""23"":0,""6"":0,""7"":0,""8"":0,""9"":0},""Wednesday"":{""10"":18,""11"":24,""12"":24,""13"":24,""14"":23,""15"":27,""16"":35,""17"":41,""18"":51,""19"":57,""20"":65,""21"":69,""22"":64,""23"":0,""6"":0,""7"":0,""8"":0,""9"":0}}",70,4.8,"{""1"":0,""2"":0,""3"":1,""4"":9,""5"":60}",-3.308893,114.578938,10644308243460347997,0x2de42370e6b7f743:0x93b82df39337585d,ChIJQ_e35nAj5C0RXVg3k_MtuJM,"[{""title"":""All"",""image"":""https://lh3.googleusercontent.com/gps-cs-s/AHRPTWlKxXRVOUhy0R0pIl353xKeRgXzIggePI5PWOqmW7QurDb1-LXWvP1gWdiBpePgIHNHpbDTNxaLFt_VtrTCV9z0KaOrTb73pAA-io-ap6sieDeF24LY-KAYqGL0wSOH9IRPe1yioSYgzuX3=w224-h398-k-no""},{""title"":""Menu"",""image"":""https://lh3.googleusercontent.com/gps-cs-s/AHRPTWmFTVCpQW-qRCl2mOo_tG2vJTx8iaaicerLRo96R8g7jVsGHU-19tdXMEllwRHhXxezuZIiitXrrkBeYE4yAQUL20frWJmnszVHH5E-MfQXyOxQxHc9jhjbAyAkfmF0v9XiBXFu_o3aLr7r=w224-h398-k-no""},{""title"":""Videos"",""image"":""https://lh3.googleusercontent.com/gps-cs-s/AHRPTWkNc0K9UbGR27YLPlf4UdKgm3Zp-pzEg0xi7_hmTQxBj_2v64x7SOnIJP7ynWJjWgvd0l867akh94hWULXa_BneP6qIbHrKMvDqv1rR45EA2DdQNdUaEAdFoFREdrm6PcIJ_xXzf4tLLZA=w224-h398-k-no""},{""title"":""Food \u0026 drink"",""image"":""https://lh3.googleusercontent.com/gps-cs-s/AHRPTWkCsKc039FoPmMXjzfnwwj4Zzd4a0bPBBF3S1px-qVCroTO9yh_fKjYrnn5Kq8X7_JOGpq8mr3btWC5qNBH8LIAm59cjV7B4BHCPObNKDjljc94eCpUPihWKDjVyIGXC0vD8QO9SLs6iZZP=w224-h398-k-no""},{""title"":""Vibe"",""image"":""https://lh3.googleusercontent.com/gps-cs-s/AHRPTWmf_JwRNl8B4ZF7ZMidLMxiUnce_eJ4wrjfQJRhQ0a0bB41wnfKO8cAUNovgfuD94cnFI5AQtlMAU5K5XEaapct8n1edIrC5s9p-Uu2FUU7Fe36VEaOGlUu5blAmiDj8c_lcyW5SOjs1Uae=w397-h298-k-no""},{""title"":""Coffee"",""image"":""https://lh3.googleusercontent.com/gps-cs-s/AHRPTWnvxQzvlHnzH4aMFmyTrOw3z4tr0C1jG7_9vbP-kUN-vuIzk-SrFSelzWutOxTuPL0NZ4MqNBZGlCaZecpU8mqY2bCZRuBp0snROZIAeQRp0Q2wHMUlmZndpw5sx8ZzkbsOGwLoiFcz57Ws=w224-h298-k-no""},{""title"":""By owner"",""image"":""https://lh3.googleusercontent.com/gps-cs-s/AHRPTWlKxXRVOUhy0R0pIl353xKeRgXzIggePI5PWOqmW7QurDb1-LXWvP1gWdiBpePgIHNHpbDTNxaLFt_VtrTCV9z0KaOrTb73pAA-io-ap6sieDeF24LY-KAYqGL0wSOH9IRPe1yioSYgzuX3=w224-h398-k-no""},{""title"":""Street View \u0026 360°"",""image"":""https://streetviewpixels-pa.googleapis.com/v1/thumbnail?panoid=CDA31k4LLHEnxxFlJN2kbA\u0026cb_client=maps_sv.tactile.gps\u0026w=224\u0026h=298\u0026yaw=216.52115\u0026pitch=0\u0026thumbfov=100""}]","{""link"":"""",""source"":""""}"
e361a6c5-40af-4a0e-bcd7-bec02f397dd6,https://www.google.com/maps/place/Universe+Coffee+banjarmasin/data=!4m7!3m6!1s0x2de423cc2914e7f9:0x46721e9c97444737!8m2!3d-3.3164514!4d114.587045!16s%2Fg%2F11h7f_jsqb!19sChIJ-ecUKcwj5C0RN0dEl5weckY?authuser=0&hl=en&g_ep=EgoyMDI2MDkwMi4wIJJjKgBIAVAD&rclk=1,Universe Coffee banjarmasin,Cafe,"Universe Coffee Banjarmasin, Jl. Meratus No.79, Antasan Besar, Kec. Banjarmasin Tengah, Kota Banjarmasin, Kalimantan Selatan 70111","{""Friday"":[""8.00 am–12.00 am""],""Monday"":[""8.00 am–12.00 am""],""Saturday"":[""8.00 am–12.00 am""],""Sunday"":[""8.00 am–12.00 am""],""Thursday"":[""8.00 am–12.00 am""],""Tuesday"":[""8.00 am–12.00 am""],""Wednesday"":[""8.00 am–12.00 am""]}","{""Friday"":{""10"":32,""11"":41,""12"":54,""13"":58,""14"":56,""15"":50,""16"":44,""17"":45,""18"":47,""19"":55,""20"":65,""21"":66,""22"":59,""23"":40,""6"":0,""7"":0,""8"":16,""9"":25},""Monday"":{""10"":41,""11"":50,""12"":55,""13"":58,""14"":55,""15"":50,""16"":44,""17"":41,""18"":38,""19"":46,""20"":49,""21"":49,""22"":43,""23"":31,""6"":0,""7"":0,""8"":33,""9"":36},""Saturday"":{""10"":32,""11"":38,""12"":44,""13"":46,""14"":50,""15"":50,""16"":48,""17"":43,""18"":44,""19"":63,""20"":87,""21"":100,""22"":97,""23"":72,""6"":0,""7"":0,""8"":14,""9"":23},""Sunday"":{""10"":17,""11"":17,""12"":21,""13"":25,""14"":26,""15"":27,""16"":32,""17"":36,""18"":39,""19"":48,""20"":61,""21"":76,""22"":80,""23"":64,""6"":0,""7"":0,""8"":12,""9"":14},""Thursday"":{""10"":38,""11"":44,""12"":51,""13"":55,""14"":55,""15"":50,""16"":41,""17"":38,""18"":35,""19"":44,""20"":55,""21"":68,""22"":64,""23"":52,""6"":0,""7"":0,""8"":22,""9"":33},""Tuesday"":{""10"":40,""11"":45,""12"":59,""13"":58,""14"":56,""15"":50,""16"":40,""17"":33,""18"":24,""19"":25,""20"":38,""21"":55,""22"":61,""23"":53,""6"":0,""7"":0,""8"":28,""9"":33},""Wednesday"":{""10"":36,""11"":45,""12"":53,""13"":53,""14"":46,""15"":46,""16"":44,""17"":46,""18"":44,""19"":47,""20"":49,""21"":54,""22"":57,""23"":54,""6"":0,""7"":0,""8"":22,""9"":29}}",226,4.7,"{""1"":4,""2"":2,""3"":7,""4"":43,""5"":170}",-3.316451,114.587045,5076153387901536055,0x2de423cc2914e7f9:0x46721e9c97444737,ChIJ-ecUKcwj5C0RN0dEl5weckY,"[{""title"":""All"",""image"":""https://lh3.googleusercontent.com/gps-cs-s/AHRPTWnaSOMRudC6aP2ogGy-Br6P_moklLVuq-FoxJYpFhXpdx3DYKEfUqAP0FGm1OvGkzzxDEFFW-zFN8yoHgxYXEcc_vbpuGUBqmlkcRUQQWTjaYB5luS8yYgio00QmGyiIf06AU128S_Bo2X4=w447-h298-k-no""},{""title"":""Menu"",""image"":""https://lh3.googleusercontent.com/gps-cs-s/AHRPTWm99GL5Y6buFO1e7LtP0IL-NgqmGCo-YohWQmcmxpisUGNcdPgyz54to1UTKD_nBtDgTr2ilYwNFj1bhyphhvgfYWBzMLK_Dg11quufKLcYBXowghUSQdxIYDh6XsKDqBrtOnfB=w224-h298-k-no""},{""title"":""Videos"",""image"":""https://lh3.googleusercontent.com/gps-cs-s/AHRPTWnIjufd_hSErL6av-NnuV5oObssc3JGxLKhG-23rnRY6Y5e8Sk50NwWpGJf5f7t0f5NiEETKLnX4xVG0T2W67_i5tsIVt3CYjQS567FwRmwhafbfyYVpvOr9WhPW778kUrTK0HnaopTMozA=w224-h398-k-no""},{""title"":""Food \u0026 drink"",""image"":""https://lh3.googleusercontent.com/gps-cs-s/AHRPTWlXC_YYha5l5F0Wn_hxCoFGRf4Lhse5ZXA6vU2JANas7jDyLNFsfZR0KH6c9EJcJOp-8YLkxBxSAuzlbMatrc_T-BOQI9HpRXDjimaIyhFH_vFs6j_89blxZLAfopgTlawa804rU4HC-40=w224-h336-k-no""},{""title"":""Vibe"",""image"":""https://lh3.googleusercontent.com/gps-cs-s/AHRPTWlch5iJ4aURtrPGiD-MU4YuGfw_tHCW3cv9O0k01IqZ9n7Sbn_ytDcp12GWFjnW21pBK4DPIHGuILEGy5PjzY_fnFr7J-LNxPLJj3_TWWK9CZagyDjnlu-_cErrMpMpOOBOfGA=w298-h298-k-no""},{""title"":""Iced coffee"",""image"":""https://lh3.googleusercontent.com/gps-cs-s/AHRPTWkEIZsQf13N_U_aDHbRRuGDGN-j4BO5u86JOSdKg_MJ9UJJIdNff91FnBeA_doFJCfwb8UAywrl3veNhUxP3DYWhpm8FZ4Gy8biOSO4Sr3WbcHUzsjFfgMVfrMeagV6Hvt6CL6laxgJDxad=w224-h298-k-no""},{""title"":""Nasi goreng"",""image"":""https://lh3.googleusercontent.com/gps-cs-s/AHRPTWmM9gzVrle-nUGYqbpiwKV4zyZcbYYxwmaPiuTpbkCCX411k9ROvm4kbLoEtFpjnMdC2jd1e2O46rZKIfvim0tBeVZZ8vLImS3ifiIdWhbiXVJd0PBrD5fyoQr34vS97Dc7Gz0kkRiL9jk4=w447-h298-k-no""},{""title"":""Coffee"",""image"":""https://lh3.googleusercontent.com/gps-cs-s/AHRPTWmdtvsG1XXHVnsdwmWFXsLFkQsw55GdGBZnT1j8XmzZzUAFvShN1hshDmd_d_5QEtrllOYuoDT6DLU8-lRRtHqtQwwJpwLm-huXNfpQ_u-UINJHf2bCaKZ7mx-EPLy6zN-WpPTm=w224-h398-k-no""},{""title"":""Latte"",""image"":""https://lh3.googleusercontent.com/gps-cs-s/AHRPTWkks7RJKkj3jSXclyT0mN8Jtqu52jwOywIgA5c0LdbfOHe0htcYJCvCpM_uxovP_T2IocFVeT7dmbUMDUKpEuqvRNnRgCSB7uttO5UvRSQtXMbJleM9oDnxdT8h1aUw6da_KJxPx8IAG6Y=w447-h298-k-no""},{""title"":""Cold brew coffee"",""image"":""https://lh3.googleusercontent.com/gps-cs-s/AHRPTWlUamZ4GDi3b-v6J7uS9-QIES0O0LPjei4GLrVhMjyL8jwGO7wulObCS3-5UwjisvIGrC4BZNwV-p60auw7Huq3nDrVa1zEdp2RuK6i_TjHvOU2XtJT9afl1ol3lVWXcgithrGx=w224-h298-k-no""},{""title"":""Street View \u0026 360°"",""image"":""https://streetviewpixels-pa.googleapis.com/v1/thumbnail?panoid=6aBRWmwO33pDCFBZZ70O6w\u0026cb_client=maps_sv.tactile.gps\u0026w=224\u0026h=298\u0026yaw=250.53938\u0026pitch=0\u0026thumbfov=100""}]","{""link"":"""",""source"":""""}"
e361a6c5-40af-4a0e-bcd7-bec02f397dd6,https://www.google.com/maps/place/Anakala/data=!4m7!3m6!1s0x2de4275e2bd5fe51:0xa3eb564d526ff4de!8m2!3d-3.3484141!4d114.6194741!16s%2Fg%2F11v5b_c_rg!19sChIJUf7VK14n5C0R3vRvUk1W66M?authuser=0&hl=en&g_ep=EgoyMDI2MDkwMi4wIJJjKgBIAVAD&rclk=1,Anakala,Coffee shop,"Jl. Raya Banjar Indah Permai No.70, RT.09/RW.01, Pemurus Dalam, Kec. Banjarmasin Sel., Kota Banjarmasin, Kalimantan Selatan 70248","{""Friday"":[""Closed""],""Monday"":[""8.00 am–10.30 pm""],""Saturday"":[""8.00 am–10.30 pm""],""Sunday"":[""8.00 am–10.30 pm""],""Thursday"":[""8.00 am–10.30 pm""],""Tuesday"":[""8.00 am–10.30 pm""],""Wednesday"":[""8.00 am–10.30 pm""]}","{""Friday"":{},""Monday"":{""10"":75,""11"":50,""12"":18,""13"":12,""14"":18,""15"":25,""16"":37,""17"":43,""18"":62,""19"":62,""20"":62,""21"":62,""22"":68,""23"":0,""6"":0,""7"":0,""8"":81,""9"":100},""Saturday"":{""10"":50,""11"":50,""12"":25,""13"":25,""14"":31,""15"":50,""16"":25,""17"":12,""18"":18,""19"":37,""20"":56,""21"":62,""22"":43,""23"":0,""6"":0,""7"":0,""8"":43,""9"":68},""Sunday"":{""10"":62,""11"":37,""12"":31,""13"":25,""14"":25,""15"":25,""16"":18,""17"":25,""18"":25,""19"":37,""20"":31,""21"":37,""22"":31,""23"":0,""6"":0,""7"":0,""8"":68,""9"":62},""Thursday"":{""10"":43,""11"":31,""12"":43,""13"":31,""14"":43,""15"":37,""16"":50,""17"":37,""18"":31,""19"":25,""20"":31,""21"":37,""22"":68,""23"":0,""6"":0,""7"":0,""8"":37,""9"":31},""Tuesday"":{""10"":43,""11"":68,""12"":50,""13"":56,""14"":31,""15"":31,""16"":25,""17"":31,""18"":31,""19"":37,""20"":37,""21"":68,""22"":81,""23"":0,""6"":0,""7"":0,""8"":56,""9"":56},""Wednesday"":{""10"":68,""11"":56,""12"":62,""13"":81,""14"":81,""15"":81,""16"":75,""17"":50,""18"":31,""19"":25,""20"":25,""21"":25,""22"":37,""23"":0,""6"":0,""7"":0,""8"":56,""9"":62}}",1,5.0,"{""1"":0,""2"":0,""3"":0,""4"":0,""5"":1}",-3.348414,114.619474,11811629337804797150,0x2de4275e2bd5fe51:0xa3eb564d526ff4de,ChIJUf7VK14n5C0R3vRvUk1W66M,"[{""title"":""All"",""image"":""https://lh3.googleusercontent.com/gps-cs-s/AHRPTWlcMZfYBL2766lf5yYiP1sOJ5pP19tM2Yp1tFDcYxDvHRbshf3N8L7hRhwzxJGmf5yj0houzpxhGM0mPc0M9jlQpL3WWWI-mawsYkDa9l9PiYCjkleuWSlrJebVxP_h-CyUOrk-dg=w224-h336-k-no""},{""title"":""Food \u0026 drink"",""image"":""https://lh3.googleusercontent.com/gps-cs-s/AHRPTWlfGyQELPVqUxP0rJJllVPKraS24Ualh-UDHUVGtTZl6CddNvA5yXzItyl96KjQu0ppTs1d3_-ZaGwqN_aYwTO9mfZX5SGs1mruK9Ul1Q6SiKeXnTstPT_so7CEy4tZxFkgC0zy=w224-h336-k-no""},{""title"":""Videos"",""image"":""https://lh3.googleusercontent.com/gps-cs-s/AHRPTWnwAyNJePdVj-YX1zjwpgKXtICKWi9DkI86nXv4kjxyr7ZrzSVQZQ597-icUaq6CHqZh8VhbJZc2OTNKdBAzDOzBk3PS4JWEuYmgSgbCM8uw85YT0s-RJ_wmvIx5FnlVaPcnARV=w224-h398-k-no""},{""title"":""Vibe"",""image"":""https://lh3.googleusercontent.com/gps-cs-s/AHRPTWlcMZfYBL2766lf5yYiP1sOJ5pP19tM2Yp1tFDcYxDvHRbshf3N8L7hRhwzxJGmf5yj0houzpxhGM0mPc0M9jlQpL3WWWI-mawsYkDa9l9PiYCjkleuWSlrJebVxP_h-CyUOrk-dg=w224-h336-k-no""},{""title"":""Coffee"",""image"":""https://lh3.googleusercontent.com/gps-cs-s/AHRPTWnmdZx81_xVckAN8qOYZWX2bZzaHwoK-aykomVov3Ao1r54Lw0PHN06DQwQkIKD-BaxsgbxPzeKyE4ow6wK936K2x7_Mqi6wf5XrBViOjrVBWcHB8_M14vE8GlQd5O16heFKIqtUQ=w224-h298-k-no""},{""title"":""By owner"",""image"":""https://lh3.googleusercontent.com/gps-cs-s/AHRPTWkqHJa4bWN7ms9y7ldRhd4_6TtFFUt2V4KGrmvXn8eRz9m0s9evRX0fH73JLbJU_J27-ZYCJ2GaH0Fnype4bv2vbtQJij1Oel1JSh1gU-sMRpCR0pXLohrGzV4M0t1ONjiCRZZ-=w224-h398-k-no""},{""title"":""Street View \u0026 360°"",""image"":""https://streetviewpixels-pa.googleapis.com/v1/thumbnail?panoid=kTuIBMcrG5H4c7sbTqP1IQ\u0026cb_client=maps_sv.tactile.gps\u0026w=224\u0026h=298\u0026yaw=165.66827\u0026pitch=0\u0026thumbfov=100""}]","{""link"":"""",""source"":""""}"
e361a6c5-40af-4a0e-bcd7-bec02f397dd6,https://www.google.com/maps/place/Threelights+Cakes/data=!4m7!3m6!1s0x2de421b840961879:0x3bc0545a864ca93c!8m2!3d-3.3463335!4d114.6219854!16s%2Fg%2F11h6yrfvcl!19sChIJeRiWQLgh5C0RPKlMhlpUwDs?authuser=0&hl=en&g_ep=EgoyMDI2MDkwMi4wIJJjKgBIAVAD&rclk=1,Threelights Cakes,Cake shop,"Jl. Raya Banjar Indah Permai No.15d, Pemurus Dalam, Banjarmasin Selatan, Banjarmasin City, South Kalimantan 70238","{""Friday"":[""9.00 am–10.00 pm""],""Monday"":[""9.00 am–10.00 pm""],""Saturday"":[""9.00 am–10.00 pm""],""Sunday"":[""9.00 am–10.00 pm""],""Thursday"":[""9.00 am–10.00 pm""],""Tuesday"":[""9.00 am–10.00 pm""],""Wednesday"":[""9.00 am–10.00 pm""]}","{""Friday"":{""10"":34,""11"":38,""12"":40,""13"":42,""14"":48,""15"":55,""16"":64,""17"":72,""18"":79,""19"":85,""20"":85,""21"":68,""22"":0,""23"":0,""6"":0,""7"":0,""8"":0,""9"":28},""Monday"":{""10"":34,""11"":41,""12"":43,""13"":45,""14"":49,""15"":53,""16"":61,""17"":70,""18"":78,""19"":82,""20"":79,""21"":62,""22"":0,""23"":0,""6"":0,""7"":0,""8"":0,""9"":26},""Saturday"":{""10"":35,""11"":46,""12"":53,""13"":59,""14"":59,""15"":62,""16"":67,""17"":78,""18"":89,""19"":100,""20"":99,""21"":82,""22"":0,""23"":0,""6"":0,""7"":0,""8"":0,""9"":25},""Sunday"":{""10"":38,""11"":47,""12"":53,""13"":58,""14"":56,""15"":57,""16"":63,""17"":74,""18"":86,""19"":94,""20"":92,""21"":72,""22"":0,""23"":0,""6"":0,""7"":0,""8"":0,""9"":29},""Thursday"":{""10"":31,""11"":36,""12"":40,""13"":44,""14"":48,""15"":53,""16"":59,""17"":68,""18"":75,""19"":82,""20"":75,""21"":63,""22"":0,""23"":0,""6"":0,""7"":0,""8"":0,""9"":23},""Tuesday"":{""10"":30,""11"":38,""12"":45,""13"":47,""14"":46,""15"":51,""16"":59,""17"":74,""18"":85,""19"":88,""20"":79,""21"":56,""22"":0,""23"":0,""6"":0,""7"":0,""8"":0,""9"":23},""Wednesday"":{""10"":32,""11"":37,""12"":42,""13"":43,""14"":43,""15"":44,""16"":53,""17"":67,""18"":79,""19"":82,""20"":78,""21"":63,""22"":0,""23"":0,""6"":0,""7"":0,""8"":0,""9"":26}}",1096,4.6,"{""1"":42,""2"":18,""3"":36,""4"":125,""5"":875}",-3.346333,114.621985,4305533991543155004,0x2de421b840961879:0x3bc0545a864ca93c,ChIJeRiWQLgh5C0RPKlMhlpUwDs,"[{""title"":""All"",""image"":""https://lh3.googleusercontent.com/gps-cs-s/AHRPTWnfML0a_KtLMi6NQFT8YF0hElFGT7eZTtOFMGCRbHKsGjseBIJmjUYWUw_M68McxkL1PDqYd6Qdcyvmi63umfHEy7Nj5h_1pRJtTrqHGPIpj0awuiUy5A2re8VBr9Uf7VfSViaWHlyzeSo4=w224-h298-k-no""},{""title"":""Latest"",""image"":""https://lh3.googleusercontent.com/gps-cs-s/AHRPTWl5NYEaPe6rTpiP4miMq7dyu-Ptxsdpkze1bAtT9Ax1TTVN-bOmazErT3Z0DzIfx7Hpeq66JVTRkZ1mefphs_381c2svuQ059ivhICwlj8K-VWbe9wvxQXkM_JxQ_VTEJcgMYdq_OP_Edzh=w224-h298-k-no""},{""title"":""Videos"",""image"":""https://lh3.googleusercontent.com/gps-cs-s/AHRPTWkGkLH3mK6RKZhtol7n4YY_wblf3NL3H3OZ0NAihmOFd6-rR7lcPxBOpfOPAYk4JLrRkX1caZQymSTWdf6na9ba7pMZ_guhzLThECYy8Nfzt-Mzqpz3cQQDjcRbt8iwdoyudLFWENhfxoiH=w224-h398-k-no""},{""title"":""Menu"",""image"":""https://lh3.googleusercontent.com/gps-cs-s/AHRPTWlOcFxZKCHwyG5H23PGgJoLCWZM1CbHp7eH3SakP5j3z50ipbFnaELTDOLfbu1-CxKbtniLN3pedIV5A8ou68HLMP7Q6hqAgiuHtr5PvbjSceMrkvyllwnagLOUfES22KHeP24leQ=w224-h298-k-no""},{""title"":""Food \u0026 drink"",""image"":""https://lh3.googleusercontent.com/gps-cs-s/AHRPTWm9ZuvfC9W3Yt_swPn8gNxlrpXbURGYqqOZoIGMkeXn9tTF2YAPvGj4ayBIMV7n8jsGjE-aJL28yOtGu3Ip3RPe4v6RSzfU3ZDQvmFEfSWAvTgNZk2DCon3a8CdYfFC68XOm9gpsUWeSkHh=w224-h298-k-no""},{""title"":""Vibe"",""image"":""https://lh3.googleusercontent.com/gps-cs-s/AHRPTWmpHOQSgcO8TiRzL0uz4wg0vdKlSkHzinIh4S192qD6qE3nFTvpgHIww7Qqx1XxX1VtDnxftdiJ7L6U49F3IU3-XFF51Mntjj399xeGiv3-duUstX-Jj_imDo4thk80AyH2xM8WM1uoWNL4=w224-h298-k-no""},{""title"":""Cake"",""image"":""https://lh3.googleusercontent.com/gps-cs-s/AHRPTWm9ZuvfC9W3Yt_swPn8gNxlrpXbURGYqqOZoIGMkeXn9tTF2YAPvGj4ayBIMV7n8jsGjE-aJL28yOtGu3Ip3RPe4v6RSzfU3ZDQvmFEfSWAvTgNZk2DCon3a8CdYfFC68XOm9gpsUWeSkHh=w224-h298-k-no""},{""title"":""Macaron"",""image"":""https://lh3.googleusercontent.com/gps-cs-s/AHRPTWlKFjKTEpTHGdyqJA-7mRwPFAZv28z4oT_6jRAt3LICVJqXDUHkgtJd_KHKz3AdV3rU9omXkG4AtM8Kmf-KQ3d-dCVyApMCMM3dQ4oytjxhJT-zj4kxYkuO8TzS2Ng3cqs5V4amvUtaV8Y=w224-h298-k-no""},{""title"":""Gelato"",""image"":""https://lh3.googleusercontent.com/gps-cs-s/AHRPTWkgHSBav85dscM4PBE7adV0m2J_yMssljMuAeO-Kavgzsm_Ff4Ib-8bNNuTobUG-d0gekAphy7ED_8KcYhg4UvBlDcj0x8QtUdg7WhdkIpVbP7YnBOxPxmKzD4EEMTzBI9sF_1F8lAzscab=w224-h298-k-no""},{""title"":""Iced tea"",""image"":""https://lh3.googleusercontent.com/gps-cs-s/AHRPTWlrswaPJK5m-VN6blR6WSjTpS59bela63fGJE3L7YNFqCQAXkFGKPLu53rXOpm10xLjnBZ9fFS4x34Fqr-hB0ils16SvhsP-bW-zAaS65vxEcLSyHx-DFZsd7eTHfRV1acuwLuwJiHtsf4Z=w224-h479-k-no""},{""title"":""By owner"",""image"":""https://lh3.googleusercontent.com/gps-cs-s/AHRPTWmN1mCT-5DdMmDroZOe61DjGv9bA5E7qKqzblut9DChpe56uaFdkiMtD_9e-HiVtS3uVEjZZO23f-kaBDHMzSP3skvmnshWxrz4CInOUAGlVLLE1z_vBnqvSLr0ynSowjey-Oren5eo4gw=w224-h298-k-no""},{""title"":""Street View \u0026 360°"",""image"":""https://streetviewpixels-pa.googleapis.com/v1/thumbnail?panoid=Mg_OQkUglrM616A1Jcqm6w\u0026cb_client=maps_sv.tactile.gps\u0026w=224\u0026h=298\u0026yaw=275.975\u0026pitch=0\u0026thumbfov=100""}]","{""link"":"""",""source"":""""}"
e361a6c5-40af-4a0e-bcd7-bec02f397dd6,https://www.google.com/maps/place/RM.DAPUR+BANJAR+%26+CAFE/data=!4m7!3m6!1s0x2de4239c8397085d:0x2652cd65fc151835!8m2!3d-3.2975584!4d114.6047916!16s%2Fg%2F11c6f56llf!19sChIJXQiXg5wj5C0RNRgV_GXNUiY?authuser=0&hl=en&g_ep=EgoyMDI2MDkwMi4wIJJjKgBIAVAD&rclk=1,RM.DAPUR BANJAR & CAFE,Diner,"Jl. Sultan Adam No.28, Surgi Mufti, Kec. Banjarmasin Utara, Kota Banjarmasin, Kalimantan Selatan 70122","{""Friday"":[""4.00 pm–12.00 am""],""Monday"":[""4.00 pm–12.00 am""],""Saturday"":[""4.00 pm–12.00 am""],""Sunday"":[""4.00 pm–12.00 am""],""Thursday"":[""4.00 pm–12.00 am""],""Tuesday"":[""4.00 pm–12.00 am""],""Wednesday"":[""4.00 pm–12.00 am""]}",{},15,4.1,"{""1"":1,""2"":0,""3"":3,""4"":3,""5"":8}",-3.297558,114.604792,2761495359436167221,0x2de4239c8397085d:0x2652cd65fc151835,ChIJXQiXg5wj5C0RNRgV_GXNUiY,"[{""title"":""All"",""image"":""https://lh3.googleusercontent.com/gps-cs-s/AHRPTWn8El2P9nR3c1karIhFxlbYKh1SQ6JkaF17vGR7Wf3cca-Ht7xfVMnR3Y4isgCCXxwn9IFhdsCR9P1FMzLV0s_QQ-2a_og35BSOLxOd-ycBq7JQNq9-vv_9rrcdxrmYyB4zdpM=w298-h298-k-no""},{""title"":""Menu"",""image"":""https://lh3.googleusercontent.com/gps-cs-s/AHRPTWkEI_LP6xug6QcSRzMzI89UhVYFxC7plEl1SFdPlVrJNHkoUWoV3CtPz5Gl8v8s94jj6sPjwd3zJni8r8kk3C_MVfixB6h4FZa8pWpQP4oxvGZG46I9GoH44lOoiBMMaSZfumaA=w298-h298-k-no""},{""title"":""Food \u0026 drink"",""image"":""https://lh3.googleusercontent.com/gps-cs-s/AHRPTWmN4DywarwFregVBgU2esmJYuPeI6BxHgeOJTX4wHap_GI-IBowd7Du9l1GD7e9_ycT4onOcv2eA76jN62PHa9npEFjvUtpfgOo4KON_qDoY1si9m8b54dtVYIEzwg5l1wlroY=w298-h298-k-no""},{""title"":""Vibe"",""image"":""https://lh3.googleusercontent.com/gps-cs-s/AHRPTWnmx1hhWmNUHBjc8lAa6LVZ5d_BaH1-YOdvgxe4i_QWUnYB9jU-tRVCvDF23RZfEUaT4ZmAonUxPJPi5SJ0rrwaAZSKMvbkGbL0drdCIrUZHPogTEeIXzyCNubjskh-9Y51J9wdSQ=w397-h298-k-no""},{""title"":""Street View \u0026 360°"",""image"":""https://streetviewpixels-pa.googleapis.com/v1/thumbnail?panoid=Z2Ax3lTagZRI2VyXHWBa-g\u0026cb_client=maps_sv.tactile.gps\u0026w=224\u0026h=298\u0026yaw=51.89542\u0026pitch=0\u0026thumbfov=100""}]","{""link"":"""",""source"":""""}"
e361a6c5-40af-4a0e-bcd7-bec02f397dd6,https://www.google.com/maps/place/Hang+Out+Cafe/data=!4m7!3m6!1s0x2de423318fed5585:0x9176ecf6dd165e07!8m2!3d-3.3049025!4d114.5882371!16s%2Fg%2F11rf7lz7hs!19sChIJhVXtjzEj5C0RB14W3fbsdpE?authuser=0&hl=en&g_ep=EgoyMDI2MDkwMi4wIJJjKgBIAVAD&rclk=1,Hang Out Cafe,Cafe,"Jl. Antasan Kecil Barat No.131, Pasar Lama, Banjarmasin Tengah, Banjarmasin City, South Kalimantan 70123","{""Friday"":[""3.00–11.59 pm""],""Monday"":[""3.00–11.59 pm""],""Saturday"":[""3.00–11.59 pm""],""Sunday"":[""Closed""],""Thursday"":[""3.00–11.59 pm""],""Tuesday"":[""3.00–11.59 pm""],""Wednesday"":[""3.00–11.59 pm""]}",{},26,4.8,"{""1"":0,""2"":1,""3"":0,""4"":2,""5"":23}",-3.304902,114.588237,10481825727766748679,0x2de423318fed5585:0x9176ecf6dd165e07,ChIJhVXtjzEj5C0RB14W3fbsdpE,"[{""title"":""All"",""image"":""https://lh3.googleusercontent.com/gps-cs-s/AHRPTWn7ZHsHuNZVptVY6yUlkle1PG0qANiPPSeXxGyGUjf-seUYZxHdYLG74EZ2eMW1Aj2Gzisa5_nCLbTwpzGH-m86gmZ8mH2zbl0lkEAuvCkjrAxDfInJchNa8_oQK-i6ZPGDDHnK3w=w501-h298-k-no""},{""title"":""Menu"",""image"":""https://lh3.googleusercontent.com/gps-cs-s/AHRPTWlprQws-7fQ3SERab9rCpyAaOycqulxfmx5Oljm8KJa2j4blNsI0VpkkwgC7B8pa-AMzX3GvNPIcNvB4tFo8i-1Ma5GEsVLaerX1aRFvTXzbOaoY_KiR47Hw2iSTIVhY1R_Y764=w224-h398-k-no""},{""title"":""Videos"",""image"":""https://lh3.googleusercontent.com/gps-cs-s/AHRPTWldZYKUJgE3EAS9jwK-1t8m4o5fswtuasKQWWOsvXMtEX6HuRIVjVZkngh0ERNOL_ROOmTj8aKLfSE8zBWbLw6pydAGf809ZbptVmM-IsoP8OR50QqB2fkVdqKEeBCOcoxrTf0=w224-h398-k-no""},{""title"":""Food \u0026 drink"",""image"":""https://lh3.googleusercontent.com/gps-cs-s/AHRPTWkQa9BB9FsJfT1HTa7YlGXWfU7q_5l4NLfDSvTXaJrU7hi4szm9c8zibi4URxUf_qO18WehnP5_xbLmaqE4HRggkwaSCQBWLmcwn6KqNIKpNm3uTbuXR87B4EdTVOIwz075VYfo=w397-h298-k-no""},{""title"":""Vibe"",""image"":""https://lh3.googleusercontent.com/gps-cs-s/AHRPTWlvhHQQ4YcUbDc4DbEKjaR82RUrY9nu0iVfFmASYj0bMdA_C5tn__s_ywiohgdlDOtswnCsyfNnvXPO03LExRIWKFEZVHTrYtlARVgwO5QIm3GJlOyFkMSkSSotxv5gqMTdYExmZw=w412-h298-k-no""},{""title"":""Street View \u0026 360°"",""image"":""https://streetviewpixels-pa.googleapis.com/v1/thumbnail?panoid=BHZ42Q_wxF5fIK9ycjOkqA\u0026cb_client=maps_sv.tactile.gps\u0026w=224\u0026h=298\u0026yaw=197.08197\u0026pitch=0\u0026thumbfov=100""}]","{""link"":"""",""source"":""""}"
e361a6c5-40af-4a0e-bcd7-bec02f397dd6,https://www.google.com/maps/place/Tjap+kemiri/data=!4m7!3m6!1s0x2de4211e74e90bdf:0x6842638e19559e28!8m2!3d-3.3314585!4d114.6186549!16s%2Fg%2F11mlbds_44!19sChIJ3wvpdB4h5C0RKJ5VGY5jQmg?authuser=0&hl=en&g_ep=EgoyMDI2MDkwMi4wIJJjKgBIAVAD&rclk=1,Tjap kemiri,Snack bar,"Jl. Kemiri Jl. Gatot Subroto, Kebun Bunga, Kec. Banjarmasin Tim., Kota Banjarmasin, Kalimantan Selatan 70237","{""Friday"":[""10.00 am–11.00 pm""],""Monday"":[""10.00 am–11.00 pm""],""Saturday"":[""10.00 am–11.00 pm""],""Sunday"":[""10.00 am–11.00 pm""],""Thursday"":[""10.00 am–11.00 pm""],""Tuesday"":[""10.00 am–11.00 pm""],""Wednesday"":[""10.00 am–11.00 pm""]}","{""Friday"":{""10"":57,""11"":75,""12"":77,""13"":76,""14"":64,""15"":64,""16"":70,""17"":73,""18"":70,""19"":64,""20"":73,""21"":77,""22"":73,""23"":0,""6"":0,""7"":0,""8"":0,""9"":0},""Monday"":{""10"":48,""11"":51,""12"":58,""13"":64,""14"":73,""15"":69,""16"":69,""17"":69,""18"":82,""19"":76,""20"":76,""21"":67,""22"":54,""23"":0,""6"":0,""7"":0,""8"":0,""9"":0},""Saturday"":{""10"":57,""11"":66,""12"":76,""13"":72,""14"":70,""15"":55,""16"":50,""17"":50,""18"":47,""19"":57,""20"":66,""21"":83,""22"":73,""23"":0,""6"":0,""7"":0,""8"":0,""9"":0},""Sunday"":{""10"":8,""11"":14,""12"":23,""13"":32,""14"":39,""15"":42,""16"":44,""17"":58,""18"":70,""19"":80,""20"":88,""21"":85,""22"":70,""23"":0,""6"":0,""7"":0,""8"":0,""9"":0},""Thursday"":{""10"":32,""11"":35,""12"":32,""13"":45,""14"":61,""15"":77,""16"":79,""17"":80,""18"":83,""19"":82,""20"":80,""21"":80,""22"":70,""23"":0,""6"":0,""7"":0,""8"":0,""9"":0},""Tuesday"":{""10"":38,""11"":61,""12"":60,""13"":60,""14"":57,""15"":67,""16"":79,""17"":100,""18"":100,""19"":91,""20"":80,""21"":79,""22"":67,""23"":0,""6"":0,""7"":0,""8"":0,""9"":0},""Wednesday"":{""10"":41,""11"":50,""12"":58,""13"":60,""14"":63,""15"":67,""16"":67,""17"":70,""18"":72,""19"":75,""20"":77,""21"":75,""22"":64,""23"":0,""6"":0,""7"":0,""8"":0,""9"":0}}",53,4.8,"{""1"":0,""2"":1,""3"":1,""4"":3,""5"":48}",-3.331458,114.618655,7512676590368955944,0x2de4211e74e90bdf:0x6842638e19559e28,ChIJ3wvpdB4h5C0RKJ5VGY5jQmg,"[{""title"":""All"",""image"":""https://lh3.googleusercontent.com/gps-cs-s/AHRPTWlHci5JH-tUVw89O7wjF4YViEAXLIfi69VUAgIenzMj50Ai1lJaPo0SJ_7mmRyGvjCpAKG9ZT0O8ed5HQYv0vUIP2BMYA2JTWWVdAegaoFupgXWsz8yju2f5yO-twMi3OAOSHcnNyYmzNNB=w231-h298-k-no""},{""title"":""Menu"",""image"":""https://lh3.googleusercontent.com/gps-cs-s/AHRPTWnvto8BlJyTyKqXAOQASY_m2u4KT1hkREkCMW95c90gUO5u5NhDf7juVEtHsE9VBU_4d9vQMYw-83YO4K9bv2JAzHOENEeCFpvOMMcwCBelixJZif_XbPX0BWRfuKU7o7gEu_XL3m192UYK=w224-h298-k-no""},{""title"":""Videos"",""image"":""https://lh3.googleusercontent.com/gps-cs-s/AHRPTWlyXy1Q1kApwBUoFMeV299e8CA4AyoecD8LbIyzfcoTWFk1IcEOkQI57CANcbbtQ4O56raApf4n26YY5yQoMoEs2KVtyxnOwXwk_jpMfsACbXWiJSXfBBhlJD0mybBaMfMPp68q0DpNlTMl=w529-h298-k-no""},{""title"":""Food \u0026 drink"",""image"":""https://lh3.googleusercontent.com/gps-cs-s/AHRPTWlCZdv0g6WyrGt2tDBPKz3KtDPnHxFIA0fdVqWZ9Kv_nUb8nimQ-XGZdzgPRXsLKrB9MMSgNCf2RqyKDMYOZgj3qpBv2_H5i8oDZsXp8LkjgwGnoyb_mTnd4-vtkthCNuw34ELqjh-hDnlF=w224-h298-k-no""},{""title"":""Vibe"",""image"":""https://lh3.googleusercontent.com/gps-cs-s/AHRPTWnDPLlOMS5OQjY45hnOu7W6Q2UOPRF27fQPPBLxNBlhYZYSSafTc2SDwT9wcCe1xlUssYMyhUsCCdxSRu6a2IAdeRScIAfJRCgR83jkLZAolW2rX0yq_ka-HT9QfIxk9t_BW0XUestBMac=w224-h298-k-no""},{""title"":""Street View \u0026 360°"",""image"":""https://streetviewpixels-pa.googleapis.com/v1/thumbnail?panoid=o23Ah87CFxj-CcOVkO1uDg\u0026cb_client=maps_sv.tactile.gps\u0026w=224\u0026h=298\u0026yaw=43.454468\u0026pitch=0\u0026thumbfov=100""}]","{""link"":"""",""source"":""""}"
e361a6c5-40af-4a0e-bcd7-bec02f397dd6,https://www.google.com/maps/place/The+Efa+Cafe/data=!4m7!3m6!1s0x2de426c91df19539:0xe33388b72d5e1fa0!8m2!3d-3.3511369!4d114.6287231!16s%2Fg%2F11b6_cgj53!19sChIJOZXxHckm5C0RoB9eLbeIM-M?authuser=0&hl=en&g_ep=EgoyMDI2MDkwMi4wIJJjKgBIAVAD&rclk=1,The Efa Cafe,Cafe,"Jl. A. Yani No.KM.6, Pemurus Luar, Banjarmasin Timur, Banjarmasin City, South Kalimantan 70235","{""Friday"":[""Open 24 hours""],""Monday"":[""Open 24 hours""],""Saturday"":[""Open 24 hours""],""Sunday"":[""Open 24 hours""],""Thursday"":[""Open 24 hours""],""Tuesday"":[""Open 24 hours""],""Wednesday"":[""Open 24 hours""]}","{""Friday"":{""0"":27,""1"":22,""10"":50,""11"":44,""12"":33,""13"":33,""14"":27,""15"":33,""16"":44,""17"":44,""18"":61,""19"":61,""2"":22,""20"":55,""21"":44,""22"":44,""23"":38,""3"":27,""4"":27,""5"":38,""6"":38,""7"":44,""8"":50,""9"":61},""Monday"":{""0"":44,""1"":22,""10"":61,""11"":66,""12"":38,""13"":27,""14"":22,""15"":27,""16"":38,""17"":44,""18"":44,""19"":44,""2"":16,""20"":33,""21"":38,""22"":44,""23"":55,""3"":27,""4"":38,""5"":44,""6"":27,""7"":27,""8"":44,""9"":44},""Saturday"":{""0"":50,""1"":44,""10"":38,""11"":44,""12"":44,""13"":44,""14"":38,""15"":44,""16"":50,""17"":55,""18"":55,""19"":55,""2"":38,""20"":44,""21"":38,""22"":44,""23"":55,""3"":33,""4"":55,""5"":61,""6"":72,""7"":72,""8"":61,""9"":50},""Sunday"":{""0"":16,""1"":27,""10"":38,""11"":44,""12"":27,""13"":27,""14"":27,""15"":38,""16"":44,""17"":61,""18"":55,""19"":55,""2"":33,""20"":33,""21"":33,""22"":22,""23"":16,""3"":22,""4"":22,""5"":27,""6"":50,""7"":55,""8"":38,""9"":44},""Thursday"":{""0"":100,""1"":72,""10"":44,""11"":38,""12"":44,""13"":38,""14"":55,""15"":50,""16"":38,""17"":22,""18"":22,""19"":33,""2"":55,""20"":44,""21"":38,""22"":66,""23"":72,""3"":27,""4"":16,""5"":11,""6"":16,""7"":16,""8"":22,""9"":33},""Tuesday"":{""0"":61,""1"":50,""10"":27,""11"":44,""12"":44,""13"":50,""14"":38,""15"":44,""16"":66,""17"":77,""18"":66,""19"":50,""2"":61,""20"":50,""21"":50,""22"":61,""23"":50,""3"":55,""4"":33,""5"":22,""6"":11,""7"":16,""8"":27,""9"":22},""Wednesday"":{""0"":72,""1"":44,""10"":66,""11"":50,""12"":38,""13"":50,""14"":33,""15"":38,""16"":33,""17"":38,""18"":50,""19"":38,""2"":27,""20"":33,""21"":44,""22"":72,""23"":77,""3"":27,""4"":33,""5"":50,""6"":61,""7"":61,""8"":55,""9"":55}}",181,4.2,"{""1"":9,""2"":6,""3"":20,""4"":43,""5"":103}",-3.351137,114.628723,16371579390743420832,0x2de426c91df19539:0xe33388b72d5e1fa0,ChIJOZXxHckm5C0RoB9eLbeIM-M,"[{""title"":""All"",""image"":""https://lh3.googleusercontent.com/gps-cs-s/AHRPTWkjMVxkqTUDOzUImbXcxtu1Lm4D6s1Re8Wcbej5hbXBeZfmO1QRQHSwrtRrGSPufQTlX5LTYUQFZRSErMbJWadJRV2ls8kM-7yercByTkMQqP0ja8O-5qs-Fl-K-KmDxX6U19q0wg=w397-h298-k-no""},{""title"":""Menu"",""image"":""https://lh3.googleusercontent.com/gps-cs-s/AHRPTWmBweh_F_zRxisdTMcXAOTeoTKCidiJtVcnFv5JrYorkiI7FlYEQZcAAikwzY7OEx0iCsCAc3l51c7n9yplVg2z4hEpi1aVfcrCpQrbZKWIC3g_7fe8SeN9E8xQdsLTxbjTaENR=w224-h298-k-no""},{""title"":""Videos"",""image"":""https://lh3.googleusercontent.com/gps-cs-s/AHRPTWn48f8h5h2bm4HDbu376wuZYIFHQLWmuJgghd17wLgTrhbzntzFfyxc283bsOEuBDvCtLnOdxXDB9d3nb4wwWdzTt18zqWFflXkp8mxz8jMOuPP5TkeSfWsoQNa3ZyuxmIEcx40QA=w529-h298-k-no""},{""title"":""Food \u0026 drink"",""image"":""https://lh3.googleusercontent.com/gps-cs-s/AHRPTWkj1IoHapz5GYQPsvATMHUx21m6U1k4c23QOhD6rzCSyjP0AE0Bhy-Gd1_pB0trEk5jcazKjTnT5t0l5hZCTDNv-UrfsYaaosYS92Dg2uv33fZfszSXdklawWunL7dHwf3PdIBcq8golO3d=w224-h298-k-no""},{""title"":""Vibe"",""image"":""https://lh3.googleusercontent.com/gps-cs-s/AHRPTWnKgFh5RGoBvpTqpc_iOUCzLpvYo4gjEjHp83JeJxn9tszcl06lDa-JKMnd-1Rzs7Sp-nrX7oEkY5Tb91nqMgM88LLM0BrQ-auvL-TwAbUSCJfovPGYCfsfJEouQxJ94gxTrKjw=w224-h298-k-no""},{""title"":""Street View \u0026 360°"",""image"":""https://streetviewpixels-pa.googleapis.com/v1/thumbnail?panoid=pApAbELtp7lcW4UMBN3pKw\u0026cb_client=maps_sv.tactile.gps\u0026w=224\u0026h=298\u0026yaw=231.5633\u0026pitch=0\u0026thumbfov=100""}]","{""link"":"""",""source"":""""}"
e361a6c5-40af-4a0e-bcd7-bec02f397dd6,https://www.google.com/maps/place/KOPI+TARIK+ZIVELAH/data=!4m7!3m6!1s0x2de4239b6e5462d7:0xe303625bb05f281a!8m2!3d-3.3122883!4d114.5895816!16s%2Fg%2F11c6vhs_5j!19sChIJ12JUbpsj5C0RGihfsFtiA-M?authuser=0&hl=en&g_ep=EgoyMDI2MDkwMi4wIJJjKgBIAVAD&rclk=1,KOPI TARIK ZIVELAH,Cafe,"Jl. S. Parman kel No.51, Belitung Utara, Kec. Banjarmasin Utara, Kota Banjarmasin, Kalimantan Selatan 70122",{},{},128,4.6,"{""1"":2,""2"":1,""3"":11,""4"":18,""5"":96}",-3.312288,114.589582,16358026417480345626,0x2de4239b6e5462d7:0xe303625bb05f281a,ChIJ12JUbpsj5C0RGihfsFtiA-M,"[{""title"":""All"",""image"":""https://lh3.googleusercontent.com/gps-cs-s/AHRPTWnYGlpJxFMXMKWG1rs8FyvI5oPFjORDHFG3XgzOV7s8Nwu9sdLgdvaEBivYLjO48cWzp4kMa2AlzM3AmE6GPSAuYV9Gw1SDYCdyAXDpnzpujoCzJkFaxBFcBiys6GsRqntWXDyAGg=w529-h298-k-no""},{""title"":""Menu"",""image"":""https://lh3.googleusercontent.com/gps-cs-s/AHRPTWmXwc0JE6quar5LvOrVCXbf51yxbeLVEpkgnc6P-ScAgoEmJscDEhMfSR-HntNOZUpKsYrxXGvzHdNZ8lgNoh37EDd6h9wMA8FGsiZwBE0pMbvyWCMwWgX-aesWdHZ2bYGPOopI=w397-h298-k-no""},{""title"":""Videos"",""image"":""https://lh3.googleusercontent.com/gps-cs-s/AHRPTWkRGvlaH6Z5QxSdJKbRqmZQG2EsOpve-utLPajs1mskxMrLreXrcLKVJSU0Hjgo2Dz_BVZJiqzapNFUjCCGogF_GZOfqVwUpsvgK-ML3CdwK6aamJvWCALBFJK_x6-5bKxXlMKUWQ=w529-h298-k-no""},{""title"":""Food \u0026 drink"",""image"":""https://lh3.googleusercontent.com/gps-cs-s/AHRPTWkliwNjXiwmEyIGo50PKPn7bBBbnFSEK5McOKfGIwQtqnQuqswll0W_o15UKq16MuV41WX1hL_gXKwyR_81dWO57tDApzO6_5nF4SuN_NYmBR7vppTSQEfEvE03DmUC2gVIJZc=w238-h298-k-no""},{""title"":""Vibe"",""image"":""https://lh3.googleusercontent.com/gps-cs-s/AHRPTWn2UAef4WCq3PyOQguONQgcaXHUndPWp_WDdKOdFJ5EzTdSoUFpVos_V3AyWZc8E1nGQA92eChUFhg3RxZHZ4hT2LPf5ZWXwsUmDWdsW-XCHi7TYN0xjtF6u2RlmZ9dx3Xv318d=w397-h298-k-no""},{""title"":""By owner"",""image"":""https://lh3.googleusercontent.com/gps-cs-s/AHRPTWkXrs7mjpc4RbqzYGagHL5NRSMEoaYXH4NouzZAQfbWBcW2pFeJZ3aiDsjcnrjmFg0BNIVL9L2rAw5mVwQ7gjuW0v_Je_gW35iF8_k_VY4FKPssXLEfRr371mbMi0eKq0wN2Lt7=w224-h398-k-no""},{""title"":""Street View \u0026 360°"",""image"":""https://streetviewpixels-pa.googleapis.com/v1/thumbnail?panoid=2aAx0TgcQovKE0jNZr_zJg\u0026cb_client=maps_sv.tactile.gps\u0026w=224\u0026h=298\u0026yaw=99.76213\u0026pitch=0\u0026thumbfov=100""}]","{""link"":""/url?q=https://www.instagram.com/kopitarik_zivelah/\u0026opi=79508299\u0026sa=U\u0026ved=0ahUKEwi2zbbhwtyWAxXHUGcHHQ9sPKgQqRkIGCgT\u0026usg=AOvVaw3dAJjt5C98udn97yDhCZPZ"",""source"":""instagram.com""}"
e361a6c5-40af-4a0e-bcd7-bec02f397dd6,https://www.google.com/maps/place/AIUEO+CAFE/data=!4m7!3m6!1s0x2de423000620f4ef:0x404ba99898a2e2b0!8m2!3d-3.3150322!4d114.5987979!16s%2Fg%2F11x1fg47dv!19sChIJ7_QgBgAj5C0RsOKimJipS0A?authuser=0&hl=en&g_ep=EgoyMDI2MDkwMi4wIJJjKgBIAVAD&rclk=1,AIUEO CAFE,Coffee shop,"Jl. Kp. Melayu Darat No.19, RT.10, Seberang Mesjid, Kec. Banjarmasin Tengah, Kota Banjarmasin, Kalimantan Selatan 70122","{""Friday"":[""10.00 am–12.00 am""],""Monday"":[""10.00 am–12.00 am""],""Saturday"":[""10.00 am–12.00 am""],""Sunday"":[""10.00 am–12.00 am""],""Thursday"":[""10.00 am–12.00 am""],""Tuesday"":[""10.00 am–12.00 am""],""Wednesday"":[""10.00 am–12.00 am""]}","{""Friday"":{""10"":31,""11"":44,""12"":49,""13"":56,""14"":61,""15"":72,""16"":65,""17"":64,""18"":63,""19"":75,""20"":80,""21"":90,""22"":76,""23"":58,""6"":0,""7"":0,""8"":0,""9"":0},""Monday"":{""10"":27,""11"":34,""12"":40,""13"":44,""14"":50,""15"":50,""16"":53,""17"":60,""18"":62,""19"":70,""20"":75,""21"":74,""22"":66,""23"":50,""6"":0,""7"":0,""8"":0,""9"":0},""Saturday"":{""10"":28,""11"":35,""12"":32,""13"":34,""14"":39,""15"":53,""16"":60,""17"":72,""18"":76,""19"":87,""20"":95,""21"":100,""22"":89,""23"":68,""6"":0,""7"":0,""8"":0,""9"":0},""Sunday"":{""10"":15,""11"":15,""12"":15,""13"":20,""14"":21,""15"":31,""16"":40,""17"":58,""18"":73,""19"":77,""20"":80,""21"":75,""22"":63,""23"":45,""6"":0,""7"":0,""8"":0,""9"":0},""Thursday"":{""10"":35,""11"":35,""12"":35,""13"":35,""14"":39,""15"":44,""16"":44,""17"":52,""18"":56,""19"":64,""20"":65,""21"":65,""22"":54,""23"":40,""6"":0,""7"":0,""8"":0,""9"":0},""Tuesday"":{""10"":33,""11"":36,""12"":43,""13"":46,""14"":56,""15"":57,""16"":57,""17"":56,""18"":55,""19"":59,""20"":66,""21"":70,""22"":60,""23"":45,""6"":0,""7"":0,""8"":0,""9"":0},""Wednesday"":{""10"":28,""11"":36,""12"":37,""13"":44,""14"":48,""15"":50,""16"":57,""17"":61,""18"":59,""19"":63,""20"":78,""21"":85,""22"":82,""23"":62,""6"":0,""7"":0,""8"":0,""9"":0}}",44,4.7,"{""1"":1,""2"":0,""3"":1,""4"":6,""5"":36}",-3.315032,114.598798,4632983114541621936,0x2de423000620f4ef:0x404ba99898a2e2b0,ChIJ7_QgBgAj5C0RsOKimJipS0A,"[{""title"":""All"",""image"":""https://lh3.googleusercontent.com/gps-cs-s/AHRPTWmM4lTw1XCf2ZA44VEZ5-dEsq_alhIoq1nggL_3lBWKS11tA44oYYvpwclyx3eSUd668GXKmkWyCudERjH5uR45jVCKuZyKWgnvMZOj9DSRosjed-IBRlgHQH38nlmSYdFcTUwe5vIpSw=w224-h398-k-no""},{""title"":""Food \u0026 drink"",""image"":""https://lh3.googleusercontent.com/gps-cs-s/AHRPTWn136LwKJ9c-O72SoooztgQVgSvVaiOz6JYqWfpXkNsyhyARNZeX01gJWaPq8hmsmM_IOnMZlSRfQA3RBzB0x-H6rS14cSApXkBWbkfR3R0FTZ_yOAs_EEy59wwMiDY3mich2XpDQ=w224-h298-k-no""},{""title"":""Videos"",""image"":""https://lh3.googleusercontent.com/gps-cs-s/AHRPTWkBb85ckc1Z0IHcRMa_Y8wHU-Sjghd-VT3rIcnNZmTw86dFLwtxnkF0vxGTalRf6b-eNo8-ObwrUBGADn6ejRwSNyF7yK8VcOvPEXpq7gRofYonVQajUyEZhSlQ7ApLUylenvtI=w224-h398-k-no""},{""title"":""Vibe"",""image"":""https://lh3.googleusercontent.com/gps-cs-s/AHRPTWn1FJiSLSyJfK7rTtryCtxcZC5tt2iB1s6jQBQ2yGQPa4c0ieZ32Nw9kbe_C2gRwE7K0Ewxsky6LLQc7R2Gfmpb1c8VOVvS7LZYgw7D4kJYB8x8hZAQTZUg-8RQu0ewdXL4CCIk=w224-h398-k-no""},{""title"":""Street View \u0026 360°"",""image"":""https://lh3.googleusercontent.com/gps-cs-s/AHRPTWlIiU6KgUSKfFzadElC0py0lXhD0pWdAP_MHWPgkFOxh7PwZZZyZQvny4qOYkxKfjSw2pQA1Zt8xqunTuIWssFmwd92GZ0aA8H3TJw3_kOYX7HtT5SgyTRwf3odkj2x8fOQQh4nneNUaEPF=w224-h298-k-no-pi-0.11254019-ya239.88747-ro0-fo100""}]","{""link"":"""",""source"":""""}"
e361a6c5-40af-4a0e-bcd7-bec02f397dd6,https://www.google.com/maps/place/Fifty+Two+Brew+House+Sidelines/data=!4m7!3m6!1s0x2de423c240aee4a1:0xc186bbeca1945660!8m2!3d-3.3161389!4d114.58433!16s%2Fg%2F11my1hv6g0!19sChIJoeSuQMIj5C0RYFaUoey7hsE?authuser=0&hl=en&g_ep=EgoyMDI2MDkwMi4wIJJjKgBIAVAD&rclk=1,Fifty Two Brew House Sidelines,Coffee shop,"JL. Kinibalu, No. 5 RT. 01/RW. 01, Belitung Selatan, Teluk Dalam, Banjarmasin Tengah, Banjarmasin City, South Kalimantan 70115","{""Friday"":[""8.00 am–10.45 pm""],""Monday"":[""8.00 am–10.45 pm""],""Saturday"":[""8.00 am–10.45 pm""],""Sunday"":[""8.00 am–10.45 pm""],""Thursday"":[""8.00 am–10.45 pm""],""Tuesday"":[""8.00 am–10.45 pm""],""Wednesday"":[""8.00 am–10.45 pm""]}","{""Friday"":{""10"":33,""11"":37,""12"":39,""13"":44,""14"":51,""15"":58,""16"":67,""17"":76,""18"":87,""19"":94,""20"":100,""21"":92,""22"":70,""23"":0,""6"":0,""7"":0,""8"":17,""9"":25},""Monday"":{""10"":27,""11"":35,""12"":43,""13"":49,""14"":54,""15"":56,""16"":65,""17"":70,""18"":75,""19"":76,""20"":78,""21"":73,""22"":59,""23"":0,""6"":0,""7"":0,""8"":15,""9"":20},""Saturday"":{""10"":30,""11"":40,""12"":46,""13"":49,""14"":51,""15"":55,""16"":58,""17"":66,""18"":77,""19"":86,""20"":95,""21"":95,""22"":78,""23"":0,""6"":0,""7"":0,""8"":14,""9"":20},""Sunday"":{""10"":19,""11"":26,""12"":36,""13"":45,""14"":52,""15"":54,""16"":57,""17"":67,""18"":80,""19"":92,""20"":95,""21"":85,""22"":63,""23"":0,""6"":0,""7"":0,""8"":12,""9"":15},""Thursday"":{""10"":29,""11"":40,""12"":48,""13"":53,""14"":51,""15"":54,""16"":60,""17"":73,""18"":80,""19"":84,""20"":81,""21"":72,""22"":53,""23"":0,""6"":0,""7"":0,""8"":16,""9"":22},""Tuesday"":{""10"":31,""11"":36,""12"":44,""13"":50,""14"":51,""15"":51,""16"":58,""17"":70,""18"":78,""19"":82,""20"":80,""21"":72,""22"":54,""23"":0,""6"":0,""7"":0,""8"":21,""9"":27},""Wednesday"":{""10"":34,""11"":41,""12"":45,""13"":46,""14"":48,""15"":53,""16"":61,""17"":68,""18"":76,""19"":83,""20"":87,""21"":76,""22"":56,""23"":0,""6"":0,""7"":0,""8"":15,""9"":24}}",332,4.5,"{""1"":14,""2"":4,""3"":14,""4"":63,""5"":237}",-3.316139,114.58433,13945039921196848736,0x2de423c240aee4a1:0xc186bbeca1945660,ChIJoeSuQMIj5C0RYFaUoey7hsE,"[{""title"":""All"",""image"":""https://lh3.googleusercontent.com/gps-cs-s/AHRPTWmPELKV4xbvWXVnLnsuPMOqryD6aGZFbCaBgVM23_gYe_ietj0k3S3vdqbQKQr93tWt0FnvlVKD8GUZKGzyZSLJA_m2260E7cwMSVTAO7raEXB2AhB1oGSIbJIKnTb_rYZF2um-=w529-h298-k-no""},{""title"":""Menu"",""image"":""https://lh3.googleusercontent.com/gps-cs-s/AHRPTWl9GZiwiqXaevKzxtu7QOyqBhxi3KpwP4zSP1TVXcL-5Fg0XUmNh4AiV-Ke3-fQMA5ZMYdEmaSC7y7kkm_h3Zt8g2xXTXeTb0lKGxtq8tID0-N9N3ZRPZrISK3ALhPlg6ZUkDxBEWziWlmq=w224-h298-k-no""},{""title"":""Videos"",""image"":""https://lh3.googleusercontent.com/gps-cs-s/AHRPTWmPOYr6QcC1DTBpGHGBibBJF7I2Ni6RmvGRTsUKT33itrFidxNQw0Eyi72BZQreqhUe25oWYMfnTDf8mE2w2LqBjXACBQzslUVAeARgQw0YhUtMnFqDlFs3Zwdhqyv4M8QKdXd7=w529-h298-k-no""},{""title"":""Food \u0026 drink"",""image"":""https://lh3.googleusercontent.com/gps-cs-s/AHRPTWlIbXXXXGHryZ-JbDlIMt20LafFcBNHOUwA9iHRZthsBEqDw6_yS-y7fxO1LnrpwhfwLE827aVZtNI_xZVLKEYVQXcsIHRKgPe0nPXNnpFcdbp4INyre9cPE-lRNYtrjLX6xc_gr5RMjas4=w224-h396-k-no""},{""title"":""Vibe"",""image"":""https://lh3.googleusercontent.com/gps-cs-s/AHRPTWnjh9YHx2Ou2EE354UMEsBGP4VcWNvkTOplPsA69XfWBttOm15Mzjb6GO0tCIzE4z-DxoTa7sJry2hQHAOsyFMlLaK54i_-pLPezTgs2yIZb6YXD7GltCqEHlGz_KxD7ipMaKwP=w397-h298-k-no""},{""title"":""Iced coffee"",""image"":""https://lh3.googleusercontent.com/gps-cs-s/AHRPTWlHSr4sj7lysYs3Ut0mhBOT53diLjfvYG_Cbsk3pGHYXYNGNlop_MMu6YMPKeCR1OsmdB8s8snepkE36DrLyMvP9bl1jQfjXuh1zgz9EMAmT0wuj2tP72iQhTAONdcPPR7RadDU=w224-h298-k-no""},{""title"":""Street View \u0026 360°"",""image"":""https://streetviewpixels-pa.googleapis.com/v1/thumbnail?panoid=hA_unmWM3Wjf-5rOMO2IzQ\u0026cb_client=maps_sv.tactile.gps\u0026w=224\u0026h=298\u0026yaw=259.515\u0026pitch=0\u0026thumbfov=100""}]","{""link"":"""",""source"":""""}"
a09ec4ae-f3c6-43ff-afc5-92a0f0d342e0,https://www.google.com/maps/place/Barito+Hilir+Kopitiam/data=!4m7!3m6!1s0x2de423003a677d83:0x16c84a1e5b1db25e!8m2!3d-3.2884683!4d114.6000634!16s%2Fg%2F11ycllbgh8!19sChIJg31nOgAj5C0RXrIdWx5KyBY?authuser=0&hl=en&g_ep=EgoyMDI2MDkwMi4wIJJjKgBIAVAD&rclk=1,Barito Hilir Kopitiam,Coffee shop,"PJ62+J28 Barito Hilir Kopitiam, Jl. Cemara Ujung, RT.51/RW.No.12, Sungai Miai, Alalak, Banjarmasin City, South Kalimantan 70123","{""Friday"":[""3.00–10.00 pm""],""Monday"":[""3.00–10.00 pm""],""Saturday"":[""8.00 am–11.00 pm""],""Sunday"":[""8.00 am–11.00 pm""],""Thursday"":[""3.00–10.00 pm""],""Tuesday"":[""3.00–10.00 pm""],""Wednesday"":[""3.00–10.00 pm""]}","{""Friday"":{""10"":0,""11"":0,""12"":0,""13"":0,""14"":0,""15"":60,""16"":75,""17"":87,""18"":98,""19"":98,""20"":100,""21"":98,""22"":0,""23"":0,""6"":0,""7"":0,""8"":0,""9"":0},""Monday"":{""10"":0,""11"":0,""12"":0,""13"":0,""14"":0,""15"":46,""16"":43,""17"":49,""18"":56,""19"":59,""20"":54,""21"":53,""22"":0,""23"":0,""6"":0,""7"":0,""8"":0,""9"":0},""Saturday"":{""10"":48,""11"":60,""12"":62,""13"":74,""14"":72,""15"":68,""16"":60,""17"":65,""18"":75,""19"":87,""20"":93,""21"":98,""22"":89,""23"":0,""6"":0,""7"":0,""8"":21,""9"":37},""Sunday"":{""10"":65,""11"":70,""12"":74,""13"":78,""14"":78,""15"":86,""16"":89,""17"":98,""18"":97,""19"":96,""20"":87,""21"":75,""22"":55,""23"":0,""6"":0,""7"":0,""8"":35,""9"":49},""Thursday"":{""10"":0,""11"":0,""12"":0,""13"":0,""14"":0,""15"":65,""16"":63,""17"":58,""18"":63,""19"":64,""20"":65,""21"":64,""22"":0,""23"":0,""6"":0,""7"":0,""8"":0,""9"":0},""Tuesday"":{""10"":0,""11"":0,""12"":0,""13"":0,""14"":0,""15"":72,""16"":79,""17"":84,""18"":94,""19"":96,""20"":87,""21"":70,""22"":0,""23"":0,""6"":0,""7"":0,""8"":0,""9"":0},""Wednesday"":{""10"":0,""11"":0,""12"":0,""13"":0,""14"":0,""15"":59,""16"":60,""17"":62,""18"":77,""19"":83,""20"":88,""21"":87,""22"":0,""23"":0,""6"":0,""7"":0,""8"":0,""9"":0}}",43,4.4,"{""1"":1,""2"":4,""3"":3,""4"":3,""5"":32}",-3.288468,114.600063,1641643558414692958,0x2de423003a677d83:0x16c84a1e5b1db25e,ChIJg31nOgAj5C0RXrIdWx5KyBY,"[{""title"":""All"",""image"":""https://lh3.googleusercontent.com/gps-cs-s/AHRPTWkdSL6NGGeNwm_SFPGMdErHC46Fh6im0hbeQRxgy6lh_i8q9RKAtlHJW_9IpHas2Og51npSlNd5NmsOpCykOODzZbPYKEJUdbRh9Yh9cGS_thhizyeggLFPFNzyJ2D00C7PmrF0=w447-h298-k-no""},{""title"":""Menu"",""image"":""https://lh3.googleusercontent.com/gps-cs-s/AHRPTWnnoTRJ-9ElOpiNrWbXn_BffPsO0gv74WOJumYebzQGH4wh0Z_1VpTX2pkIrHekzK5ZTW7wW4EOtIoSR_N6u1W9jx1L7n0v2sOVep7Jp_u0gPGAFYYvwPdctYCv6s_HdPODqLKhf7AGqZs=w397-h298-k-no""},{""title"":""Videos"",""image"":""https://lh3.googleusercontent.com/gps-cs-s/AHRPTWmVNLXRS3Sk_ZxsC2fPhgmwqCTtfjAsEUeFpacu0STfX-fAblIYEx4IMq38dKBJxwQG7ERO5RGDMqomq9lsPp4Uw0A-5FwsLsa3R-4Rmr5lMczW__FQQEVu7zMah5jYzLr65Ok=w224-h398-k-no""},{""title"":""Food \u0026 drink"",""image"":""https://lh3.googleusercontent.com/gps-cs-s/AHRPTWnxVCP_UcDFR3_4_Os-OLvYtSNU2Oj7MVLhjKqODYYaVxO1QmLennvEhOZhEGoaE8h4BIcPikq2eSykyoym24wfv8jbhZZicdu5-IBh-0_QVyBCn2fDCfsi8ss3cxvOvdU8EIvDpVYQY1dW=w224-h298-k-no""},{""title"":""Vibe"",""image"":""https://lh3.googleusercontent.com/gps-cs-s/AHRPTWk6NseBLylwW1-GCwJTHjtk3OtiYNGsw1SRADoIkPC8g9dV8WiLEapNXBIuU86VX87jqdpnw6oUtlQ368q36dQu6pCBeKPz9Cf9Ib4K-Ea9y9XjgPjE5NJ9X05iryZAXQPwdhZt-0JuZDk=w224-h398-k-no""},{""title"":""Street View \u0026 360°"",""image"":""https://streetviewpixels-pa.googleapis.com/v1/thumbnail?panoid=SaWES_OkVDVDAq9qRqRllA\u0026cb_client=maps_sv.tactile.gps\u0026w=224\u0026h=298\u0026yaw=28.576994\u0026pitch=0\u0026thumbfov=100""}]","{""link"":"""",""source"":""""}"
a09ec4ae-f3c6-43ff-afc5-92a0f0d342e0,https://www.google.com/maps/place/Teras+Coffee/data=!4m7!3m6!1s0x2de4230029a5f5f1:0xf1894f9aa74ad99a!8m2!3d-3.2910379!4d114.587109!16s%2Fg%2F11yzctb3l7!19sChIJ8fWlKQAj5C0RmtlKp5pPifE?authuser=0&hl=en&g_ep=EgoyMDI2MDkwMi4wIJJjKgBIAVAD&rclk=1,Teras Coffee,Coffee shop,"Jl. Wirya Karya 1 No.3, Pangeran, Kec. Banjarmasin Utara, Kota Banjarmasin, Kalimantan Selatan 70123","{""Friday"":[""4.00 pm–12.00 am""],""Monday"":[""4.00 pm–12.00 am""],""Saturday"":[""4.00 pm–12.00 am""],""Sunday"":[""4.00 pm–12.00 am""],""Thursday"":[""4.00 pm–12.00 am""],""Tuesday"":[""4.00 pm–12.00 am""],""Wednesday"":[""4.00 pm–12.00 am""]}","{""Friday"":{""10"":0,""11"":0,""12"":0,""13"":0,""14"":0,""15"":0,""16"":37,""17"":50,""18"":62,""19"":93,""20"":100,""21"":90,""22"":71,""23"":46,""6"":0,""7"":0,""8"":0,""9"":0},""Monday"":{""10"":0,""11"":0,""12"":0,""13"":0,""14"":0,""15"":0,""16"":34,""17"":28,""18"":37,""19"":59,""20"":71,""21"":59,""22"":46,""23"":34,""6"":0,""7"":0,""8"":0,""9"":0},""Saturday"":{""10"":0,""11"":0,""12"":0,""13"":0,""14"":0,""15"":0,""16"":68,""17"":59,""18"":62,""19"":71,""20"":68,""21"":62,""22"":50,""23"":43,""6"":0,""7"":0,""8"":0,""9"":0},""Sunday"":{""10"":0,""11"":0,""12"":0,""13"":0,""14"":0,""15"":0,""16"":37,""17"":43,""18"":50,""19"":68,""20"":84,""21"":87,""22"":84,""23"":59,""6"":0,""7"":0,""8"":0,""9"":0},""Thursday"":{""10"":0,""11"":0,""12"":0,""13"":0,""14"":0,""15"":0,""16"":56,""17"":62,""18"":71,""19"":68,""20"":75,""21"":62,""22"":53,""23"":34,""6"":0,""7"":0,""8"":0,""9"":0},""Tuesday"":{""10"":0,""11"":0,""12"":0,""13"":0,""14"":0,""15"":0,""16"":31,""17"":46,""18"":56,""19"":75,""20"":96,""21"":87,""22"":71,""23"":62,""6"":0,""7"":0,""8"":0,""9"":0},""Wednesday"":{""10"":0,""11"":0,""12"":0,""13"":0,""14"":0,""15"":0,""16"":50,""17"":40,""18"":46,""19"":53,""20"":68,""21"":87,""22"":81,""23"":75,""6"":0,""7"":0,""8"":0,""9"":0}}",6,4.8,"{""1"":0,""2"":0,""3"":0,""4"":1,""5"":5}",-3.291038,114.587109,17404529760600250778,0x2de4230029a5f5f1:0xf1894f9aa74ad99a,ChIJ8fWlKQAj5C0RmtlKp5pPifE,"[{""title"":""All"",""image"":""https://lh3.googleusercontent.com/gps-cs-s/AHRPTWmIkb7DivNA2cm1Ef1PSvugq7eW4usK1VHp7EMKoVXW7V_73Dopg0zUv-0QpcbqOmNot2DTgE6lpnELB8w4PxtXx6w9jHPAzk6r-B529zbxj43bDaGbHzAWxJqGTyHkNdqmHHZUs6qqDq7V=w224-h398-k-no""},{""title"":""Food \u0026 drink"",""image"":""https://lh3.googleusercontent.com/gps-cs-s/AHRPTWmvjmaJBN4heMW0ch4o_WEXeJTZ2DXYwQ37vKVLDQY7mswkAg5u74lnVufS5Eik_Uo44tAK75J2UbxRBdcW__e41B_obrVqfhvlMnGdrIrkt4z15beiG9YgAA2MgY9qT090cVDz9Z8HyKpN=w224-h298-k-no""},{""title"":""Videos"",""image"":""https://lh3.googleusercontent.com/gps-cs-s/AHRPTWk61kUg9wR_lgJuD_zOO9BQShrti9dDyAFLoHRJpv-cH5UNFxGikFF_RSsEjWUxIXFUICkWgOvUR2Ywn1aYW5gjlVMRRXIpQP6ELyOIQOFFWLpfBnJiu0q-0Xhyv37BKzgj1dSbUYGm12o=w224-h398-k-no""},{""title"":""Vibe"",""image"":""https://lh3.googleusercontent.com/gps-cs-s/AHRPTWk8umgOqzQtM1fZ6_yxgpIoJzzJ1n5i_T0FEEsAfaKlKIkO0a4dQd6jYXSCg6YKYidO4ClvStvhNDfpXcgMQe7dj_mhMB-g8dBoZN8Gz7WWMEmGRjA5yGzePWAMjRAHLDZfHO8Duc1gNsV5=w224-h398-k-no""},{""title"":""By owner"",""image"":""https://lh3.googleusercontent.com/gps-cs-s/AHRPTWll-pqXrYkvefDoH63exoNhBA7GnxNtraageu507Vry_C9SK-U9BRpNNhnmtWAG5YP4xlIvUrdJb4vqNItxBagojXcwW93Ydn1j8zbQSiMfq9fo7OoJngRNpVek-xhMBnumjYE85mzuO-bM=w224-h398-k-no""},{""title"":""Street View \u0026 360°"",""image"":""https://streetviewpixels-pa.googleapis.com/v1/thumbnail?panoid=fRZcRHr7_d-Cy5xwAhpMTg\u0026cb_client=maps_sv.tactile.gps\u0026w=224\u0026h=298\u0026yaw=213.43387\u0026pitch=0\u0026thumbfov=100""}]","{""link"":"""",""source"":""""}"
a09ec4ae-f3c6-43ff-afc5-92a0f0d342e0,https://www.google.com/maps/place/Barito+Hilir+Kopitiam/data=!4m7!3m6!1s0x2de423000e0d1f63:0xb99fe3680ac9f103!8m2!3d-3.3038454!4d114.591026!16s%2Fg%2F11xft3hkj7!19sChIJYx8NDgAj5C0RA_HJCmjjn7k?authuser=0&hl=en&g_ep=EgoyMDI2MDkwMi4wIJJjKgBIAVAD&rclk=1,Barito Hilir Kopitiam,Coffee shop,"Jl. Sungai Miai Ujung No.21, Sungai Miai, Banjarmasin Utara, Banjarmasin City, South Kalimantan 70123","{""Friday"":[""8.00 am–11.00 pm""],""Monday"":[""8.00 am–11.00 pm""],""Saturday"":[""8.00 am–11.00 pm""],""Sunday"":[""8.00 am–11.00 pm""],""Thursday"":[""8.00 am–11.00 pm""],""Tuesday"":[""8.00 am–11.00 pm""],""Wednesday"":[""8.00 am–11.00 pm""]}","{""Friday"":{""10"":27,""11"":25,""12"":18,""13"":18,""14"":25,""15"":25,""16"":27,""17"":45,""18"":59,""19"":63,""20"":40,""21"":25,""22"":13,""23"":0,""6"":0,""7"":0,""8"":25,""9"":27},""Monday"":{""10"":20,""11"":18,""12"":22,""13"":27,""14"":27,""15"":22,""16"":25,""17"":31,""18"":52,""19"":59,""20"":50,""21"":34,""22"":27,""23"":0,""6"":0,""7"":0,""8"":22,""9"":27},""Saturday"":{""10"":13,""11"":22,""12"":27,""13"":31,""14"":27,""15"":36,""16"":47,""17"":54,""18"":63,""19"":63,""20"":50,""21"":36,""22"":27,""23"":0,""6"":0,""7"":0,""8"":20,""9"":15},""Sunday"":{""10"":31,""11"":25,""12"":22,""13"":25,""14"":27,""15"":31,""16"":29,""17"":27,""18"":31,""19"":38,""20"":40,""21"":38,""22"":31,""23"":0,""6"":0,""7"":0,""8"":13,""9"":27},""Thursday"":{""10"":15,""11"":13,""12"":13,""13"":15,""14"":20,""15"":18,""16"":25,""17"":38,""18"":54,""19"":56,""20"":45,""21"":34,""22"":22,""23"":0,""6"":0,""7"":0,""8"":11,""9"":15},""Tuesday"":{""10"":18,""11"":20,""12"":22,""13"":20,""14"":13,""15"":18,""16"":34,""17"":63,""18"":77,""19"":72,""20"":50,""21"":31,""22"":25,""23"":0,""6"":0,""7"":0,""8"":11,""9"":11},""Wednesday"":{""10"":29,""11"":31,""12"":43,""13"":31,""14"":27,""15"":22,""16"":34,""17"":63,""18"":100,""19"":97,""20"":77,""21"":52,""22"":31,""23"":0,""6"":0,""7"":0,""8"":22,""9"":22}}",2,4.0,"{""1"":0,""2"":0,""3"":1,""4"":0,""5"":1}",-3.303845,114.591026,13375659454310772995,0x2de423000e0d1f63:0xb99fe3680ac9f103,ChIJYx8NDgAj5C0RA_HJCmjjn7k,"[{""title"":""All"",""image"":""https://streetviewpixels-pa.googleapis.com/v1/thumbnail?panoid=PVWDWqXjG1GoGk8ItbzviQ\u0026cb_client=maps_sv.tactile.gps\u0026w=224\u0026h=298\u0026yaw=342.5504\u0026pitch=0\u0026thumbfov=100""},{""title"":""Food \u0026 drink"",""image"":""https://lh3.googleusercontent.com/gps-cs-s/AHRPTWmoiD5gtkhCbDQj3J1ef2ymbWH6ZaaxUxHiG8jaxhA4CwXFWt75-9e9SA6QEVBTa5liDoVe9c44lxmrrWqaXL7MlE2dtyJwU3aOJvnuFDPI_MxprAKJCHnWN9MtR8h209G7QAHNpxeSt9xR=w224-h298-k-no""},{""title"":""Street View \u0026 360°"",""image"":""https://streetviewpixels-pa.googleapis.com/v1/thumbnail?panoid=PVWDWqXjG1GoGk8ItbzviQ\u0026cb_client=maps_sv.tactile.gps\u0026w=224\u0026h=298\u0026yaw=342.5504\u0026pitch=0\u0026thumbfov=100""}]","{""link"":"""",""source"":""""}"
a09ec4ae-f3c6-43ff-afc5-92a0f0d342e0,https://www.google.com/maps/place/Kopi+v/data=!4m7!3m6!1s0x2de4236ff1f81125:0x745c54157ade7187!8m2!3d-3.266913!4d114.6111957!16s%2Fg%2F11z6sh561h!19sChIJJRH48W8j5C0Rh3HeehVUXHQ?authuser=0&hl=en&g_ep=EgoyMDI2MDkwMi4wIJJjKgBIAVAD&rclk=1,Kopi v,Coffee shop,"komplek, Jl. Keruing Indah Jl. Gelatik 13 No.02, Handil Bakti, Kec. Alalak, Banjarmasin, Kalimantan Selatan 70582","{""Friday"":[""2.00 am–12.00 am""],""Monday"":[""10.00 am–10.00 pm""],""Saturday"":[""Closed""],""Sunday"":[""10.00 am–10.00 pm""],""Thursday"":[""10.00 am–10.00 pm""],""Tuesday"":[""10.00 am–10.00 pm""],""Wednesday"":[""10.00 am–10.00 pm""]}",{},1,5.0,"{""1"":0,""2"":0,""3"":0,""4"":0,""5"":1}",-3.266913,114.611196,8384669057489465735,0x2de4236ff1f81125:0x745c54157ade7187,ChIJJRH48W8j5C0Rh3HeehVUXHQ,"[{""title"":""All"",""image"":""https://lh3.googleusercontent.com/gps-cs-s/AHRPTWkwgfs88FTWCfYpADmrvtPXR_ho-F0lmPVWYaXVt_fZObP5daEoiNHCuA84ldYYvUDcY_AImEH78YTWtBj7JdjFFpxT2_ubHK7TT6X5WHjg81hnEgiQyVxZ2pK0cFR0wnzGRRrTR_7MAyNZ=w397-h298-k-no""},{""title"":""Menu"",""image"":""https://lh3.googleusercontent.com/gps-cs-s/AHRPTWnfQ8Pqj4sjHcyI0FSRYBPkKOcxVude_1EZlbQo2YX7zrdpDmMgHu80Av4Qt6t7wGR22V9u9NHIjYivo_Z8YiCjQ_bq2_RUCiO79IR2AtsWLTbcIO1ZRioDoX-ss8pxRRKHHplnKcgCVeNl=w224-h298-k-no""},{""title"":""Food \u0026 drink"",""image"":""https://lh3.googleusercontent.com/gps-cs-s/AHRPTWkaqNL6MZeI9h5XlC2xL5g-OAEccz24PSC3FMmIQOpP1osUdfw-dQu3kZoeeNd0MUsV9tgeCYAWuZklat_FPFcYz3jrXDWJstORtBXxEnnhnqcV-DkB8MsqEN3TafGRK2qUls7EOsEED_uZ=w224-h298-k-no""},{""title"":""Vibe"",""image"":""https://lh3.googleusercontent.com/gps-cs-s/AHRPTWmsc_P3gX2CEGqGIpz-rItjTXwRnPWn--FiEBla6En-L4jt7krCP9-S_5dDEJ9GNXkSI4md5nyfqAXuc8GjU6uwYPSxQ9RDWUUemwJETjyOh8GMiuFdsDjyR-cLPezDBeP9K289m3bbriwj=w439-h298-k-no""},{""title"":""Coffee"",""image"":""https://lh3.googleusercontent.com/gps-cs-s/AHRPTWlMGbpsybOp8F0g59ufEt6YDWuI7T8rwsYYvK82HEtyOPRs5zXeXVBRBHaJwbE5vj4Y3tgP5vS4FWzsgxWkdxIQvM7eLiGNt3z1pgIOEavkfDsCsmG2-bzDWoo1OrRCBPKPSBVrPrRtZwc=w224-h298-k-no""},{""title"":""By owner"",""image"":""https://lh3.googleusercontent.com/gps-cs-s/AHRPTWnt_zNFC1uGH4Hd_o4f5Y2b3f8pxYNwJhS94cQrFo3dvRWPHIA5n6Vm77Wqwx_f3K1HH-5ezaXA98Zhw0L-wHucMwlJfdYr9dJy4jUmvk-Te25xBOh1DbaItePK6DRGTadn5yb6iAi9BsVo=w397-h298-k-no""},{""title"":""Street View \u0026 360°"",""image"":""https://streetviewpixels-pa.googleapis.com/v1/thumbnail?panoid=H89POgzn0II1AGYMYfjSTQ\u0026cb_client=maps_sv.tactile.gps\u0026w=224\u0026h=298\u0026yaw=326.86975\u0026pitch=0\u0026thumbfov=100""}]","{""link"":"""",""source"":""""}"
1ebbd01f-3dbf-4632-9464-b274867c81c3,https://www.google.com/maps/place/Dua+Asa+Coffee/data=!4m7!3m6!1s0x2de4230e54f67603:0xe3b17caaadcce664!8m2!3d-3.29135!4d114.5857134!16s%2Fg%2F11rxrpt_w1!19sChIJA3b2VA4j5C0RZObMrap8seM?authuser=0&hl=en&g_ep=EgoyMDI2MDkwMi4wIJJjKgBIAVAD&rclk=1,Dua Asa Coffee,Coffee shop,"komplek kejaksaan, Jl. Karya Sabumi V No.32C RT 17, Pangeran, Kec. Banjarmasin Utara, Kota Banjarmasin, Kalimantan Selatan 70124","{""Friday"":[""10.00 am–11.00 pm""],""Monday"":[""10.00 am–11.00 pm""],""Saturday"":[""10.00 am–11.00 pm""],""Sunday"":[""10.00 am–11.00 pm""],""Thursday"":[""10.00 am–11.00 pm""],""Tuesday"":[""10.00 am–11.00 pm""],""Wednesday"":[""10.00 am–11.00 pm""]}","{""Friday"":{""10"":8,""11"":11,""12"":14,""13"":16,""14"":19,""15"":22,""16"":26,""17"":30,""18"":40,""19"":53,""20"":70,""21"":80,""22"":75,""23"":0,""6"":0,""7"":0,""8"":0,""9"":0},""Monday"":{""10"":11,""11"":17,""12"":24,""13"":26,""14"":26,""15"":28,""16"":32,""17"":38,""18"":47,""19"":57,""20"":67,""21"":72,""22"":68,""23"":0,""6"":0,""7"":0,""8"":0,""9"":0},""Saturday"":{""10"":10,""11"":16,""12"":20,""13"":22,""14"":22,""15"":25,""16"":29,""17"":37,""18"":52,""19"":70,""20"":89,""21"":100,""22"":93,""23"":0,""6"":0,""7"":0,""8"":0,""9"":0},""Sunday"":{""10"":8,""11"":13,""12"":20,""13"":24,""14"":28,""15"":30,""16"":34,""17"":41,""18"":54,""19"":68,""20"":80,""21"":81,""22"":73,""23"":0,""6"":0,""7"":0,""8"":0,""9"":0},""Thursday"":{""10"":9,""11"":14,""12"":19,""13"":23,""14"":23,""15"":24,""16"":27,""17"":34,""18"":44,""19"":54,""20"":63,""21"":66,""22"":60,""23"":0,""6"":0,""7"":0,""8"":0,""9"":0},""Tuesday"":{""10"":11,""11"":17,""12"":24,""13"":27,""14"":28,""15"":28,""16"":31,""17"":35,""18"":44,""19"":55,""20"":64,""21"":70,""22"":64,""23"":0,""6"":0,""7"":0,""8"":0,""9"":0},""Wednesday"":{""10"":13,""11"":19,""12"":23,""13"":24,""14"":24,""15"":23,""16"":28,""17"":32,""18"":43,""19"":52,""20"":64,""21"":70,""22"":66,""23"":0,""6"":0,""7"":0,""8"":0,""9"":0}}",502,4.7,"{""1"":13,""2"":6,""3"":16,""4"":69,""5"":398}",-3.29135,114.585713,16407031989989598820,0x2de4230e54f67603:0xe3b17caaadcce664,ChIJA3b2VA4j5C0RZObMrap8seM,"[{""title"":""All"",""image"":""https://lh3.googleusercontent.com/gps-cs-s/AHRPTWmWLRz69ddg_01wM118ZAyCUf4HLbKMdpzEwnrgIzC0rvEzXHKOFgkUG1SyzDyYm6IkZ7W0ER08bZ1lcXXMEroBO_-h_qQ_Dmu7Tl8EJV4FUscU0T5WGYDVXgVlUgg092kpucsl=w397-h298-k-no""},{""title"":""Latest"",""image"":""https://lh3.googleusercontent.com/gps-cs-s/AHRPTWmrDtW6_2PtHLfmZeSHiQ5dTJdqnDUGx09zoV4wmLr4rvePGG4HWM_HJLQ-IA8SVejLOhn_yK823lRjRZ6E_v5oBCkdNpaE9uUDVeQRowt2H9J54pgQEU2HFPyAWGVUIpNse-vl8oRrP-n_=w224-h498-k-no""},{""title"":""Videos"",""image"":""https://lh3.googleusercontent.com/gps-cs-s/AHRPTWnFZvzsP3MtUFoBgvhLqOVYl2JydtBcDlblL1eWISKaEDizMuF9sIaZJDXAmcGvjy7Dd-GHU4tnZCpTeQMCuxYzWHgkKfsT03C6ltTIwkPP7ZF-qPg6NNPNKCZ_dP1n9hq0zOMg409YcnFH=w224-h398-k-no""},{""title"":""Menu"",""image"":""https://lh3.googleusercontent.com/gps-cs-s/AHRPTWm88Sckn9j0UsKZ1yziNYfVjL7n_r9LsUSdEiXrabsnvIB8fXcF4XhGXEO6iRPU6ezymDjbvfetYxUaqDlbqABWdYK41QaxXHGF5dR1CIoG-OOVaOV5qnR0shD9-pME3bePruFz=w529-h298-k-no""},{""title"":""Food \u0026 drink"",""image"":""https://lh3.googleusercontent.com/gps-cs-s/AHRPTWlC56eKkkLMz_ztpQbdDhLhfZCOGFAkCGFlOQulGDJrEJu45P1LCKCM7mXsXvW220-78kzSqwd2E0ST38iR6AmVVUdK8vgZ3hpNf7oqk9SbovINnKB8juplsdolFdbJiaQSL8CDn1TgK5lb=w224-h298-k-no""},{""title"":""Vibe"",""image"":""https://lh3.googleusercontent.com/gps-cs-s/AHRPTWnvIpmLbX-Li_8j5guZPyeZURDaE6XNnFJCkvSETAUu_CVa2ziShzJ3RziEww4jYowjpZGUqP8gNmSdtQQorkKtX91Y3_ThW83_i3ZotGzY4a4bkZe7gjJR7nhpA5VcoATt1ZztkQ=w224-h298-k-no""},{""title"":""Iced coffee"",""image"":""https://lh3.googleusercontent.com/gps-cs-s/AHRPTWnMGylkEMeXIas8wH_3fuHWX2bqb9un9_zvd16kPXoU4tzH28n9OgxdboBbjwhLZyXiJTuB4Sh3dR6fbd5EwU79fm3gCWX6hKy9UUr2IEL-LNyPTop_B2WBC5ru0D717CsMYd7XxPqHtHlC=w224-h298-k-no""},{""title"":""Coffee"",""image"":""https://lh3.googleusercontent.com/gps-cs-s/AHRPTWmbu6CBMqyRRjmjLc-j-Mxv_ueTYWwjox1-MJAekMv7Cs2aBOFw66JFrYEDuwwQw1MAeerP3BZquGEb1kc7_-kysFG0nzSTPEwTQ6daIWOG_2MY4OLaeW9t-fk9Z97QzIZDRRa7Pc3afWXj=w224-h398-k-no""},{""title"":""Street View \u0026 360°"",""image"":""https://streetviewpixels-pa.googleapis.com/v1/thumbnail?panoid=qt7Kd7vVC2Ubsqi2fkRhNA\u0026cb_client=maps_sv.tactile.gps\u0026w=224\u0026h=298\u0026yaw=45.782314\u0026pitch=0\u0026thumbfov=100""}]","{""link"":"""",""source"":""""}"
1ebbd01f-3dbf-4632-9464-b274867c81c3,https://www.google.com/maps/place/Garasi+Coffee+Banjarmasin/data=!4m7!3m6!1s0x2de42100418d2bdd:0xea77a39ea4c32643!8m2!3d-3.3495977!4d114.6171068!16s%2Fg%2F11zh1xtckc!19sChIJ3SuNQQAh5C0RQybDpJ6jd-o?authuser=0&hl=en&g_ep=EgoyMDI2MDkwMi4wIJJjKgBIAVAD&rclk=1,Garasi Coffee Banjarmasin,Coffee shop,"Komplek, Jl. Raya Banjar Indah Permai Jl. Meranti No.72b, RT.12, Pemurus Dalam, Banjarmasin Selatan, Banjarmasin City, South Kalimantan 70248","{""Friday"":[""4.00 pm–12.00 am""],""Monday"":[""4.00 pm–12.00 am""],""Saturday"":[""4.00 pm–12.00 am""],""Sunday"":[""4.00 pm–12.00 am""],""Thursday"":[""4.00 pm–12.00 am""],""Tuesday"":[""4.00 pm–12.00 am""],""Wednesday"":[""4.00 pm–12.00 am""]}",{},9,5.0,"{""1"":0,""2"":0,""3"":0,""4"":0,""5"":9}",-3.349598,114.617107,16895152428868118083,0x2de42100418d2bdd:0xea77a39ea4c32643,ChIJ3SuNQQAh5C0RQybDpJ6jd-o,"[{""title"":""All"",""image"":""https://lh3.googleusercontent.com/gps-cs-s/AHRPTWk_RnQfn-Q6GgN0SnQqM0D1zj0xjvCYOYRfCURV6ol-R2RFzGyKOOmPzAy8OPeI6F9mDjs5HSpmFVn2Yk0HwKoB7zj7aqH3Bh-TZFt4jBIcA1ZHcpBHSPdHFhwzxgmYZFSlghH4HbX5mkM=w529-h298-k-no""},{""title"":""Vibe"",""image"":""https://lh3.googleusercontent.com/gps-cs-s/AHRPTWnKSqnDchacRC4WXQRzOrHBk6GNoqVhq4f044iJyfs6UeSsFbIKngc9vTY7XW7OWgXsVwXOrystgu1eqmYxTnmhutgQDFjAFMjNEpgWrkQC2QOlOdnz4DJ9cI9GCGVjtOIS7BPR9h8XgZvW=w224-h398-k-no""},{""title"":""Videos"",""image"":""https://lh3.googleusercontent.com/gps-cs-s/AHRPTWkol9fs7qppQdC4JhpwHvQb_1Jz5Du910OpgmANtSm2a_ejdp9RxYG0TXbNOulL0CoH-ErByh-3IbEiCMyt0tCPlufZX9lCIsdQ-P3yJHt6T-UZzlYtxQWc1cuX4dBt1GMsbVy21V6thz68=w224-h398-k-no""},{""title"":""Street View \u0026 360°"",""image"":""https://streetviewpixels-pa.googleapis.com/v1/thumbnail?panoid=jzx014K6cv3DzUgCb_eqsQ\u0026cb_client=maps_sv.tactile.gps\u0026w=224\u0026h=298\u0026yaw=270.22864\u0026pitch=0\u0026thumbfov=100""}]","{""link"":"""",""source"":""""}"
1ebbd01f-3dbf-4632-9464-b274867c81c3,https://www.google.com/maps/place/Mi.u+Coffee/data=!4m7!3m6!1s0x2de4250023127829:0xe597de4c31090985!8m2!3d-3.3276304!4d114.6270278!16s%2Fg%2F11z3mrrfd6!19sChIJKXgSIwAl5C0RhQkJMUzel-U?authuser=0&hl=en&g_ep=EgoyMDI2MDkwMi4wIJJjKgBIAVAD&rclk=1,Mi.u Coffee,Coffee shop,"Jl. Pramuka. 8 A-B RT.026 RW.002 Pemurus Luar, Kel, Sei Lulut, Kec. Banjarmasin Tim., Kota Banjarmasin, Kalimantan Selatan 70653","{""Friday"":[""3.00–11.30 pm""],""Monday"":[""3.00–11.00 pm""],""Saturday"":[""3.00 pm–12.00 am""],""Sunday"":[""3.00 pm–12.00 am""],""Thursday"":[""3.00–11.00 pm""],""Tuesday"":[""3.00–11.00 pm""],""Wednesday"":[""3.00–11.00 pm""]}",{},29,5.0,"{""1"":0,""2"":0,""3"":0,""4"":0,""5"":29}",-3.32763,114.627028,16543936174990363013,0x2de4250023127829:0xe597de4c31090985,ChIJKXgSIwAl5C0RhQkJMUzel-U,"[{""title"":""All"",""image"":""https://lh3.googleusercontent.com/gps-cs-s/AHRPTWnOwZkiKfUIImYHT1_9oNGUdiVNMjayrdl6D4cWieGvYJejaiHnOlNVf0Xr9OHLAGKKnYCChvzeLkmhuesVUSSxpO6Eeo39bEleRycKbe3bazst0ECDgTUqtpjePDwmVBCeo7uOZy4VFMA=w397-h298-k-no""},{""title"":""Latest"",""image"":""https://lh3.googleusercontent.com/gps-cs-s/AHRPTWn1H5i3FFtuSTAw-giOq3OGoVO5dqJNxuHBuwuC8znb-Ap6qKvcPvdOwjoA6TKqU9CDBaAaq_ExKhutOtmBE2Tp1_FgWsH3N350k9An7Zg97qDSOjLlOVi1WmSxlYExd4Fm7AHDwW920ftU=w224-h298-k-no""},{""title"":""Videos"",""image"":""https://lh3.googleusercontent.com/gps-cs-s/AHRPTWkJZ9CsyF_41xeWZRAeIg7-vxxYpejT-NB6FDEoWpuO1e6ylx5tqP3WAFy-hAtePguqSj23upsh6RljQ4UXI54OD-try-1pWg5mL73JjTsoihuKnwzVTHDqaLfbJbm4GFv8BjxirpDJQT0i=w224-h398-k-no""},{""title"":""Menu"",""image"":""https://lh3.googleusercontent.com/gps-cs-s/AHRPTWnRnhG6k6lcLf-raRJy57Iy1n9T-RaxSmhP-NWT1HZlNuWjtQ-YzOYGIq1mj1t229YWZuneOOcx53K7YJMbm1mwWXzWxV5L39Q8p3GqmjuEXN16qszFUYnSzpiKQMqveGtuMrjUHLOTpkLw=w433-h298-k-no""},{""title"":""Food \u0026 drink"",""image"":""https://lh3.googleusercontent.com/gps-cs-s/AHRPTWnPERep_OG1Ncdr8xN5jKo-qejSiGfhK1i09T3iMD4dlYeXXA18qjX2go-D5fQBYzRILBNQ0De-qKaxF7B2jEQl-x9b9-dy8BLu-FN2UniLzSp2td4iJoEN1BbiH7mujGjndaSxpEc4QmI=w529-h298-k-no""},{""title"":""Vibe"",""image"":""https://lh3.googleusercontent.com/gps-cs-s/AHRPTWnPDIQV102xPGdiPfEoQW-ddiBmAwcochN9-L3Y4HqGnhLK8hbf_WNvePiUnE7yXiGS5U4ORjN2MSKlS3-AYhV3kh8_7Ot30qO417LIobnYbI0taQlHEO01Gfb15xcfPRuwYe1VGcjyi-3_=w397-h298-k-no""},{""title"":""By owner"",""image"":""https://lh3.googleusercontent.com/gps-cs-s/AHRPTWmZkQB5y7gv_GsE-NRytm3qONKNuAhAMri_o6vgNvaSdg40Sq0UBcxS74bUSNPU0IxiSjn_vwREgo4aZsWEDJpH-tIV6oT02Ya3QMuSkO3Ea_zNTr7CPcB4EQ9B4VN_yLI5MCDRIowc3Mk=w224-h398-k-no""},{""title"":""Street View \u0026 360°"",""image"":""https://streetviewpixels-pa.googleapis.com/v1/thumbnail?panoid=DjVlLtSDJSk6nIpf7zjnOQ\u0026cb_client=maps_sv.tactile.gps\u0026w=224\u0026h=298\u0026yaw=65.705315\u0026pitch=0\u0026thumbfov=100""}]","{""link"":"""",""source"":""""}"
1ebbd01f-3dbf-4632-9464-b274867c81c3,"https://www.google.com/maps/place/Hello+Coffee,Bakery+%26+Brunch/data=!4m7!3m6!1s0x2de423b613ec8c59:0x90639764ec34fbc0!8m2!3d-3.3158513!4d114.5865615!16s%2Fg%2F11c2l8m7lf!19sChIJWYzsE7Yj5C0RwPs07GSXY5A?authuser=0&hl=en&g_ep=EgoyMDI2MDkwMi4wIJJjKgBIAVAD&rclk=1","Hello Coffee,Bakery & Brunch",Coffee shop,"depan tk insan mulia, Jl. Batu Piring, Antasan Besar, Kec. Banjarmasin Tengah, Kota Banjarmasin, Kalimantan Selatan 71618","{""Friday"":[""7.00 am–11.00 pm""],""Monday"":[""7.00 am–11.00 pm""],""Saturday"":[""7.00 am–11.00 pm""],""Sunday"":[""7.00 am–11.00 pm""],""Thursday"":[""7.00 am–11.00 pm""],""Tuesday"":[""7.00 am–11.00 pm""],""Wednesday"":[""7.00 am–11.00 pm""]}","{""Friday"":{""10"":24,""11"":28,""12"":32,""13"":38,""14"":39,""15"":38,""16"":39,""17"":46,""18"":61,""19"":76,""20"":89,""21"":85,""22"":66,""23"":0,""6"":0,""7"":17,""8"":22,""9"":25},""Monday"":{""10"":21,""11"":27,""12"":32,""13"":35,""14"":34,""15"":34,""16"":37,""17"":45,""18"":57,""19"":70,""20"":76,""21"":69,""22"":55,""23"":0,""6"":0,""7"":9,""8"":11,""9"":16},""Saturday"":{""10"":35,""11"":44,""12"":46,""13"":42,""14"":36,""15"":33,""16"":38,""17"":48,""18"":66,""19"":85,""20"":100,""21"":94,""22"":74,""23"":0,""6"":0,""7"":12,""8"":16,""9"":25},""Sunday"":{""10"":19,""11"":25,""12"":31,""13"":35,""14"":39,""15"":45,""16"":49,""17"":60,""18"":68,""19"":75,""20"":74,""21"":66,""22"":48,""23"":0,""6"":0,""7"":11,""8"":13,""9"":15},""Thursday"":{""10"":13,""11"":18,""12"":24,""13"":24,""14"":25,""15"":24,""16"":29,""17"":36,""18"":49,""19"":64,""20"":71,""21"":65,""22"":47,""23"":0,""6"":0,""7"":5,""8"":7,""9"":9},""Tuesday"":{""10"":23,""11"":31,""12"":40,""13"":43,""14"":43,""15"":38,""16"":40,""17"":48,""18"":67,""19"":80,""20"":83,""21"":73,""22"":54,""23"":0,""6"":0,""7"":14,""8"":17,""9"":20},""Wednesday"":{""10"":21,""11"":32,""12"":45,""13"":50,""14"":42,""15"":32,""16"":29,""17"":33,""18"":43,""19"":62,""20"":77,""21"":74,""22"":56,""23"":0,""6"":0,""7"":10,""8"":11,""9"":13}}",1113,4.7,"{""1"":15,""2"":9,""3"":37,""4"":134,""5"":918}",-3.315851,114.586561,10404326023871396800,0x2de423b613ec8c59:0x90639764ec34fbc0,ChIJWYzsE7Yj5C0RwPs07GSXY5A,"[{""title"":""All"",""image"":""https://lh3.googleusercontent.com/gps-cs-s/AHRPTWllOyu09WXwB12Gi0o8HAoNmLiC0unTY6f_8o5tZVNnk6XbKQtp24WhrOwoMVCRsMnhO836ou5d6xzu7LrjwfE2YEx2PO29AMOhaChUvUZzWENK_Cb59PcHuKiL9Ga8WKZc7jmN=w529-h298-k-no""},{""title"":""Latest"",""image"":""https://lh3.googleusercontent.com/gps-cs-s/AHRPTWnxlksbq9XJPm3VieUqbRRq0cu710281uTAcBxQJma0_DigT7AVz8aESYvmPfFYxetyta-rhdI7WhEmx5Fnz6L98UyX1n4FWoyI0WhDe1_aZLJipgVhXfDctiMCiuvAbSI3ySWqZI2JjW8U=w279-h298-k-no""},{""title"":""Videos"",""image"":""https://lh3.googleusercontent.com/gps-cs-s/AHRPTWkEJiMS82frCwHtI5Oyhk_CLwnPxcOflZVckmQEc18UggZ8LEgIiwHfcO-HP8z96EzGMlYAvZMHcOj-I1TzLSVZgj88sgKJgz1WDjdLSWB07tlNXaip51SP6tUwf_4QK1He__Ek=w224-h398-k-no""},{""title"":""Menu"",""image"":""https://lh3.googleusercontent.com/gps-cs-s/AHRPTWnj_w9ku-IXi6TtqU73J6B6csJJTXIB7sRAHDUP15e0QvxBzxoqc6Fbl8R5JwJBfgQKE5wHMh8YD7gUr2DFLNGv2hD2pj4_k4qmqYxVRW12wQDYfcwWGJ1XRdySaf_k1IdtW0NV=w224-h298-k-no""},{""title"":""Food \u0026 drink"",""image"":""https://lh3.googleusercontent.com/gps-cs-s/AHRPTWmnle0BI_arDHYrUUuV1v8NrDwtpm3fwFm0GuMt966Ap_Yweg9J1vm20PTewTYndSa5LDeX9OzbddGI0mIKRKeX8cnRGkhtypL15O_DuyFOhjJjQ5rcSowbpbAYhO9IR9QGb2YK=w224-h298-k-no""},{""title"":""Vibe"",""image"":""https://lh3.googleusercontent.com/gps-cs-s/AHRPTWlnMYN-Rx4Ux5OkD_7p0jcNyb9rs0g9m9jza6uYDXZfJJhf4cEF_XrxN2hetmovi9pSYsNl_nftF-wSOZ69q41D7iuCiRfPWFJDri9xkPmmqDqpqtIPhNTC_-TnJcY5KFBi0pyz=w224-h336-k-no""},{""title"":""Iced coffee"",""image"":""https://lh3.googleusercontent.com/gps-cs-s/AHRPTWlsrpiSMMPumwnafbgydL3ZEURO4M030DK_rj4z32uxH3-bfbgzjF-0ApucLojnuiEr7zrcdtEWcf5SXZy-Y_oP2OIqTql3zrruo790ItoSiYuPdwp4vx0IyRzdq4o6D79VfXM_giiiYDEK=w224-h298-k-no""},{""title"":""Cappuccino"",""image"":""https://lh3.googleusercontent.com/gps-cs-s/AHRPTWm0M9L3Xgcce8QVEltZwE7ICDCYMKle0tfIJi_zmW81mBg63dTIgb9xqsqKmP1mmOBg6NC38x-0NrMiCqPOfrCnivWiQp6Dw5JqQUWm1eFf98cbX6e1kHNLgmOCARS7SvouNJ0=w224-h398-k-no""},{""title"":""Nasi goreng"",""image"":""https://lh3.googleusercontent.com/gps-cs-s/AHRPTWnbu4kyW5oVeCYtpsNffFd3pu5mPQui0AeuZ6eY190TM7tQAlCoP4-Un2ImS5ZRSjURXmDwaaWmGjwgBbkxd_12x24NYWiHVkbGyD7mwjnqY7eCXgrefLmUWkt6LgpJk0W7w4-Z=w224-h398-k-no""},{""title"":""Tiramisu"",""image"":""https://lh3.googleusercontent.com/gps-cs-s/AHRPTWnVmZPQs2NiXSFvLMPAHSXJFycvyqMflCmIaOG56Xu-8JU1HNZit2CjQN8r-2Azr9e74ybmYJonSGZunCUsS6bPvsSJlqPgCZ0dyfDcsevRngBOgIXqMtxbqAsg0DNKrr4NY5Aa=w224-h398-k-no""},{""title"":""Waffle"",""image"":""https://lh3.googleusercontent.com/gps-cs-s/AHRPTWmUsgcEeNKGXzccW25gnN-XBT37qh-4KRg8o1OUX3UfL-mMBoC48H6slfgjayU8xfOawWOuazk8g8cSheluUvfpYQQ70cfSFstw3wkthkrfEqzVuD2QNwTuaPbTCxf5JaMXK-WRb6U25UE=w447-h298-k-no""},{""title"":""Coffee"",""image"":""https://lh3.googleusercontent.com/gps-cs-s/AHRPTWmlXYDheVVUlhLwJOMgWKg6cXstqBdnmqA9WbAQKw_3cOUfFdY2gX2ObDW9R4Fx-R3E0Ab9nfdLUPLF2P-j4oDkNOspKVY9CH9hEkw2Gxwh4kYan0kN6eKzczikxWx_5YZcpzq8=w529-h298-k-no""},{""title"":""Croissant"",""image"":""https://lh3.googleusercontent.com/gps-cs-s/AHRPTWlF2ehNS52VxdupsJTwBbmiWL7EqAtiFLtZnczxv4DiSo4x1sPglB1Y6BBywr-k5biywqtE0BcJMvdAiVdCWsRXklKGyUw7yVZ5JbNDLSLZ5KmmKSglev5yLyJPYXqu5wBMaWtKUw=w397-h298-k-no""},{""title"":""Latte"",""image"":""https://lh3.googleusercontent.com/gps-cs-s/AHRPTWnwMA9Hys6WUKfVCS_9oDW--RO4_EEiPzsqHMeT0frEB76AdPqbbSocrjxIk5TAhq8-7H9VM5UT2rpvmghd-MwFiopomXROxKdrN9JV1J9ymzDh1yg1YTVTALJvD1kbYhgvqhXnzHb5eyEr=w224-h298-k-no""},{""title"":""Iced tea"",""image"":""https://lh3.googleusercontent.com/gps-cs-s/AHRPTWm9oA9RFlAf9DdaCUkV2Dliw52CSu26AI6jPT4iqRA3TnwGx7nREv3RKezeSbn6MQPgC8ItCIJpL-gjOcLlnZ38nH3oCzUUtYKO9CUdMoEzMpJ9HQItpBjBqhODk8CwIBi2PvdegmIt3biG=w224-h298-k-no""},{""title"":""By owner"",""image"":""https://lh3.googleusercontent.com/gps-cs-s/AHRPTWnw57vnZPHqYX2utFYIGnHaI1yyLJmRVMRBwhvTvjJoOk7SQg2EBQ6DawMQrSzwsP2oKvD1kkQmhpprFy0rYcLTeYiO75uzt3TGm4FEz7rMe9nB59eXlWg-_k8m1GpMsXeCndkm=w447-h298-k-no""}]","{""link"":""/url?q=https://hellocoffee.cargo.site/\u0026opi=79508299\u0026sa=U\u0026ved=0ahUKEwiFss-hxNyWAxVtUWwGHWbbCNEQqRkIICgP\u0026usg=AOvVaw3Y8mBuzyt5akHuCbEwu_L7"",""source"":""hellocoffee.cargo.site""}"
1ebbd01f-3dbf-4632-9464-b274867c81c3,https://www.google.com/maps/place/Neir+Coffee/data=!4m7!3m6!1s0x2de4233a636105ff:0x280542f949cc0296!8m2!3d-3.3211726!4d114.5900674!16s%2Fg%2F11jqhw8x6f!19sChIJ_wVhYzoj5C0RlgLMSflCBSg?authuser=0&hl=en&g_ep=EgoyMDI2MDkwMi4wIJJjKgBIAVAD&rclk=1,Neir Coffee,Coffee shop,"Jl. M.T. Haryono No.2a, Kertak Baru Ulu, Kec. Banjarmasin Tengah, Kota Banjarmasin, Kalimantan Selatan 70231","{""Friday"":[""8.00 am–12.00 am""],""Monday"":[""8.00 am–12.00 am""],""Saturday"":[""8.00 am–12.00 am""],""Sunday"":[""8.00 am–12.00 am""],""Thursday"":[""8.00 am–12.00 am""],""Tuesday"":[""8.00 am–12.00 am""],""Wednesday"":[""8.00 am–12.00 am""]}","{""Friday"":{""10"":26,""11"":34,""12"":40,""13"":42,""14"":40,""15"":37,""16"":41,""17"":51,""18"":68,""19"":82,""20"":89,""21"":95,""22"":87,""23"":67,""6"":0,""7"":0,""8"":9,""9"":15},""Monday"":{""10"":23,""11"":34,""12"":42,""13"":45,""14"":44,""15"":44,""16"":47,""17"":58,""18"":69,""19"":76,""20"":77,""21"":73,""22"":63,""23"":47,""6"":0,""7"":0,""8"":6,""9"":12},""Saturday"":{""10"":24,""11"":35,""12"":43,""13"":49,""14"":46,""15"":44,""16"":44,""17"":51,""18"":69,""19"":86,""20"":96,""21"":100,""22"":89,""23"":69,""6"":0,""7"":0,""8"":9,""9"":14},""Sunday"":{""10"":25,""11"":36,""12"":44,""13"":45,""14"":43,""15"":42,""16"":46,""17"":58,""18"":74,""19"":84,""20"":86,""21"":81,""22"":71,""23"":53,""6"":0,""7"":0,""8"":10,""9"":15},""Thursday"":{""10"":26,""11"":37,""12"":48,""13"":51,""14"":47,""15"":42,""16"":41,""17"":49,""18"":57,""19"":67,""20"":68,""21"":69,""22"":59,""23"":45,""6"":0,""7"":0,""8"":12,""9"":17},""Tuesday"":{""10"":26,""11"":36,""12"":44,""13"":48,""14"":46,""15"":44,""16"":44,""17"":54,""18"":67,""19"":82,""20"":88,""21"":86,""22"":74,""23"":52,""6"":0,""7"":0,""8"":10,""9"":16},""Wednesday"":{""10"":26,""11"":36,""12"":43,""13"":45,""14"":43,""15"":42,""16"":45,""17"":55,""18"":64,""19"":73,""20"":73,""21"":72,""22"":57,""23"":39,""6"":0,""7"":0,""8"":8,""9"":15}}",188,4.7,"{""1"":1,""2"":1,""3"":9,""4"":35,""5"":142}",-3.321173,114.590067,2883784774853067414,0x2de4233a636105ff:0x280542f949cc0296,ChIJ_wVhYzoj5C0RlgLMSflCBSg,"[{""title"":""All"",""image"":""https://lh3.googleusercontent.com/gps-cs-s/AHRPTWkW0SIF-QFpjf4VsRA0W7ndyJ_vWp9M-XSy3U-JR6ff8FkkemxuBWCCTFtiE4IiwkCeV6w7lKdSFKGwuckCn7iQr4xiOneJAs1-hzG3sslYL_dE5wOkcZUH0jNYp0EI6b4095c=w224-h298-k-no""},{""title"":""Menu"",""image"":""https://lh3.googleusercontent.com/gps-cs-s/AHRPTWm0KbaLElQrF9IvQHvYLRE36WfPZ7ThXvCAHfkdD4tc67Grg3PPkLFf3rrsmkIxOyZsZQ0Mk_2-7YuiJtgyFNU9hpJ2qqPQP0cjfG66c9PPAt7oIPRrEJJRpgUouS5HMHP8UuoC=w397-h298-k-no""},{""title"":""Videos"",""image"":""https://lh3.googleusercontent.com/gps-cs-s/AHRPTWl8x_DEyICpqKIZN2Roo6ev6yrPYbP7qMTiun0r03rZnFkfNC4hj52CF-lX5HB6NZzJCunDLhIwwIgE-4JTlCASrNsovK646QwcJo7JSZLeaDB2IPt4F_z8sULJPde1wyKmkmPErw=w224-h398-k-no""},{""title"":""Food \u0026 drink"",""image"":""https://lh3.googleusercontent.com/gps-cs-s/AHRPTWlN2b4ia5U2QKxrw6RlapvJIpbGKwhXrVcii6oxOkuL60P-Gp77yxDQUmdNJj7RxUNSmezfszUha89RiqIehbZ5X5jcywAf6X3h73gvePWDn-5Op882oCa_EHNWCdsnYrVwSoHO=w224-h298-k-no""},{""title"":""Vibe"",""image"":""https://lh3.googleusercontent.com/gps-cs-s/AHRPTWnTKaqGvxtBxQeSzvae-OW_f9KHT-lbL-mUhIVhgfKrPoxkuXQ-vsRdFxoBX7Eqihvry6N-spsL1dYtlbzghWk3b10Xqe9GuDSKYcX2K2BcZ-_51saYPMfbp9DSgDb2pFrdu91www=w224-h298-k-no""},{""title"":""Milk tea"",""image"":""https://lh3.googleusercontent.com/gps-cs-s/AHRPTWkJEXql198xb4PUrhcXOhyV8E0ZHsZpQ9-by6X3MOesuaSbxgogfUnWmJUd-6vRNbJ_E9TZxkxugU24QMJ9PTvlfBpFZjFLruixzdocVL0BdYuf97hd8DzopcWxxZTNtzkoQZY=w224-h298-k-no""},{""title"":""Coffee"",""image"":""https://lh3.googleusercontent.com/gps-cs-s/AHRPTWk511c9Gy54YvkrHbmZcQkUbq0BSglMBi7gpkWoh2Y762q4NJOTtPdLy3A4Kzp-fNIAMNCgCLbBeS4eZEi_jdFbbS_YYunzhok9-Mtm1ofOgyKTxKZyt1Qz01YyeJU6AQ6-ondT_Q=w224-h298-k-no""},{""title"":""Street View \u0026 360°"",""image"":""https://streetviewpixels-pa.googleapis.com/v1/thumbnail?panoid=cdMGy79cNjKGdWTFPpL2fA\u0026cb_client=maps_sv.tactile.gps\u0026w=224\u0026h=298\u0026yaw=290.9333\u0026pitch=0\u0026thumbfov=100""}]","{""link"":"""",""source"":""""}"
1ebbd01f-3dbf-4632-9464-b274867c81c3,https://www.google.com/maps/place/GAS+COFFEE/data=!4m7!3m6!1s0x2de423005f9fcb5d:0xcb1aed70e3fb1ec9!8m2!3d-3.3044197!4d114.5897859!16s%2Fg%2F11yt9j5f3d!19sChIJXcufXwAj5C0RyR7743DtGss?authuser=0&hl=en&g_ep=EgoyMDI2MDkwMi4wIJJjKgBIAVAD&rclk=1,GAS COFFEE,Coffee shop,"Jl. Antasan Kecil Barat No.97, RT.12/RW.02, Ps. Lama, Kec. Banjarmasin Tengah, Kota Banjarmasin, Kalimantan Selatan 70123","{""Friday"":[""7.00 am–1.00 am""],""Monday"":[""7.00 am–12.00 am""],""Saturday"":[""7.00 am–1.00 am""],""Sunday"":[""7.00 am–1.00 am""],""Thursday"":[""7.00 am–12.00 am""],""Tuesday"":[""7.00 am–12.00 am""],""Wednesday"":[""7.00 am–12.00 am""]}","{""Friday"":{""0"":32,""10"":18,""11"":18,""12"":19,""13"":18,""14"":23,""15"":26,""16"":35,""17"":41,""18"":52,""19"":57,""20"":64,""21"":63,""22"":61,""23"":52,""6"":0,""7"":9,""8"":13,""9"":15},""Monday"":{""10"":9,""11"":11,""12"":13,""13"":17,""14"":16,""15"":18,""16"":21,""17"":29,""18"":37,""19"":44,""20"":50,""21"":53,""22"":46,""23"":35,""6"":0,""7"":10,""8"":9,""9"":10},""Saturday"":{""0"":41,""10"":15,""11"":17,""12"":21,""13"":27,""14"":32,""15"":34,""16"":33,""17"":37,""18"":49,""19"":67,""20"":90,""21"":100,""22"":99,""23"":73,""6"":0,""7"":8,""8"":10,""9"":12},""Sunday"":{""0"":25,""10"":10,""11"":13,""12"":18,""13"":23,""14"":26,""15"":30,""16"":36,""17"":47,""18"":59,""19"":60,""20"":58,""21"":56,""22"":51,""23"":43,""6"":0,""7"":10,""8"":9,""9"":7},""Thursday"":{""10"":13,""11"":16,""12"":17,""13"":20,""14"":23,""15"":26,""16"":30,""17"":32,""18"":37,""19"":43,""20"":49,""21"":52,""22"":49,""23"":40,""6"":0,""7"":3,""8"":6,""9"":9},""Tuesday"":{""10"":18,""11"":21,""12"":21,""13"":22,""14"":24,""15"":27,""16"":32,""17"":35,""18"":38,""19"":47,""20"":56,""21"":63,""22"":61,""23"":48,""6"":0,""7"":7,""8"":10,""9"":13},""Wednesday"":{""10"":19,""11"":22,""12"":27,""13"":32,""14"":27,""15"":29,""16"":30,""17"":38,""18"":49,""19"":57,""20"":63,""21"":58,""22"":53,""23"":36,""6"":0,""7"":9,""8"":12,""9"":15}}",64,4.8,"{""1"":1,""2"":2,""3"":1,""4"":1,""5"":59}",-3.30442,114.589786,14635271008210853577,0x2de423005f9fcb5d:0xcb1aed70e3fb1ec9,ChIJXcufXwAj5C0RyR7743DtGss,"[{""title"":""All"",""image"":""https://lh3.googleusercontent.com/gps-cs-s/AHRPTWnTBEkv8ZahPFlJFZf3fcckYWcn0v5KSlbJxYNOmUuIcOdo3gs6A3A_J7P4240MJASTE_N5PpoT_k9A10nD6zg3Pqh_H7c-4gQ5dQcfO2LMmyFIhKSQFds2FGTHo4ncWjAstfKFhdSkX2Bo=w224-h298-k-no""},{""title"":""Latest"",""image"":""https://lh3.googleusercontent.com/gps-cs-s/AHRPTWkcKox_GJ8rUCUnzp_41GiURHJjk3fHKABjsq-ekcm7ZFLV2cTWXyh2F0SAt_vHyad0CC-cVkIw6Lphwa72_oczC16gtUae-XLCIIj_caVf64pdSAb27XAQl4kO01chZd76-q1rrKQVC0rn=w224-h298-k-no""},{""title"":""Videos"",""image"":""https://lh3.googleusercontent.com/gps-cs-s/AHRPTWkM9TzMrOA-GILqQXkdmLhdP-Pt1BYKlAua60ILpC8c2JE4Js-F08NAVLKiffCIBXE8ASawjRfP1JuUrzipF6usdMz6OmkxIHpD3hMgwCKL6q4Ue02OaCHznk8BdKYIDv7cU6AFthpnWTsu=w224-h398-k-no""},{""title"":""Food \u0026 drink"",""image"":""https://lh3.googleusercontent.com/gps-cs-s/AHRPTWlFvoU9QpGhahEPt5YDSH_6kgpwLW09I3lZv1o47I8dSSJK8WphuwC6jPKdDnbKNl-f4VP6g6qfrE0yG338Emczr8rlO2DluEJOevHgJwjZvjHHf5Auoixalj_A3szoIVOymSbrBjggMXE=w397-h298-k-no""},{""title"":""Vibe"",""image"":""https://lh3.googleusercontent.com/gps-cs-s/AHRPTWmLPqYKtyqLWzABcVaLL6CTD4LJIZQQK2UBcs6Hj4Djl4QvrL25AtTavjx8iA-KqgJMlAZmAHgvdkZt58JyY_2ds4hy89DOofAvrmYbdmew9EXikNh1CVQfCZU06goQABOLIJXR6atowJY=w397-h298-k-no""},{""title"":""Coffee"",""image"":""https://lh3.googleusercontent.com/gps-cs-s/AHRPTWlDJ7_NG5uLd2rKCVqw0GjdWqu54o-RRNPSQ2K7ApZ02Uqmr4UxFhnxLTNM2FnBImzkzeyKfUs3YrJvYEvN2Mgporq7YZp1E6eIYD1MJqdi0DW90oWYLg3TCva6i9d9Ro1c_Z1-JyKsDVOB=w224-h298-k-no""},{""title"":""By owner"",""image"":""https://lh3.googleusercontent.com/gps-cs-s/AHRPTWmC4Bu-J2XU373tOP5zPkYun_tt7ic2-8GBs4cUeLZ4YTOsAXDUyaY5Qa5_tJmAHF-nvEHRfsXrtYxLOSuMPBTv0_9CGvYmo_guhx-eHwC474Avkn8CEJbFQ8VfYhll_Zci6gjWfF4afyk=w224-h397-k-no""},{""title"":""Street View \u0026 360°"",""image"":""https://streetviewpixels-pa.googleapis.com/v1/thumbnail?panoid=bYiM0J5lolMQf6baPv5pvw\u0026cb_client=maps_sv.tactile.gps\u0026w=224\u0026h=298\u0026yaw=127.62372\u0026pitch=0\u0026thumbfov=100""}]","{""link"":"""",""source"":""""}"
1ebbd01f-3dbf-4632-9464-b274867c81c3,https://www.google.com/maps/place/ARUNIKA+COFFEE+AND+SPACE/data=!4m7!3m6!1s0x2de423df8981bbbf:0x4a9643c9ba5bcb47!8m2!3d-3.2999931!4d114.5893775!16s%2Fg%2F11p4tw8kdj!19sChIJv7uBid8j5C0RR8tbuslDlko?authuser=0&hl=en&g_ep=EgoyMDI2MDkwMi4wIJJjKgBIAVAD&rclk=1,ARUNIKA COFFEE AND SPACE,Coffee shop,"Jl. Brigjend H. Hasan Basri, Pangeran, Kec. Banjarmasin Utara, Kota Banjarmasin, Kalimantan Selatan 70123","{""Friday"":[""Open 24 hours""],""Monday"":[""Open 24 hours""],""Saturday"":[""Open 24 hours""],""Sunday"":[""Open 24 hours""],""Thursday"":[""Open 24 hours""],""Tuesday"":[""Open 24 hours""],""Wednesday"":[""Open 24 hours""]}","{""Friday"":{""0"":55,""1"":34,""10"":12,""11"":14,""12"":14,""13"":15,""14"":15,""15"":17,""16"":18,""17"":22,""18"":28,""19"":40,""2"":18,""20"":62,""21"":83,""22"":94,""23"":84,""3"":11,""4"":6,""5"":4,""6"":4,""7"":6,""8"":8,""9"":10},""Monday"":{""0"":47,""1"":30,""10"":11,""11"":14,""12"":17,""13"":17,""14"":17,""15"":18,""16"":21,""17"":27,""18"":35,""19"":43,""2"":17,""20"":56,""21"":69,""22"":77,""23"":71,""3"":11,""4"":7,""5"":5,""6"":4,""7"":6,""8"":7,""9"":9},""Saturday"":{""0"":65,""1"":40,""10"":8,""11"":11,""12"":13,""13"":16,""14"":17,""15"":17,""16"":20,""17"":24,""18"":32,""19"":45,""2"":22,""20"":64,""21"":86,""22"":100,""23"":95,""3"":14,""4"":7,""5"":4,""6"":4,""7"":5,""8"":7,""9"":8},""Sunday"":{""0"":52,""1"":32,""10"":10,""11"":12,""12"":14,""13"":15,""14"":17,""15"":18,""16"":21,""17"":26,""18"":34,""19"":45,""2"":16,""20"":60,""21"":73,""22"":81,""23"":77,""3"":10,""4"":7,""5"":6,""6"":5,""7"":6,""8"":8,""9"":9},""Thursday"":{""0"":48,""1"":30,""10"":10,""11"":11,""12"":12,""13"":14,""14"":16,""15"":19,""16"":22,""17"":25,""18"":29,""19"":36,""2"":17,""20"":47,""21"":64,""22"":74,""23"":71,""3"":12,""4"":8,""5"":7,""6"":7,""7"":8,""8"":8,""9"":9},""Tuesday"":{""0"":44,""1"":28,""10"":10,""11"":11,""12"":12,""13"":14,""14"":16,""15"":18,""16"":21,""17"":24,""18"":30,""19"":38,""2"":15,""20"":51,""21"":65,""22"":71,""23"":65,""3"":10,""4"":5,""5"":4,""6"":4,""7"":5,""8"":7,""9"":9},""Wednesday"":{""0"":52,""1"":31,""10"":14,""11"":15,""12"":17,""13"":16,""14"":16,""15"":17,""16"":21,""17"":27,""18"":33,""19"":43,""2"":17,""20"":55,""21"":69,""22"":78,""23"":75,""3"":10,""4"":7,""5"":5,""6"":5,""7"":7,""8"":9,""9"":10}}",325,4.4,"{""1"":16,""2"":7,""3"":15,""4"":68,""5"":219}",-3.299993,114.589377,5374557739007331143,0x2de423df8981bbbf:0x4a9643c9ba5bcb47,ChIJv7uBid8j5C0RR8tbuslDlko,"[{""title"":""All"",""image"":""https://lh3.googleusercontent.com/gps-cs-s/AHRPTWluEkXRQ4WB4MJs70QZmfvh2lKo937-tXeTLGAWCfbYAk2iIES60M_xt7YE_EIvOidkB_CzumGZucPVYGrMV7PvJFwnu7UJbQIGkagKJhx2pooIqgA1Pv2e42WedZCkMtDeQDrW=w323-h298-k-no""},{""title"":""Menu"",""image"":""https://lh3.googleusercontent.com/gps-cs-s/AHRPTWmzCFxu8aLSPHOlWdOhoxyb_zw1gVOpJOIdcA_aA0sxHREz-XMCp36f8wnl_pYv0E5XXG4FW3GKbufvYPnZ_7GArey0twVBri8EjJ0MjGhA-7683bSj7Nb2LM3uqRIIMp_eZM23=w224-h298-k-no""},{""title"":""Videos"",""image"":""https://lh3.googleusercontent.com/gps-cs-s/AHRPTWnyJdDjoV3lyEFl1qmn1IKEgAvr-L6WWC3nNLh4WW0eH41k9Gt1DVS9VhoiomlGPpwLBP7oXYzhb8VUgCEEj2WXMsWoVaAVZGxAMls6-nNd9kD1wGeYij5DPKejbgBxp8vx56mJ5g=w224-h398-k-no""},{""title"":""Food \u0026 drink"",""image"":""https://lh3.googleusercontent.com/gps-cs-s/AHRPTWn2VXIX-ElBIBXVRcJOwJbgQwKWskyp2_O-yvAG2hx5u81VpdgSMLJwiEgZq8qyjA7v7AlhVf-faMHrPRitdd5_zWo3NpG7uQZmI6v1eI-YV6RrOciFoEk-PnkNYrk2edZ_I7QHo-tR2OU=w529-h298-k-no""},{""title"":""Vibe"",""image"":""https://lh3.googleusercontent.com/gps-cs-s/AHRPTWnCeOJ45EKzVM105RB2BDrwWnv7L66VdxFCk9GRnAVgChqyq0yTsqbHfeH1GOEuL9EKYTzkJBL0Mkgd4PEk6ycm5yTmT_Xz9oNG_WsYbtlQXDDEV7z7RBi_EBtEzVvv82lAIZh4WA=w224-h398-k-no""},{""title"":""Milk tea"",""image"":""https://lh3.googleusercontent.com/gps-cs-s/AHRPTWltaAoHWsRXpKX34UOJm67KntWu3nRyyIR4e04YzH2tHypAx9hNEp-bnw815adA2kblX4ONrJnqddux6_sVQsEPDZidZm-fYdwHy0Qtq5l5ew6y87n5k7YCFhvGocaDxz1eFDkJeMOgo8tE=w224-h398-k-no""},{""title"":""Coffee"",""image"":""https://lh3.googleusercontent.com/gps-cs-s/AHRPTWmpvGXGabYdt8UXjttN6f008s0WkJ6SNr_qcps8xI1S4B5M3ZAuJfPHb5Yi8CCn37b8hpOaBnIKV0-7r7lNHSC3BdVxf36X1yqLxNRhCkA3xTbTFlozo9VW0Bg2Vmi7v8-vjqUL=w224-h314-k-no""},{""title"":""Street View \u0026 360°"",""image"":""https://streetviewpixels-pa.googleapis.com/v1/thumbnail?panoid=PbEJ3WQnjBsm4l_y66sPgw\u0026cb_client=maps_sv.tactile.gps\u0026w=224\u0026h=298\u0026yaw=285.60895\u0026pitch=0\u0026thumbfov=100""}]","{""link"":"""",""source"":""""}"
1ebbd01f-3dbf-4632-9464-b274867c81c3,https://www.google.com/maps/place/Haka+Koffie/data=!4m7!3m6!1s0x2de4237ffd21ad7f:0x48bdd46107e6301!8m2!3d-3.3023502!4d114.6100024!16s%2Fg%2F11rhrhsgvx!19sChIJf60h_X8j5C0RAWN-EEbdiwQ?authuser=0&hl=en&g_ep=EgoyMDI2MDkwMi4wIJJjKgBIAVAD&rclk=1,Haka Koffie,Coffee shop,"Samping Upik Mini Soccer, Jl. Pangeran Hidayatullah, Sungai Jingah, Kec. Banjarmasin Utara, Kota Banjarmasin, Kalimantan Selatan 70124","{""Friday"":[""7.00 am–10.00 pm""],""Monday"":[""7.00 am–10.00 pm""],""Saturday"":[""7.00 am–10.30 pm""],""Sunday"":[""7.00 am–10.30 pm""],""Thursday"":[""7.00 am–10.00 pm""],""Tuesday"":[""7.00 am–10.00 pm""],""Wednesday"":[""7.00 am–10.00 pm""]}","{""Friday"":{""10"":10,""11"":10,""12"":11,""13"":16,""14"":25,""15"":33,""16"":41,""17"":47,""18"":52,""19"":58,""20"":64,""21"":66,""22"":0,""23"":0,""6"":0,""7"":6,""8"":8,""9"":9},""Monday"":{""10"":9,""11"":11,""12"":11,""13"":12,""14"":15,""15"":18,""16"":24,""17"":29,""18"":37,""19"":47,""20"":56,""21"":55,""22"":0,""23"":0,""6"":0,""7"":3,""8"":4,""9"":7},""Saturday"":{""10"":11,""11"":15,""12"":19,""13"":25,""14"":32,""15"":40,""16"":48,""17"":53,""18"":61,""19"":73,""20"":92,""21"":100,""22"":89,""23"":0,""6"":0,""7"":4,""8"":5,""9"":8},""Sunday"":{""10"":17,""11"":18,""12"":20,""13"":24,""14"":28,""15"":34,""16"":42,""17"":50,""18"":56,""19"":58,""20"":62,""21"":59,""22"":49,""23"":0,""6"":0,""7"":15,""8"":19,""9"":19},""Thursday"":{""10"":8,""11"":10,""12"":12,""13"":13,""14"":17,""15"":21,""16"":26,""17"":32,""18"":39,""19"":48,""20"":56,""21"":58,""22"":0,""23"":0,""6"":0,""7"":2,""8"":3,""9"":6},""Tuesday"":{""10"":9,""11"":12,""12"":16,""13"":20,""14"":24,""15"":29,""16"":34,""17"":43,""18"":52,""19"":60,""20"":65,""21"":68,""22"":0,""23"":0,""6"":0,""7"":2,""8"":5,""9"":7},""Wednesday"":{""10"":11,""11"":12,""12"":14,""13"":18,""14"":22,""15"":29,""16"":39,""17"":48,""18"":56,""19"":62,""20"":71,""21"":74,""22"":0,""23"":0,""6"":0,""7"":4,""8"":7,""9"":9}}",492,4.4,"{""1"":36,""2"":8,""3"":14,""4"":76,""5"":358}",-3.30235,114.610002,327598690908660481,0x2de4237ffd21ad7f:0x48bdd46107e6301,ChIJf60h_X8j5C0RAWN-EEbdiwQ,"[{""title"":""All"",""image"":""https://lh3.googleusercontent.com/gps-cs-s/AHRPTWkYowK2WJw662C_ixY_vuo9s-XDFc34yqW7KyGICe2kKWbAujYLGP1rYFUM3YVNz0YKkBwGMQ9VS4ZmyHuwuDU1LAtxnXtmdP-EBDaWTu0D0rOA6q5zPK3-qdFZxGy6RfIk0dSrTSVVlcj6=w447-h298-k-no""},{""title"":""Menu"",""image"":""https://lh3.googleusercontent.com/gps-cs-s/AHRPTWl1xIfG-5i1j9KW--be4ByhXyMDiAhwKJwRUVJ2GCjOsM9M0U19LGrfyMEtIAItRXRiFbBTMhjBlRVjpl_MPa4Ot2saSUjHz9S2SEdt_uUDlY0RWjf5W1bgJgu-5Ec3OpimM-I=w397-h298-k-no""},{""title"":""Videos"",""image"":""https://lh3.googleusercontent.com/gps-cs-s/AHRPTWl6SJ_AgzfL_aI9AfME6Uc4QkMdgdwX7ndNOLlLFU3tR-Pjzs85LXWGnIiupCOL1hwbIaKz90rUmwS0KEVYLlYL2UgeBS_x9yqpwVqqOM37xSIB7zgnnsprTkIgsDIZcM3SK9V3NA=w224-h398-k-no""},{""title"":""Food \u0026 drink"",""image"":""https://lh3.googleusercontent.com/gps-cs-s/AHRPTWkjn8usVcaXIW8Dyo3vnllJzkDnsnMaRTRNNIkP63HQoGlzLjHBuQSlspdj4VadsP4yI8HcvnyjUQ-DMwcezAMk6XtUx_iu-_pUth85uf6uHXr-HQRllMdzFR5PDvbzLQCRWu-gfw=w224-h298-k-no""},{""title"":""Vibe"",""image"":""https://lh3.googleusercontent.com/gps-cs-s/AHRPTWmWKGBgmMpq-6tMJgcJ8SqF8S2VyGh2pA61WkXo9myCICF4PrgTDGMVZDUsLIH5ppClCU4Ogc3Jg5swat2Ylq86mUGMPvFgX7jgkWrrtjTlL1sxU2P6v_4oaICGBL2Q5SoG8C2x=w224-h398-k-no""},{""title"":""Juice"",""image"":""https://lh3.googleusercontent.com/gps-cs-s/AHRPTWkn2-lvE8nWXEyvSXU45O0haGGMdbIW-HDlVs8VlTCLjev_vQUm7KO9iv7z6O0nDOcpFqlEV0WWUeCrz-hhc0JDVmBY5c4t8ZMSo6p6nekNn-pOY1NLDaNZ8QqbgZQICr_sWCDwJA=w397-h298-k-no""},{""title"":""Latte"",""image"":""https://lh3.googleusercontent.com/gps-cs-s/AHRPTWmg3IK0JdLSoPkUhd09wSv2QkgvhHw37fV9CUMWoFhCY4rqpae4Ashy8_g0RH9nLjd-FvY8fLyY_soMm99EpZM5EgDv7pB-Hr5-HDOoX91pIceg3aCOJAHhhsOuBSmTIUVXvTaEyIuWOxBR=w224-h497-k-no""},{""title"":""Iced tea"",""image"":""https://lh3.googleusercontent.com/gps-cs-s/AHRPTWk91xuZJv7yQi2UCcZrcxYpZY0-BM-tZ6jXtrZKW5surqPhGIl7cjXWqnXsaOS80oU39dkslkroCNJaGGMTSljbqgItC-8WigZt8j3sJEu-xkCoP_hkY698HFx9pYn1GGO-1VYseQ=w224-h298-k-no""},{""title"":""Street View \u0026 360°"",""image"":""https://streetviewpixels-pa.googleapis.com/v1/thumbnail?panoid=ctUButGUMJGB4_zATqPX0g\u0026cb_client=maps_sv.tactile.gps\u0026w=224\u0026h=298\u0026yaw=62.91416\u0026pitch=0\u0026thumbfov=100""}]","{""link"":"""",""source"":""""}"
1ebbd01f-3dbf-4632-9464-b274867c81c3,https://www.google.com/maps/place/Kopi+MAE/data=!4m7!3m6!1s0x2de427fe630c5831:0xe3d4c474c0a78a04!8m2!3d-3.3455265!4d114.6238139!16s%2Fg%2F11j54566gz!19sChIJMVgMY_4n5C0RBIqnwHTE1OM?authuser=0&hl=en&g_ep=EgoyMDI2MDkwMi4wIJJjKgBIAVAD&rclk=1,Kopi MAE,Coffee shop,"Jl. A. Yani KM.5,8 No.98, Pemurus Luar, Kec. Banjarmasin Tim., Kota Banjarmasin, Kalimantan Selatan 70238","{""Friday"":[""7.00 am–11.30 pm""],""Monday"":[""7.00 am–11.30 pm""],""Saturday"":[""7.00 am–11.30 pm""],""Sunday"":[""7.00 am–11.30 pm""],""Thursday"":[""7.00 am–11.30 pm""],""Tuesday"":[""7.00 am–11.30 pm""],""Wednesday"":[""7.00 am–11.30 pm""]}","{""Friday"":{""10"":9,""11"":9,""12"":10,""13"":12,""14"":13,""15"":18,""16"":23,""17"":29,""18"":37,""19"":45,""20"":57,""21"":68,""22"":72,""23"":62,""6"":0,""7"":8,""8"":10,""9"":9},""Monday"":{""10"":10,""11"":11,""12"":14,""13"":15,""14"":16,""15"":17,""16"":22,""17"":27,""18"":33,""19"":43,""20"":55,""21"":62,""22"":56,""23"":0,""6"":0,""7"":4,""8"":6,""9"":8},""Saturday"":{""10"":8,""11"":9,""12"":13,""13"":16,""14"":19,""15"":21,""16"":24,""17"":30,""18"":40,""19"":55,""20"":76,""21"":94,""22"":100,""23"":86,""6"":0,""7"":5,""8"":7,""9"":7},""Sunday"":{""10"":18,""11"":13,""12"":12,""13"":12,""14"":15,""15"":18,""16"":23,""17"":27,""18"":35,""19"":43,""20"":56,""21"":64,""22"":64,""23"":53,""6"":0,""7"":21,""8"":25,""9"":23},""Thursday"":{""10"":8,""11"":10,""12"":11,""13"":15,""14"":17,""15"":19,""16"":21,""17"":26,""18"":30,""19"":37,""20"":45,""21"":52,""22"":54,""23"":0,""6"":0,""7"":6,""8"":6,""9"":7},""Tuesday"":{""10"":9,""11"":12,""12"":14,""13"":17,""14"":17,""15"":19,""16"":22,""17"":28,""18"":36,""19"":46,""20"":52,""21"":53,""22"":50,""23"":0,""6"":0,""7"":6,""8"":7,""9"":8},""Wednesday"":{""10"":10,""11"":12,""12"":13,""13"":14,""14"":15,""15"":17,""16"":22,""17"":29,""18"":34,""19"":40,""20"":47,""21"":54,""22"":57,""23"":0,""6"":0,""7"":6,""8"":7,""9"":9}}",332,4.5,"{""1"":11,""2"":7,""3"":16,""4"":60,""5"":238}",-3.345527,114.623814,16416962547399756292,0x2de427fe630c5831:0xe3d4c474c0a78a04,ChIJMVgMY_4n5C0RBIqnwHTE1OM,"[{""title"":""All"",""image"":""https://lh3.googleusercontent.com/gps-cs-s/AHRPTWmtDaFFcInAZqF9PG2sDW29rnLYVP_r5ccf5noboRHJfVzI-tXc0yBcTCy8yD9QIO2N9zxz6kf7fg7arN2oNPESZEWK4mveg7HRsqtYdoj_6dQDMe9VWhn0UMxjVfb7T8hfJ3FI=w397-h298-k-no""},{""title"":""Latest"",""image"":""https://lh3.googleusercontent.com/gps-cs-s/AHRPTWlDc0QbzOnyYw_XBKFmyyUNB6TH5YA24zq5dgc0GdPVhK_t_MDqebuuHSrLBYnM1VF022ku_ie0YVXM9_s7TFsYtIIHiLu-4ewIkcmUX3rs_kQgt3DZnzZ3MZ4SaMzXjEpBdz7mGNj-ngdm=w224-h398-k-no""},{""title"":""Videos"",""image"":""https://lh3.googleusercontent.com/gps-cs-s/AHRPTWnEian9l54iOprD2PVUzGQp50wP_QTjJVEPwcO5QVP9IizRatf0j538U_Azl_cGe9RlhkqtrJirZ_PqRS-9J6YSMjusELxHZXtW3y-llRzfqunEHR9iGqpsB-JqSBxFMifRDhsW=w529-h298-k-no""},{""title"":""Menu"",""image"":""https://lh3.googleusercontent.com/gps-cs-s/AHRPTWnjyDvyyJYI-_DaqzUfXd6pE8F5siTm1zoezOSkoSBUmmZzl_JF5sQWtmoQrm9QWqW_Ty9tflty9dogMDamm3kalMphSaBFCBvv35xnb10RyO_tD9g5IQBjafhOGaKuYJ73Astf=w224-h398-k-no""},{""title"":""Food \u0026 drink"",""image"":""https://lh3.googleusercontent.com/gps-cs-s/AHRPTWkU6FFAAMq_ZuhMbgCM2v7rL5yT5TNENumn2Rzfe77hZ4s1JP65_uQfiCHTYgBuSTf6g_aVZdw_XKga5Y_yWHQFM6FUxQj6M4O06Xr0p97H1yaR5ypjOdh0_zA2pmgwSL_R72Li=w224-h398-k-no""},{""title"":""Vibe"",""image"":""https://lh3.googleusercontent.com/gps-cs-s/AHRPTWmjL8MMxWx-XDpxVf9CECie79gBAbKS23ZtKekl9-_pDmFNrVv2Yq8aXLZs6fW458UBHz82DJHgiOXU8qamaVtQ9XRoVL2UlUmPe6AeJHSkVyczbcz_H4ctW70ICnPb22DpJ1i-=w397-h298-k-no""},{""title"":""Iced coffee"",""image"":""https://lh3.googleusercontent.com/gps-cs-s/AHRPTWkajKukj9wvdEW22bHpuTUYwVP0n5Nn7NFBDVgIT_vMctHya7ftWydqmVxgMjjb6sVnTAg40_b6cYxJdo6vrYPoMfPPKD7LmTMakNlcXOCPNoMlEYfvd8F371moSyHbv9vWcOMDXLlMNelY=w224-h298-k-no""},{""title"":""By owner"",""image"":""https://lh3.googleusercontent.com/gps-cs-s/AHRPTWmtDaFFcInAZqF9PG2sDW29rnLYVP_r5ccf5noboRHJfVzI-tXc0yBcTCy8yD9QIO2N9zxz6kf7fg7arN2oNPESZEWK4mveg7HRsqtYdoj_6dQDMe9VWhn0UMxjVfb7T8hfJ3FI=w397-h298-k-no""},{""title"":""Street View \u0026 360°"",""image"":""https://streetviewpixels-pa.googleapis.com/v1/thumbnail?panoid=WJS8YOmu_uh-fdj_4Up54Q\u0026cb_client=maps_sv.tactile.gps\u0026w=224\u0026h=298\u0026yaw=156.87099\u0026pitch=0\u0026thumbfov=100""}]","{""link"":"""",""source"":""""}"
1ebbd01f-3dbf-4632-9464-b274867c81c3,https://www.google.com/maps/place/Manrobika+%28Kopi+Take+Away%29/data=!4m7!3m6!1s0x2de423e1f7e78b59:0xc338b87eaf6b0b80!8m2!3d-3.2890958!4d114.5954422!16s%2Fg%2F11ymsgvs0z!19sChIJWYvn9-Ej5C0RgAtrr364OMM?authuser=0&hl=en&g_ep=EgoyMDI2MDkwMi4wIJJjKgBIAVAD&rclk=1,Manrobika (Kopi Take Away),Coffee shop,"Jl. Adhyaksa II No.11A, Sungai Miai, Kec. Banjarmasin Utara, Kota Banjarmasin, Kalimantan Selatan 70123","{""Friday"":[""7.00 am–10.00 pm""],""Monday"":[""7.00 am–10.00 pm""],""Saturday"":[""7.00 am–10.00 pm""],""Sunday"":[""7.00 am–10.00 pm""],""Thursday"":[""7.00 am–10.00 pm""],""Tuesday"":[""7.00 am–10.00 pm""],""Wednesday"":[""7.00 am–8.00 pm""]}","{""Friday"":{""10"":35,""11"":22,""12"":20,""13"":22,""14"":39,""15"":47,""16"":58,""17"":68,""18"":72,""19"":70,""20"":58,""21"":41,""22"":0,""23"":0,""6"":0,""7"":14,""8"":22,""9"":29},""Monday"":{""10"":35,""11"":43,""12"":43,""13"":45,""14"":41,""15"":43,""16"":52,""17"":64,""18"":66,""19"":79,""20"":85,""21"":75,""22"":0,""23"":0,""6"":0,""7"":18,""8"":25,""9"":33},""Saturday"":{""10"":16,""11"":22,""12"":22,""13"":35,""14"":56,""15"":72,""16"":85,""17"":77,""18"":68,""19"":58,""20"":60,""21"":60,""22"":0,""23"":0,""6"":0,""7"":22,""8"":18,""9"":16},""Sunday"":{""10"":14,""11"":20,""12"":25,""13"":43,""14"":50,""15"":50,""16"":50,""17"":52,""18"":64,""19"":70,""20"":62,""21"":47,""22"":0,""23"":0,""6"":0,""7"":14,""8"":16,""9"":18},""Thursday"":{""10"":27,""11"":31,""12"":25,""13"":31,""14"":39,""15"":41,""16"":47,""17"":54,""18"":70,""19"":79,""20"":72,""21"":54,""22"":0,""23"":0,""6"":0,""7"":33,""8"":27,""9"":29},""Tuesday"":{""10"":25,""11"":22,""12"":18,""13"":20,""14"":33,""15"":56,""16"":75,""17"":93,""18"":100,""19"":95,""20"":87,""21"":68,""22"":0,""23"":0,""6"":0,""7"":10,""8"":16,""9"":18},""Wednesday"":{""10"":27,""11"":29,""12"":29,""13"":37,""14"":41,""15"":50,""16"":50,""17"":56,""18"":60,""19"":58,""20"":0,""21"":0,""22"":0,""23"":0,""6"":0,""7"":31,""8"":27,""9"":27}}",31,4.9,"{""1"":0,""2"":0,""3"":0,""4"":2,""5"":29}",-3.289096,114.595442,14067196290340162432,0x2de423e1f7e78b59:0xc338b87eaf6b0b80,ChIJWYvn9-Ej5C0RgAtrr364OMM,"[{""title"":""All"",""image"":""https://lh3.googleusercontent.com/gps-cs-s/AHRPTWl9va0ST8ZNylfqWrGPDcnuG4bLcJ7H-FllKqrDoET83j7PqJ2ccLWlinNgnKbrhL0TjinqvDBX2KvhAB-0RecwLU9wXRDq-HERzT9sQWG9SYOexHhsQxS4GZ5A3oIuuDsZlFZVnwhVNX8=w224-h298-k-no""},{""title"":""Menu"",""image"":""https://lh3.googleusercontent.com/gps-cs-s/AHRPTWkmNqnd7vEI2ACuNo2m5p4zN048lEcq9cf2hwTvk1cVS20yB35penXjZzowfSJRU553fyDOn_oiVXJEtOFVbnBCSONe0zzISS3ePXTIxDh56QGcsGbV3WC67I7HOlY9OdKPVHv6-zHuf7g=w439-h298-k-no""},{""title"":""By owner"",""image"":""https://lh3.googleusercontent.com/gps-cs-s/AHRPTWm6QhYs-lAfoIRkdjBh7LjEkEa26suVa994unDqHd5K_MPLVDc-HhmCNRJvoWJaIfZtIaX83pmDIJxYVd3_YYhqZjEiLgkLnnCjeZSrfLj9VVU5rKbXbxxxFPVfRgw-L2I6FGYJZqQ7QYA=w224-h298-k-no""},{""title"":""Street View \u0026 360°"",""image"":""https://streetviewpixels-pa.googleapis.com/v1/thumbnail?panoid=SVs_00If0A5IppUEoy7fTQ\u0026cb_client=maps_sv.tactile.gps\u0026w=224\u0026h=298\u0026yaw=233.04527\u0026pitch=0\u0026thumbfov=100""}]","{""link"":"""",""source"":""""}"
1ebbd01f-3dbf-4632-9464-b274867c81c3,https://www.google.com/maps/place/Coffe+Harapan/data=!4m7!3m6!1s0x2de425000a69dd6d:0xc4e74b087df7ea7b!8m2!3d-3.3238556!4d114.6246036!16s%2Fg%2F11zcnbkfcs!19sChIJbd1pCgAl5C0Re-r3fQhL58Q?authuser=0&hl=en&g_ep=EgoyMDI2MDkwMi4wIJJjKgBIAVAD&rclk=1,Coffe Harapan,Coffee shop,"MJGF+FR5 Coffe Harapan, Jl. Pramuka Komp. Satelit Permai, Pemurus Luar, Kec. Banjarmasin Tim., Kota Banjarmasin, Kalimantan Selatan 70238","{""Friday"":[""5.00–11.00 pm""],""Monday"":[""5.00–11.00 pm""],""Saturday"":[""5.00–11.00 pm""],""Sunday"":[""5.00–11.00 pm""],""Thursday"":[""5.00–11.00 pm""],""Tuesday"":[""5.00–11.00 pm""],""Wednesday"":[""5.00–11.00 pm""]}",{},6,4.8,"{""1"":0,""2"":0,""3"":0,""4"":1,""5"":5}",-3.323856,114.624604,14188391650899257979,0x2de425000a69dd6d:0xc4e74b087df7ea7b,ChIJbd1pCgAl5C0Re-r3fQhL58Q,"[{""title"":""All"",""image"":""https://lh3.googleusercontent.com/gps-cs-s/AHRPTWmE3jUk1ZsH5Z3yItqhEZvFtXoMNVTZ3LF0tM7YjYh66KgUEXrqJ8RvkcKg4JTBpmXSNUP7DzCAff_B1StBRLxrcuNdLL7IK6wbxjfuVwtf38O7SykAqb1BEN3TSVmbM-ddSU8KwXAKgHBd=w224-h298-k-no""},{""title"":""Street View \u0026 360°"",""image"":""https://streetviewpixels-pa.googleapis.com/v1/thumbnail?panoid=o2M-fijz_8Uf0p345M1Quw\u0026cb_client=maps_sv.tactile.gps\u0026w=224\u0026h=298\u0026yaw=78.37049\u0026pitch=0\u0026thumbfov=100""}]","{""link"":"""",""source"":""""}"
1ebbd01f-3dbf-4632-9464-b274867c81c3,https://www.google.com/maps/place/Serdadu+Coffe+And+Space/data=!4m7!3m6!1s0x2de42362551f8b2d:0x8e4e14012d10e638!8m2!3d-3.3271053!4d114.576874!16s%2Fg%2F11yn8skn0b!19sChIJLYsfVWIj5C0ROOYQLQEUTo4?authuser=0&hl=en&g_ep=EgoyMDI2MDkwMi4wIJJjKgBIAVAD&rclk=1,Serdadu Coffe And Space,Coffee shop,"Jl. Dahlia Kebun Sayur, Basirih, Kec. Banjarmasin Tengah, Kota Banjarmasin, Kalimantan Selatan 70114","{""Friday"":[""4.00–11.30 pm""],""Monday"":[""4.00–11.30 pm""],""Saturday"":[""4.00 pm–12.00 am""],""Sunday"":[""4.00 pm–12.00 am""],""Thursday"":[""4.00–11.30 pm""],""Tuesday"":[""4.00–11.30 pm""],""Wednesday"":[""4.00–11.30 pm""]}","{""Friday"":{""10"":0,""11"":0,""12"":0,""13"":0,""14"":0,""15"":0,""16"":23,""17"":30,""18"":32,""19"":43,""20"":56,""21"":82,""22"":71,""23"":56,""6"":0,""7"":0,""8"":0,""9"":0},""Monday"":{""10"":0,""11"":0,""12"":0,""13"":0,""14"":0,""15"":0,""16"":41,""17"":47,""18"":47,""19"":63,""20"":82,""21"":86,""22"":82,""23"":0,""6"":0,""7"":0,""8"":0,""9"":0},""Saturday"":{""10"":0,""11"":0,""12"":0,""13"":0,""14"":0,""15"":0,""16"":21,""17"":19,""18"":32,""19"":39,""20"":67,""21"":89,""22"":100,""23"":78,""6"":0,""7"":0,""8"":0,""9"":0},""Sunday"":{""10"":0,""11"":0,""12"":0,""13"":0,""14"":0,""15"":0,""16"":26,""17"":39,""18"":52,""19"":69,""20"":84,""21"":84,""22"":73,""23"":58,""6"":0,""7"":0,""8"":0,""9"":0},""Thursday"":{""10"":0,""11"":0,""12"":0,""13"":0,""14"":0,""15"":0,""16"":26,""17"":34,""18"":52,""19"":56,""20"":60,""21"":54,""22"":43,""23"":0,""6"":0,""7"":0,""8"":0,""9"":0},""Tuesday"":{""10"":0,""11"":0,""12"":0,""13"":0,""14"":0,""15"":0,""16"":39,""17"":52,""18"":60,""19"":47,""20"":56,""21"":63,""22"":58,""23"":0,""6"":0,""7"":0,""8"":0,""9"":0},""Wednesday"":{""10"":0,""11"":0,""12"":0,""13"":0,""14"":0,""15"":0,""16"":17,""17"":21,""18"":28,""19"":39,""20"":56,""21"":65,""22"":60,""23"":0,""6"":0,""7"":0,""8"":0,""9"":0}}",9,4.9,"{""1"":0,""2"":0,""3"":0,""4"":1,""5"":8}",-3.327105,114.576874,10254155396852803128,0x2de42362551f8b2d:0x8e4e14012d10e638,ChIJLYsfVWIj5C0ROOYQLQEUTo4,"[{""title"":""All"",""image"":""https://lh3.googleusercontent.com/gps-cs-s/AHRPTWlrNK7l_D1s6mu-BlZ2IhFasXhCFVwxJmH74J1U05Dy_3llsrg4ljxGAYiMzhyVYa2b_tOQ9klaNEAwiPOFTq_b_AHA4BqrPl8YJnBBh4JbP0jYTleKRs8UBbdcHFkUwTO4oClg3hALPk3u=w224-h298-k-no""},{""title"":""Menu"",""image"":""https://lh3.googleusercontent.com/gps-cs-s/AHRPTWmmTROdJLai-RnvVXM8Lbau9XeNWej7NQ2ag-jKC4o3-U3OgATnYVh4ju1e_dnGzf4pXEa71zCdZ8R1EKtnaNWXemjxdWur1YNx4iBpmJPbim1jzsJSl7mqd1l9VVurWH6US25o0IzNe1Y=w224-h309-k-no""},{""title"":""Videos"",""image"":""https://lh3.googleusercontent.com/gps-cs-s/AHRPTWnxm2vMCK7oyMCvg9DMWut8VR-TUMeD7qvHMlWDyXs1MsLNOI89Aw3cTBYp0JkXhYausw2hXyOCSWDohZcB2hhdKAvVWt_YTLzGBeMXfnbpZcrhXC9Cyoze-gpBCwr3qVgNw8R5imp-Rh7N=w224-h398-k-no""},{""title"":""By owner"",""image"":""https://lh3.googleusercontent.com/gps-cs-s/AHRPTWn2CxRbLMiISGuLhgUNjJ8kyxTnYIMU07U92J7BZvy1CXrykAOR3TV8nRUSTa2LAgoM1AiEaWOo5jo349wwKi3sDyw8JIMwAJswUKX2NvY53ytIgA4uf-8WgfG0cSNdmtQBU18eB1_XKb4=w224-h398-k-no""},{""title"":""Street View \u0026 360°"",""image"":""https://streetviewpixels-pa.googleapis.com/v1/thumbnail?panoid=rSSfDZL0gVXi11PJXXtLdA\u0026cb_client=maps_sv.tactile.gps\u0026w=224\u0026h=298\u0026yaw=41.12083\u0026pitch=0\u0026thumbfov=100""}]","{""link"":"""",""source"":""""}"
1ebbd01f-3dbf-4632-9464-b274867c81c3,https://www.google.com/maps/place/Kedai+Kopi+Koffeeahh/data=!4m7!3m6!1s0x2de421f7e4346657:0xf9e6236b971e65a3!8m2!3d-3.3348473!4d114.6104906!16s%2Fg%2F11h_d795lt!19sChIJV2Y05Pch5C0Ro2Uel2sj5vk?authuser=0&hl=en&g_ep=EgoyMDI2MDkwMi4wIJJjKgBIAVAD&rclk=1,Kedai Kopi Koffeeahh,Cafe,"Jl. AMD 2 Besar No.100, Pekapuran Raya, Banjarmasin Timur, Banjarmasin City, South Kalimantan 70123","{""Friday"":[""8.00 am–11.00 pm""],""Monday"":[""8.00 am–11.00 pm""],""Saturday"":[""8.00 am–11.00 pm""],""Sunday"":[""8.00 am–11.00 pm""],""Thursday"":[""8.00 am–11.00 pm""],""Tuesday"":[""8.00 am–11.00 pm""],""Wednesday"":[""8.00 am–11.00 pm""]}","{""Friday"":{""10"":24,""11"":30,""12"":30,""13"":30,""14"":30,""15"":33,""16"":30,""17"":31,""18"":34,""19"":50,""20"":67,""21"":82,""22"":81,""23"":0,""6"":0,""7"":0,""8"":9,""9"":12},""Monday"":{""10"":14,""11"":13,""12"":14,""13"":19,""14"":25,""15"":24,""16"":28,""17"":28,""18"":34,""19"":42,""20"":60,""21"":64,""22"":70,""23"":0,""6"":0,""7"":0,""8"":10,""9"":14},""Saturday"":{""10"":17,""11"":20,""12"":24,""13"":28,""14"":34,""15"":42,""16"":45,""17"":41,""18"":47,""19"":65,""20"":90,""21"":100,""22"":79,""23"":0,""6"":0,""7"":0,""8"":6,""9"":9},""Sunday"":{""10"":21,""11"":29,""12"":33,""13"":31,""14"":27,""15"":28,""16"":35,""17"":41,""18"":50,""19"":55,""20"":64,""21"":66,""22"":59,""23"":0,""6"":0,""7"":0,""8"":11,""9"":14},""Thursday"":{""10"":17,""11"":19,""12"":24,""13"":28,""14"":30,""15"":35,""16"":34,""17"":33,""18"":34,""19"":46,""20"":67,""21"":81,""22"":78,""23"":0,""6"":0,""7"":0,""8"":11,""9"":13},""Tuesday"":{""10"":20,""11"":20,""12"":23,""13"":27,""14"":33,""15"":44,""16"":49,""17"":52,""18"":53,""19"":60,""20"":70,""21"":80,""22"":78,""23"":0,""6"":0,""7"":0,""8"":13,""9"":14},""Wednesday"":{""10"":13,""11"":16,""12"":23,""13"":30,""14"":41,""15"":42,""16"":46,""17"":41,""18"":39,""19"":42,""20"":57,""21"":66,""22"":67,""23"":0,""6"":0,""7"":0,""8"":6,""9"":8}}",154,4.7,"{""1"":3,""2"":1,""3"":1,""4"":29,""5"":120}",-3.334847,114.610491,18007119105091331491,0x2de421f7e4346657:0xf9e6236b971e65a3,ChIJV2Y05Pch5C0Ro2Uel2sj5vk,"[{""title"":""All"",""image"":""https://lh3.googleusercontent.com/gps-cs-s/AHRPTWlEFQne7tV697qBPTBmNHtyX6eLgoVpFCPEAUVhnrB4cWwKNQwDl7GNp-iRnhS-TU2E8nlwNMk-qahWhTOfYURC-O5C5T9FFHU5tNjpLCyAmPiQ5uGxTB8hJDwNZi_gr5XVtZjROg=w224-h298-k-no""},{""title"":""Menu"",""image"":""https://lh3.googleusercontent.com/gps-cs-s/AHRPTWmGun0ntchE3-E3ha6A1uTdtvhsPPmmR5O19apIVaxfslCc0z-oxwiqeSpbxvhnvNJ1iVbLyoGW8dCyhQoA3cO7phW_b8jyanebEttfh0jokZxtBafSqi9OMbQsB2RmUwRRgjcHFkESZ28b=w397-h298-k-no""},{""title"":""Videos"",""image"":""https://lh3.googleusercontent.com/gps-cs-s/AHRPTWnr2xtsbSnyrPS-3Hzy3QUZGmLgFz3td9s0XJRl-SVVQpt7k468VT1tGrO8649JV_XQT5dXkTRExBy8Kh2iYdyezDN98gon117iZdRLChRVEpw0WZvXcErUO6D8x-CupvxUrsp6=w224-h398-k-no""},{""title"":""Food \u0026 drink"",""image"":""https://lh3.googleusercontent.com/gps-cs-s/AHRPTWnai46os0XqMzYSIZICr56Tn4LNUFvl4q7fJVv0NOZCg3rGNQIpYlORhuCTdmiYAD5w_nXkwi3ewyK7yR6suxyZm8G2DOQkjRLPNgH7sy47od2ERKNiQ0gWqZj_pE3mn2XxDXoC=w529-h298-k-no""},{""title"":""Vibe"",""image"":""https://lh3.googleusercontent.com/gps-cs-s/AHRPTWnmZBUg1i_A8d1C05c64Wpi9mjnV-hgK0JoatYyJ65U-LaOPN_ea1m1FQRjp4OXuEJY1WwBD5lwNmvhkjkqiN1P6OzPJic_hMr0AdvH7GXsE8aUIJqp1PNrSY-8LrXVc6p_hzFc1w=w224-h298-k-no""},{""title"":""Iced coffee"",""image"":""https://lh3.googleusercontent.com/gps-cs-s/AHRPTWnPO-yyGZg3ZZhh0HIGzvf4EknPURq22O9kr6OZYWYn3f4VPPaQJxdwCa9mEmCkozm60t6ySr4or8IEqXNd_Uh4kLHXn3pcUw8ZxM98fCpx8dD-_bq0jKji9Hu_QxvOqkO0Eszg=w224-h298-k-no""},{""title"":""Coffee"",""image"":""https://lh3.googleusercontent.com/gps-cs-s/AHRPTWly-BtmOaZ3zZ2WQ0CUAyx3J0OIBFsbTVnwVmFyogRS1YYIzEmq-whSnkmJaEhvW5tqMl2QtCEnANSPKOVuW09UPzYI_6vG8zuxichMaDm5PZjgGRxgHY9D5nnCKC9zUIyoERAK=w224-h298-k-no""},{""title"":""By owner"",""image"":""https://lh3.googleusercontent.com/gps-cs-s/AHRPTWkVyZJqskqk0H2EW52eEIYdoMwivgZi4-D32rOqd8aMptY11HSZ-BrP_W8owdmavgQNPzpynF_Tb6V5qHLwwxs81OUXv81Pwbtc7vSAzMQhxyvtGtSDSAjtGvMnQ-8S9PcSH1A=w298-h298-k-no""},{""title"":""Street View \u0026 360°"",""image"":""https://streetviewpixels-pa.googleapis.com/v1/thumbnail?panoid=aMX-L8zzQ-tVE3meSGwXhg\u0026cb_client=maps_sv.tactile.gps\u0026w=224\u0026h=298\u0026yaw=291.0957\u0026pitch=0\u0026thumbfov=100""}]","{""link"":"""",""source"":""""}"
1ebbd01f-3dbf-4632-9464-b274867c81c3,https://www.google.com/maps/place/La+Bandjar+Caf%C3%A9+%26+Resto/data=!4m7!3m6!1s0x2de4210008c80673:0xa55fc638c23f3d3c!8m2!3d-3.336674!4d114.6171457!16s%2Fg%2F11ywp18whb!19sChIJcwbICAAh5C0RPD0_wjjGX6U?authuser=0&hl=en&g_ep=EgoyMDI2MDkwMi4wIJJjKgBIAVAD&rclk=1,La Bandjar Café & Resto,Restaurant,"Jl. A.Yani KM 4.5 No.331, Kebun Bunga, Kec. Banjarmasin Tim., Kota Banjarmasin, Kalimantan Selatan 70238","{""Friday"":[""10.00 am–10.00 pm""],""Monday"":[""10.00 am–10.00 pm""],""Saturday"":[""10.00 am–10.00 pm""],""Sunday"":[""10.00 am–10.00 pm""],""Thursday"":[""10.00 am–10.00 pm""],""Tuesday"":[""10.00 am–10.00 pm""],""Wednesday"":[""10.00 am–10.00 pm""]}","{""Friday"":{""10"":28,""11"":33,""12"":47,""13"":54,""14"":64,""15"":56,""16"":52,""17"":50,""18"":60,""19"":67,""20"":69,""21"":60,""22"":0,""23"":0,""6"":0,""7"":0,""8"":0,""9"":0},""Monday"":{""10"":24,""11"":24,""12"":28,""13"":39,""14"":45,""15"":47,""16"":47,""17"":50,""18"":60,""19"":75,""20"":67,""21"":49,""22"":0,""23"":0,""6"":0,""7"":0,""8"":0,""9"":0},""Saturday"":{""10"":24,""11"":32,""12"":50,""13"":66,""14"":66,""15"":58,""16"":56,""17"":58,""18"":69,""19"":88,""20"":92,""21"":77,""22"":0,""23"":0,""6"":0,""7"":0,""8"":0,""9"":0},""Sunday"":{""10"":43,""11"":49,""12"":62,""13"":79,""14"":84,""15"":83,""16"":83,""17"":94,""18"":100,""19"":96,""20"":84,""21"":62,""22"":0,""23"":0,""6"":0,""7"":0,""8"":0,""9"":0},""Thursday"":{""10"":30,""11"":33,""12"":39,""13"":43,""14"":49,""15"":52,""16"":56,""17"":64,""18"":71,""19"":79,""20"":81,""21"":62,""22"":0,""23"":0,""6"":0,""7"":0,""8"":0,""9"":0},""Tuesday"":{""10"":37,""11"":41,""12"":47,""13"":50,""14"":52,""15"":49,""16"":50,""17"":49,""18"":60,""19"":66,""20"":64,""21"":49,""22"":0,""23"":0,""6"":0,""7"":0,""8"":0,""9"":0},""Wednesday"":{""10"":24,""11"":39,""12"":54,""13"":58,""14"":56,""15"":54,""16"":47,""17"":45,""18"":37,""19"":39,""20"":32,""21"":24,""22"":0,""23"":0,""6"":0,""7"":0,""8"":0,""9"":0}}",352,4.7,"{""1"":20,""2"":5,""3"":2,""4"":5,""5"":320}",-3.336674,114.617146,11916461086125014332,0x2de4210008c80673:0xa55fc638c23f3d3c,ChIJcwbICAAh5C0RPD0_wjjGX6U,"[{""title"":""All"",""image"":""https://lh3.googleusercontent.com/gps-cs-s/AHRPTWmlXTduKZ87s2U0xP8ZWFUcElISWK0A_Tw2vvcRYf3V-0vin_hsINShMPte1yMdmPVy4gGdkCNVSwNNvplsfPsN0wYh0_SqraM6SXBnd59LkUO6S0Xh0H9exiBSomdK4bgDX6bDOs0KyV2h=w224-h298-k-no""},{""title"":""Latest"",""image"":""https://lh3.googleusercontent.com/gps-cs-s/AHRPTWlSeLvACroFTCbo5e8dFsAagGqXJ4rxeB-t1Z0uSj4QpQ5pLYcDngE2X9yR1_6b1zj1INI_mzc7Aap9dGLVeG9hMSG1yEdkkjVcpBRVOxp2227-DQADMGyUsfEfNAO1j1_3V397M91IQKo=w224-h298-k-no""},{""title"":""Videos"",""image"":""https://lh3.googleusercontent.com/gps-cs-s/AHRPTWmZSMxSshOq1oznPyRP-qLboUW6AQHDX6dYRyf1lVZ1peD3lKMY_FXYKd8Rmy5Vquntb-3bQyisECHi9xsEiOOWqi9EGm5dHf1ofhXfbkWwKpA9bcrD3_rNElHhDqzKoWSCxJacH7RVNskC=w224-h398-k-no""},{""title"":""Menu"",""image"":""https://lh3.googleusercontent.com/gps-cs-s/AHRPTWlL19iU5dLuKMwNuGR2QHE8YCjFmUAwv04kzC2QNa1HPHp6IePTtDp8lfewpmJe7zLFKJZvwJZ552693nj4yLHUQJjAiut7YHX6fHO9x0V8LHL25CKu4It00UkYG0EUjA6R8SvzcmLs8np9=w272-h298-k-no""},{""title"":""Food \u0026 drink"",""image"":""https://lh3.googleusercontent.com/gps-cs-s/AHRPTWnGWKOOdh426ZUaqFnsk4ZxJCGZBhQyeSHwSEgGp2hoLaO227LZKUKGY73j8Azjzf8xBpOJcBmcAyDSj4uec_NWnfFGHrcxQgCHeRpoa6jenv2U5cYkhKLWYyWoENVuMlupwGpkulbj14w=w224-h298-k-no""},{""title"":""Vibe"",""image"":""https://lh3.googleusercontent.com/gps-cs-s/AHRPTWkSyEUM3tneGF5QvsZktftDvo7uDiaivPiSv8MtHUKk6FZQ0IFeis5985Ok9uxAjAhQQQy7VgK_CT0KDSCHki0SB_hb8C3Cq3KsA0xTs66axsCpTjFddjM3Tvxq5YfbNu6l-6QLzORHY8k=w224-h298-k-no""},{""title"":""Iced coffee"",""image"":""https://lh3.googleusercontent.com/gps-cs-s/AHRPTWktxu_T3PnaU6E1BDUqMQ0Y3JZSdfn-HSKMBRD8UQf0q-bNW6KmKfilPNzcYBYZGhUN1x9BTeVhHJHZhtOSnxVfPw1jBkA5A5pgrekfkIJB8yZGw4OW9kgcCa3KrbScdkqiUl3HegYmrlAb=w224-h298-k-no""},{""title"":""Street View \u0026 360°"",""image"":""https://streetviewpixels-pa.googleapis.com/v1/thumbnail?panoid=BqOBjVJHe5MGlqvuOW8nAQ\u0026cb_client=maps_sv.tactile.gps\u0026w=224\u0026h=298\u0026yaw=18.306438\u0026pitch=0\u0026thumbfov=100""}]","{""link"":"""",""source"":""""}"
1ebbd01f-3dbf-4632-9464-b274867c81c3,https://www.google.com/maps/place/Kala+Cafe+BDJ+-+02+%28Adhyaksa%29/data=!4m7!3m6!1s0x2de423804411ebdd:0x7ecfec62e0afbf5c!8m2!3d-3.2895153!4d114.596128!16s%2Fg%2F11mpcd6r0d!19sChIJ3esRRIAj5C0RXL-v4GLsz34?authuser=0&hl=en&g_ep=EgoyMDI2MDkwMi4wIJJjKgBIAVAD&rclk=1,Kala Cafe BDJ - 02 (Adhyaksa),Coffee shop,"Jl. Adhyaksa No.4, Sungai Miai, Banjarmasin Utara, Banjarmasin City, South Kalimantan 70123","{""Friday"":[""10.00 am–12.00 am""],""Monday"":[""10.00 am–11.00 pm""],""Saturday"":[""10.00 am–12.00 am""],""Sunday"":[""10.00 am–11.00 pm""],""Thursday"":[""10.00 am–11.00 pm""],""Tuesday"":[""10.00 am–11.00 pm""],""Wednesday"":[""10.00 am–11.00 pm""]}","{""Friday"":{""10"":14,""11"":21,""12"":24,""13"":28,""14"":32,""15"":36,""16"":43,""17"":50,""18"":64,""19"":83,""20"":99,""21"":100,""22"":80,""23"":51,""6"":0,""7"":0,""8"":0,""9"":0},""Monday"":{""10"":20,""11"":26,""12"":29,""13"":32,""14"":35,""15"":40,""16"":43,""17"":46,""18"":56,""19"":73,""20"":86,""21"":85,""22"":64,""23"":0,""6"":0,""7"":0,""8"":0,""9"":0},""Saturday"":{""10"":20,""11"":29,""12"":33,""13"":35,""14"":36,""15"":40,""16"":42,""17"":45,""18"":54,""19"":73,""20"":92,""21"":99,""22"":86,""23"":60,""6"":0,""7"":0,""8"":0,""9"":0},""Sunday"":{""10"":12,""11"":21,""12"":25,""13"":23,""14"":23,""15"":23,""16"":30,""17"":38,""18"":50,""19"":65,""20"":76,""21"":69,""22"":50,""23"":0,""6"":0,""7"":0,""8"":0,""9"":0},""Thursday"":{""10"":21,""11"":27,""12"":33,""13"":35,""14"":37,""15"":40,""16"":43,""17"":46,""18"":54,""19"":69,""20"":77,""21"":73,""22"":54,""23"":0,""6"":0,""7"":0,""8"":0,""9"":0},""Tuesday"":{""10"":18,""11"":27,""12"":34,""13"":40,""14"":39,""15"":38,""16"":40,""17"":51,""18"":65,""19"":78,""20"":87,""21"":84,""22"":63,""23"":0,""6"":0,""7"":0,""8"":0,""9"":0},""Wednesday"":{""10"":17,""11"":21,""12"":25,""13"":29,""14"":34,""15"":38,""16"":41,""17"":45,""18"":60,""19"":82,""20"":99,""21"":96,""22"":75,""23"":0,""6"":0,""7"":0,""8"":0,""9"":0}}",287,4.7,"{""1"":7,""2"":1,""3"":7,""4"":51,""5"":221}",-3.289515,114.596128,9137782078378590044,0x2de423804411ebdd:0x7ecfec62e0afbf5c,ChIJ3esRRIAj5C0RXL-v4GLsz34,"[{""title"":""All"",""image"":""https://lh3.googleusercontent.com/gps-cs-s/AHRPTWlCDn6-HvVQlQg1I-bz4bSVYKw5LxxnO_sy6tIGnGma95zaKjtv9kpDKOgm4IRwkgwJ1_BZVLZzGNWOkjA4b8S_e9oVo6gUCZnfLrLh_hLQFO_eJdy0fOp87uNGNh4Vzj6MFWy0=w224-h298-k-no""},{""title"":""Menu"",""image"":""https://lh3.googleusercontent.com/gps-cs-s/AHRPTWnOhKDGpn1yjFjdWWo8tQGqsSM-zaIaRyf8AiojVKsXhH5YsfCZnDA7Qa0r3HGmTPGpnrsvs4yPvkdJAydeCAII7Fsb-j8dPRv4JABqL1EYBKIwhHxINSf6MmjYaMeOUeDxS0HEWT8FVf-H=w224-h298-k-no""},{""title"":""Videos"",""image"":""https://lh3.googleusercontent.com/gps-cs-s/AHRPTWmy8bKpkKOKHyZwqMSzAmI1yzt9X5DYnXqvN_ihk9BwGTQdQ5moCB71e2MGvn-ccg2SmBD2GSrgxbjohVcW9osSvFedXEsyf_NEeQ2SMBSNnC9tDuZyIpLxkRVq-XyLP0B6IrRnNAVnJlM=w224-h298-k-no""},{""title"":""Food \u0026 drink"",""image"":""https://lh3.googleusercontent.com/gps-cs-s/AHRPTWmhjziEVyt3sFZUT4A1sowH9iijDzaRt_Ez2x_Jl6esdxNDImTuDGfpZJeASUxYe7USkE1WxNrwNfIlz-tF4zOpGFau8ZmN-DffnCJcSPusN5aKHO_k_XiTjwI6sKzPCHsiILO8sFwH-Is=w447-h298-k-no""},{""title"":""Vibe"",""image"":""https://lh3.googleusercontent.com/gps-cs-s/AHRPTWk_ueULR8eXRtgfU1a6lstMdYlxYRG6wJN7AdpdGp1aqupgpjW6Zay6FS4HOaIdFlJBqipsh_DD72L6sDxJT-wtsadhNo-xPbOksDwiTx-hGFxKZEE4z8Q_lRwOT0X2OFK9XdA9n9saHXFL=w224-h336-k-no""},{""title"":""Coffee"",""image"":""https://lh3.googleusercontent.com/gps-cs-s/AHRPTWnK9e_Yrua1C7svvZhl3fUPRTMT7FHo1yVuwnc-wug8I3CbcGkh0C-o40Gw2RYluC5QalQEfaAKMV1pn845SaqjVfx4TIN6gcA_tgTm2S_oLVz17HgBSF76yQEnbko_GGOfQJNr=w307-h298-k-no""},{""title"":""By owner"",""image"":""https://lh3.googleusercontent.com/gps-cs-s/AHRPTWmUpAF3tTwJeEKepxaH_VrbYOtw47612-_DPxE0ddTRqWJu_F9bG0mYyz-yKJO8eVCXE-eJqmv7LSbImKI3fejbdGs8ys2FKVGVyTzZKt61xbg3PTd-MWK6FISpJbT1XsvkZaXQ=w224-h298-k-no""},{""title"":""Street View \u0026 360°"",""image"":""https://streetviewpixels-pa.googleapis.com/v1/thumbnail?panoid=a2NzJcamgrk411nv9tBWUQ\u0026cb_client=maps_sv.tactile.gps\u0026w=224\u0026h=298\u0026yaw=66.60852\u0026pitch=0\u0026thumbfov=100""}]","{""link"":"""",""source"":""""}"
d548dfdb-0e4c-4979-84ca-e29627511098,https://www.google.com/maps/place/FOOTSTEP+COFFEE/data=!4m7!3m6!1s0x2de423a0f11d6e63:0x9d1663136d5b65c!8m2!3d-3.3231823!4d114.5847348!16s%2Fg%2F11w8trp3vg!19sChIJY24d8aAj5C0RXLbVNjFm0Qk?authuser=0&hl=en&g_ep=EgoyMDI2MDkwMi4wIJJjKgBIAVAD&rclk=1,FOOTSTEP COFFEE,Cafe,"Jl. Cemp. III No.3, Kertak Baru Ulu, Banjarmasin Tengah, Banjarmasin City, South Kalimantan 70111","{""Friday"":[""8.00 am–12.00 am""],""Monday"":[""8.00 am–11.00 pm""],""Saturday"":[""8.00 am–12.00 am""],""Sunday"":[""8.00 am–12.00 am""],""Thursday"":[""8.00 am–11.00 pm""],""Tuesday"":[""8.00 am–11.00 pm""],""Wednesday"":[""8.00 am–11.00 pm""]}","{""Friday"":{""10"":10,""11"":16,""12"":19,""13"":20,""14"":22,""15"":23,""16"":25,""17"":30,""18"":41,""19"":54,""20"":64,""21"":67,""22"":56,""23"":0,""6"":0,""7"":0,""8"":0,""9"":6},""Monday"":{""10"":13,""11"":17,""12"":23,""13"":24,""14"":24,""15"":24,""16"":26,""17"":30,""18"":37,""19"":44,""20"":53,""21"":53,""22"":47,""23"":0,""6"":0,""7"":0,""8"":0,""9"":8},""Saturday"":{""10"":7,""11"":14,""12"":18,""13"":22,""14"":24,""15"":27,""16"":29,""17"":36,""18"":48,""19"":68,""20"":87,""21"":100,""22"":90,""23"":65,""6"":0,""7"":0,""8"":0,""9"":4},""Sunday"":{""10"":6,""11"":9,""12"":13,""13"":15,""14"":19,""15"":24,""16"":30,""17"":37,""18"":45,""19"":56,""20"":63,""21"":64,""22"":51,""23"":0,""6"":0,""7"":0,""8"":0,""9"":6},""Thursday"":{""10"":9,""11"":15,""12"":20,""13"":24,""14"":26,""15"":27,""16"":28,""17"":31,""18"":36,""19"":42,""20"":51,""21"":51,""22"":46,""23"":0,""6"":0,""7"":0,""8"":0,""9"":5},""Tuesday"":{""10"":11,""11"":16,""12"":22,""13"":24,""14"":24,""15"":23,""16"":25,""17"":28,""18"":35,""19"":44,""20"":53,""21"":57,""22"":48,""23"":0,""6"":0,""7"":0,""8"":0,""9"":7},""Wednesday"":{""10"":11,""11"":16,""12"":23,""13"":25,""14"":28,""15"":31,""16"":33,""17"":37,""18"":44,""19"":53,""20"":62,""21"":64,""22"":55,""23"":0,""6"":0,""7"":0,""8"":0,""9"":6}}",102,4.5,"{""1"":4,""2"":4,""3"":3,""4"":16,""5"":75}",-3.323182,114.584735,707458978033284700,0x2de423a0f11d6e63:0x9d1663136d5b65c,ChIJY24d8aAj5C0RXLbVNjFm0Qk,"[{""title"":""All"",""image"":""https://lh3.googleusercontent.com/gps-cs-s/AHRPTWlBpMdJUP68c3UB2XhWHgbSr8EVNQvkgZwaYT4eranB0TZZzBWZMyfsTuOzCTYDY0-q6FGaT-hjd8bxecoQhLc0x57mb3s6-guzFidEHDB6KdpOvsS7ciBIWbTNnRQS32pr2Vy0EWV3T08=w529-h298-k-no""},{""title"":""Latest"",""image"":""https://lh3.googleusercontent.com/gps-cs-s/AHRPTWlCCbPLeodhT5DMfLRZ6dtL2OzRtWYJ4DCnZHcSxYl490Ja_3Jm8L4mXDpd90yXeppjDi_TubQuml1bu4EsFCOSMydyvMTBUJXcj6I0fBiej1V5g5TBBiIQGPCeixcEU5B3ACwc1qSer6Fy=w224-h298-k-no""},{""title"":""Videos"",""image"":""https://lh3.googleusercontent.com/gps-cs-s/AHRPTWkokYUjqL1XmJihtlpWlGzJH90_1R0G2f8zMilTUXbbz2FGSap0DKTGjMfrSUcttPpI72GiVuk2q4HNo19l4bZ0BbWs3vIwjkVrznxK43RodIV5pwHk83tj1SSdcIE0lD9BJJUvJO6gr3cm=w224-h398-k-no""},{""title"":""Menu"",""image"":""https://lh3.googleusercontent.com/gps-cs-s/AHRPTWmyzxMGSovwA0NZk9meuSlYsp9m6XPfAtjWZO6wigE8O2tLJWlNwkn85PpSCKjhVg5DoNzMu8iyvBcK9bxCn5AsCOsK2BUM7bBFN7tAU6eDU0SUzJGEs_64pM52upQS1TcITU_P6JRP48w5=w224-h317-k-no""},{""title"":""Food \u0026 drink"",""image"":""https://lh3.googleusercontent.com/gps-cs-s/AHRPTWmMdCUFyxoHjqoabf62Zrsg0ciJ-7K3f51kzZwb1Y-WUWFCDkCb-R19g0e0ZvXMnDAcEWo5ld8edNM1Q_SvwLQqeZ_0Qzmah1bSNN_FhN1ehk_GK_aighmC4Ihy7c6mab_QQwjzCn0OAmc=w224-h336-k-no""},{""title"":""Vibe"",""image"":""https://lh3.googleusercontent.com/gps-cs-s/AHRPTWnK1EKeycvbeVQRcpBYE2J76tc3HNIalbEyPbBwshLI89nmcBNtell8d91GL9xGL4SAEm8fL5uaFvJaw1nVbvPdh4ntrDL2v-RWZssbM3YB_vK5HaG-oDj7U64gsrl9vp58Pk7qD3KtKQLe=w447-h298-k-no""},{""title"":""Iced coffee"",""image"":""https://lh3.googleusercontent.com/gps-cs-s/AHRPTWlgQT3EvTB1cwnHVSEn7k0BXHI7qNo-ef4YhexNVmBax16vonSsXtRQRxEHpW2u_uv7w5iwIBL-l2UAmdm71dy9xaSIPqwUwNpCULFqxBXWdXylZ9IKenqFpxFE7bvXCynduTg=w224-h298-k-no""},{""title"":""Street View \u0026 360°"",""image"":""https://streetviewpixels-pa.googleapis.com/v1/thumbnail?panoid=3fyeFLuH3VBg1h9F4CD3Tw\u0026cb_client=maps_sv.tactile.gps\u0026w=224\u0026h=298\u0026yaw=228.41174\u0026pitch=0\u0026thumbfov=100""}]","{""link"":""/url?q=https://linktr.ee/footstepcoffee%3Futm_source%3Dlinktree_profile_share%26ltsid%3D83babc5a-c7c2-4b0f-acf4-14e5aebdcd0f\u0026opi=79508299\u0026sa=U\u0026ved=0ahUKEwiktKHPx9yWAxWOR2wGHZDLPKIQqRkIJCgT\u0026usg=AOvVaw1QhJZWPI_vsZs8mhJ0yh4w"",""source"":""linktr.ee""}"
d548dfdb-0e4c-4979-84ca-e29627511098,https://www.google.com/maps/place/Sixth+Sense+Coffee/data=!4m7!3m6!1s0x2de42356444d1e91:0x78f21866fa453c19!8m2!3d-3.3244154!4d114.5851336!16s%2Fg%2F11srzkn7vb!19sChIJkR5NRFYj5C0RGTxF-mYY8ng?authuser=0&hl=en&g_ep=EgoyMDI2MDkwMi4wIJJjKgBIAVAD&rclk=1,Sixth Sense Coffee,Coffee shop,"Jl. Mawar No.24, RT.02/RW.01, Kertak Baru Ilir, Banjarmasin Tengah, Banjarmasin City, South Kalimantan 70111","{""Friday"":[""7.00 am–11.00 pm""],""Monday"":[""7.00 am–11.00 pm""],""Saturday"":[""7.00 am–11.00 pm""],""Sunday"":[""7.00 am–11.00 pm""],""Thursday"":[""7.00 am–11.00 pm""],""Tuesday"":[""7.00 am–11.00 pm""],""Wednesday"":[""7.00 am–11.00 pm""]}","{""Friday"":{""10"":23,""11"":32,""12"":37,""13"":46,""14"":43,""15"":42,""16"":42,""17"":52,""18"":61,""19"":80,""20"":89,""21"":93,""22"":73,""23"":0,""6"":0,""7"":13,""8"":15,""9"":19},""Monday"":{""10"":33,""11"":37,""12"":41,""13"":39,""14"":37,""15"":36,""16"":44,""17"":56,""18"":67,""19"":73,""20"":73,""21"":66,""22"":48,""23"":0,""6"":0,""7"":16,""8"":26,""9"":31},""Saturday"":{""10"":27,""11"":25,""12"":24,""13"":23,""14"":26,""15"":33,""16"":40,""17"":47,""18"":62,""19"":78,""20"":92,""21"":86,""22"":72,""23"":0,""6"":0,""7"":12,""8"":20,""9"":25},""Sunday"":{""10"":18,""11"":22,""12"":31,""13"":38,""14"":43,""15"":46,""16"":48,""17"":59,""18"":78,""19"":92,""20"":100,""21"":84,""22"":63,""23"":0,""6"":0,""7"":6,""8"":10,""9"":12},""Thursday"":{""10"":16,""11"":21,""12"":29,""13"":34,""14"":34,""15"":34,""16"":37,""17"":43,""18"":54,""19"":57,""20"":60,""21"":54,""22"":44,""23"":0,""6"":0,""7"":11,""8"":16,""9"":16},""Tuesday"":{""10"":28,""11"":33,""12"":37,""13"":41,""14"":40,""15"":39,""16"":38,""17"":41,""18"":44,""19"":53,""20"":59,""21"":58,""22"":44,""23"":0,""6"":0,""7"":13,""8"":19,""9"":24},""Wednesday"":{""10"":29,""11"":37,""12"":47,""13"":48,""14"":44,""15"":43,""16"":40,""17"":45,""18"":50,""19"":57,""20"":64,""21"":63,""22"":55,""23"":0,""6"":0,""7"":14,""8"":21,""9"":24}}",345,4.8,"{""1"":5,""2"":1,""3"":5,""4"":36,""5"":298}",-3.324415,114.585134,8715055059479903257,0x2de42356444d1e91:0x78f21866fa453c19,ChIJkR5NRFYj5C0RGTxF-mYY8ng,"[{""title"":""All"",""image"":""https://lh3.googleusercontent.com/gps-cs-s/AHRPTWl-dB-ZzFU8CMMKd4jduXKU6uI2swHc2AoeDalUlvZFUydMXs7cF9d283WXgB1nR8mE62xcXq4U-1izOB5c449S8vCl5asD3xiW7AlbOpbKEU7aXWvdxWei5tSqEmlPjN-ZwY_s_lecGAY=w447-h298-k-no""},{""title"":""Menu"",""image"":""https://lh3.googleusercontent.com/gps-cs-s/AHRPTWnCkDAzHJvh8uIlAJyUrgCO3E3guNHXQlWhBYB3ZR6boeWXe4mQ99p-fkUgcLv-znkGDRlUaQiMRP72UetxJyvxvplIHVpfW3q18pjrJovZtDSQl6cpAKuxoxjmdaKZ95IYPqe4PX1dmKcM=w224-h324-k-no""},{""title"":""Videos"",""image"":""https://lh3.googleusercontent.com/gps-cs-s/AHRPTWkEqqLOHzHuiQhnK4DKp2aEl03dRRdRDLe-XsneeN7TLwXDlDI3NUUhwg5_FskkvqJfugtCv-zftkhTStZL3XTHJP3ClO0LvM2DzgqV028mDiUi54Igr1x_cqgy9Nd0t879lckyhbkDhu0=w224-h398-k-no""},{""title"":""Food \u0026 drink"",""image"":""https://lh3.googleusercontent.com/gps-cs-s/AHRPTWkkirPhbuKNY2MCeg0K15xpyoFpNKwsVnE-9o4suJkhUei3DVSgqS-XTBEncLRkIPLNMlbEDBYJ1KV00Z82RnDV5Tkmfv3pfBQcDlYWlHO_Rczk4fdGsimPPsqZF4uLYcaOKzSDlbpI4tk=w224-h298-k-no""},{""title"":""Vibe"",""image"":""https://lh3.googleusercontent.com/gps-cs-s/AHRPTWmP1fmo9rdd4g17eVTdV6hDdy3iO5kUj16589ZoLieh5UUjNH912d6TvSI4Fz8uMYY69GgfV1HgZ8m18zFeyVTdRJoFj-ICeGr4lPgHJZJJlj4RXCC5fOKun8tpkeR4xSDoy1iwheqtcuJW=w224-h398-k-no""},{""title"":""Iced coffee"",""image"":""https://lh3.googleusercontent.com/gps-cs-s/AHRPTWlnWE3hHsMybBU_gdSxPjz_BhA7snVtFMic_zKAoZy6lmdWtFY7a3cxHAGMc9nDfNFQWdXBBb-dOYIZbek7SBzffo5Ty2HeoYCmysr2DI1l2MczIk2TTzpmyo4x7mKZ1MGewBuzMz2JBn2l=w224-h298-k-no""},{""title"":""Cappuccino"",""image"":""https://lh3.googleusercontent.com/gps-cs-s/AHRPTWkRzxuHKTJJws0MWvdW-gzTa1IUWSPwgjB4HWtqNkZcc4GAOXXao-on7GQIs80B6zhO5gBJNa8MIrqoZXQXnyRUJXvjUTyoEGapwGEWYJ3pULO_kYEBVnofJsm8PEI-UzYnvGrF=w224-h398-k-no""},{""title"":""Affogato"",""image"":""https://lh3.googleusercontent.com/gps-cs-s/AHRPTWmX6rW2edG3au0zPpGoQw56NiM55VLkfn3McomQSD21NkpOa0aqUj4Pwz_ol23__USjt3HxfpXjOQ9o4qph12lFec8qSA4bL5a0PA7JxMbm4NXoTufRmVKmaK--cz7H1TGn0e8O8uPCE1E=w224-h398-k-no""},{""title"":""Panna cotta"",""image"":""https://lh3.googleusercontent.com/gps-cs-s/AHRPTWl8p5ZQc7B3oYaiFIO7RlAfAr9ThRBAJTpPJymURQcJHaguJ37helMGOo2Rlh7HudQ4eNmhndRAH8tTB0nVi8BWdjeoEx8N_yz_kDR0Kg1trf59X8nWuZL9oXUJebFVf7_8wwncZs5DnTe3=w224-h397-k-no""},{""title"":""Coffee"",""image"":""https://lh3.googleusercontent.com/gps-cs-s/AHRPTWkx1d_t4FLwyxoLHH_EfIP9GGaq6xx1Aj_U6SCwwd97SAp-N_mmIa6wkeAmlXUW2n1wDP0qcy9WpR6C9iwqGfslLMY_OyNPbDkj0ZBCyOqPJTvgWfBmaAASrEQcdmnJNHyz7_8jSGt3mfM=w224-h298-k-no""},{""title"":""Iced tea"",""image"":""https://lh3.googleusercontent.com/gps-cs-s/AHRPTWlM07KRobaCIp2KLQqI1aAOC3JbXReENjZBtLVp4jXChAdE1dRgA3W8q3cga-17is0r6l8IskR7U2i3bYI-oSDT5F0BgCDacbAlrv-ATifBrT_4RdEZQAkhtMpxVn8KZAS3W_0p=w224-h298-k-no""},{""title"":""By owner"",""image"":""https://lh3.googleusercontent.com/gps-cs-s/AHRPTWk--u5Rn72zGUqsJMn-Ej9qVdSruEmratNVOPdl1Q7i-trdtPdMKSi4t89dFQr_We0SLV9jIL6FeyoB-HcTHFkNDp4wPdotY6MQrlFM-D-x7KfJd34tNFsQxd5x2nYAIC0T3_GO-K270s1s=w447-h298-k-no""},{""title"":""Street View \u0026 360°"",""image"":""https://streetviewpixels-pa.googleapis.com/v1/thumbnail?panoid=9-cthGX2uXwWhbpB9C698w\u0026cb_client=maps_sv.tactile.gps\u0026w=224\u0026h=298\u0026yaw=41.594284\u0026pitch=0\u0026thumbfov=100""}]","{""link"":"""",""source"":""""}"
d548dfdb-0e4c-4979-84ca-e29627511098,https://www.google.com/maps/place/LaMajesty+Coffee/data=!4m7!3m6!1s0x2de423001294b683:0x3608926cd367dda4!8m2!3d-3.3122327!4d114.6177894!16s%2Fg%2F11mksq6vr8!19sChIJg7aUEgAj5C0RpN1n02ySCDY?authuser=0&hl=en&g_ep=EgoyMDI2MDkwMi4wIJJjKgBIAVAD&rclk=1,LaMajesty Coffee,Coffee shop,"MJQ9+443 LaMajesty Coffee, Jl. Pangeran Hidayatullah, Benua Anyar, Kec. Banjarmasin Tim., Kota Banjarmasin, Kalimantan Selatan 70121","{""Friday"":[""Open 24 hours""],""Monday"":[""Open 24 hours""],""Saturday"":[""Open 24 hours""],""Sunday"":[""Open 24 hours""],""Thursday"":[""Open 24 hours""],""Tuesday"":[""Open 24 hours""],""Wednesday"":[""Open 24 hours""]}","{""Friday"":{""0"":38,""1"":23,""10"":10,""11"":10,""12"":10,""13"":11,""14"":13,""15"":17,""16"":22,""17"":29,""18"":37,""19"":46,""2"":13,""20"":54,""21"":62,""22"":65,""23"":57,""3"":7,""4"":4,""5"":2,""6"":2,""7"":3,""8"":5,""9"":8},""Monday"":{""0"":33,""1"":20,""10"":8,""11"":10,""12"":12,""13"":13,""14"":13,""15"":14,""16"":16,""17"":22,""18"":30,""19"":40,""2"":11,""20"":48,""21"":55,""22"":56,""23"":49,""3"":7,""4"":4,""5"":3,""6"":2,""7"":3,""8"":4,""9"":6},""Saturday"":{""0"":63,""1"":39,""10"":14,""11"":15,""12"":16,""13"":17,""14"":18,""15"":19,""16"":22,""17"":28,""18"":38,""19"":52,""2"":21,""20"":69,""21"":89,""22"":100,""23"":93,""3"":12,""4"":7,""5"":4,""6"":2,""7"":4,""8"":7,""9"":11},""Sunday"":{""0"":33,""1"":19,""10"":11,""11"":15,""12"":17,""13"":19,""14"":20,""15"":21,""16"":24,""17"":31,""18"":40,""19"":48,""2"":10,""20"":54,""21"":59,""22"":60,""23"":52,""3"":7,""4"":6,""5"":5,""6"":6,""7"":7,""8"":8,""9"":9},""Thursday"":{""0"":33,""1"":21,""10"":8,""11"":10,""12"":12,""13"":13,""14"":15,""15"":17,""16"":19,""17"":23,""18"":28,""19"":32,""2"":12,""20"":40,""21"":51,""22"":56,""23"":50,""3"":8,""4"":5,""5"":4,""6"":3,""7"":3,""8"":5,""9"":7},""Tuesday"":{""0"":35,""1"":20,""10"":9,""11"":9,""12"":10,""13"":10,""14"":11,""15"":12,""16"":14,""17"":19,""18"":24,""19"":31,""2"":11,""20"":41,""21"":53,""22"":59,""23"":53,""3"":6,""4"":4,""5"":3,""6"":3,""7"":3,""8"":5,""9"":7},""Wednesday"":{""0"":39,""1"":24,""10"":9,""11"":11,""12"":13,""13"":13,""14"":14,""15"":15,""16"":18,""17"":21,""18"":27,""19"":35,""2"":14,""20"":48,""21"":60,""22"":65,""23"":58,""3"":9,""4"":6,""5"":3,""6"":2,""7"":3,""8"":4,""9"":6}}",247,4.2,"{""1"":35,""2"":7,""3"":11,""4"":11,""5"":183}",-3.312233,114.617789,3893522873962716580,0x2de423001294b683:0x3608926cd367dda4,ChIJg7aUEgAj5C0RpN1n02ySCDY,"[{""title"":""All"",""image"":""https://lh3.googleusercontent.com/gps-cs-s/AHRPTWlNHtwkfoKIonGCxbht8gmPqbHxUfqgt3X4blvZFT5oV3joakYt7KXlMYjv6lGx19NzxiW7MCV1wP1j57AOgmGNPQ7ITpMmUsWS_bWdjPb8R-2jdWwv5EFqDUkM_EO4CE9w7sZ-tpxO7yCz=w224-h298-k-no""},{""title"":""Latest"",""image"":""https://lh3.googleusercontent.com/gps-cs-s/AHRPTWm9Mjcs_19Xp-9jUkk5PtFslkn8mjoG6_TQ6YrUQyW6OPl0NHTT-A2ee6897IKOS1MYQ2fcnOlERDxBhgHBoB0uaMPzNdtvgJZOrmolHKCiFUdTrjkXwmaqp4aHgPTgK8PQEMuGL2clne5c=w224-h397-k-no""},{""title"":""Videos"",""image"":""https://lh3.googleusercontent.com/gps-cs-s/AHRPTWmIDlKp9R2gQQ80aN9dCtdicDxyPfe7T6FLwIqkwnQIgiCWEowjfhKg2XjJeB-2-yyzEEieAQSC1Y6WTIP8nROWoAAyDGWLPgv56prDZhV7z_2cIBYQZbBg1TdYjbi5eq3WSiiAkfKOW0MK=w224-h398-k-no""},{""title"":""Menu"",""image"":""https://lh3.googleusercontent.com/gps-cs-s/AHRPTWlmCJS0WCpCFYBOuMOsNo2K-Yjcd0CeUhfolLIdl-H6TLmy7XPFpwGnD0gQ3lQW4idRxLHWoPnqeEIVJryHfVugU06zGwBYQTIj-cRA3ugAOCoVtLrHOS2s_XrqTjv1p6BycLuL3rp6pSDG=w224-h398-k-no""},{""title"":""Food \u0026 drink"",""image"":""https://lh3.googleusercontent.com/gps-cs-s/AHRPTWmNU6bpvJTGD5Sp082KIEOVRkQqiWSpmAkWB8o2uQYl6TcFhcmaitXszobCb4Yfw1VY2ZVFVNsUxaSSUiaOw7UqPi_qIE7-GMI2_nwWyjgUNxXqms2Jv7KDuG6HAYHW7ULYr7W36Ir_jYV8=w447-h298-k-no""},{""title"":""Vibe"",""image"":""https://lh3.googleusercontent.com/gps-cs-s/AHRPTWn0asugCrT2QnPJiRz8YfpAv2tPQKYkAMm_2ChnNkKMkBN15tnRXyVnC86dBQrv4xHcVkgnwYclwdxCMSYtS-t0Wq0lasTlNoKki3Z2zfQZaZmzUBLbpjDrz4HDRRInT5A2Smw1uXYmjXi9=w447-h298-k-no""},{""title"":""Street View \u0026 360°"",""image"":""https://streetviewpixels-pa.googleapis.com/v1/thumbnail?panoid=qtiom5Of6DIOgkN00COVEg\u0026cb_client=maps_sv.tactile.gps\u0026w=224\u0026h=298\u0026yaw=47.04167\u0026pitch=0\u0026thumbfov=100""}]","{""link"":"""",""source"":""""}"
d548dfdb-0e4c-4979-84ca-e29627511098,https://www.google.com/maps/place/Sepuluh.11/data=!4m7!3m6!1s0x2de4218cd277f13f:0x88aa77b38c80a169!8m2!3d-3.3392311!4d114.614216!16s%2Fg%2F11qn4w78mh!19sChIJP_F30owh5C0RaaGAjLN3qog?authuser=0&hl=en&g_ep=EgoyMDI2MDkwMi4wIJJjKgBIAVAD&rclk=1,Sepuluh.11,Coffee shop,"Jl. Bumi Mas Raya No.01, Pemurus Baru, Banjarmasin Selatan, Banjarmasin City, South Kalimantan 70249","{""Friday"":[""9.00 am–11.00 pm""],""Monday"":[""9.00 am–11.00 pm""],""Saturday"":[""9.00 am–11.00 pm""],""Sunday"":[""9.00 am–11.00 pm""],""Thursday"":[""9.00 am–11.00 pm""],""Tuesday"":[""9.00 am–11.00 pm""],""Wednesday"":[""9.00 am–11.00 pm""]}","{""Friday"":{""10"":34,""11"":44,""12"":50,""13"":55,""14"":62,""15"":61,""16"":54,""17"":52,""18"":50,""19"":58,""20"":72,""21"":82,""22"":78,""23"":0,""6"":0,""7"":0,""8"":0,""9"":31},""Monday"":{""10"":20,""11"":26,""12"":32,""13"":34,""14"":37,""15"":38,""16"":43,""17"":50,""18"":56,""19"":62,""20"":72,""21"":72,""22"":65,""23"":0,""6"":0,""7"":0,""8"":0,""9"":13},""Saturday"":{""10"":30,""11"":27,""12"":24,""13"":27,""14"":31,""15"":44,""16"":51,""17"":65,""18"":74,""19"":90,""20"":100,""21"":97,""22"":79,""23"":0,""6"":0,""7"":0,""8"":0,""9"":24},""Sunday"":{""10"":31,""11"":35,""12"":33,""13"":33,""14"":36,""15"":30,""16"":26,""17"":29,""18"":40,""19"":59,""20"":63,""21"":62,""22"":51,""23"":0,""6"":0,""7"":0,""8"":0,""9"":24},""Thursday"":{""10"":20,""11"":19,""12"":27,""13"":38,""14"":46,""15"":54,""16"":52,""17"":53,""18"":50,""19"":59,""20"":65,""21"":69,""22"":58,""23"":0,""6"":0,""7"":0,""8"":0,""9"":20},""Tuesday"":{""10"":24,""11"":35,""12"":35,""13"":43,""14"":53,""15"":61,""16"":60,""17"":51,""18"":46,""19"":49,""20"":63,""21"":64,""22"":50,""23"":0,""6"":0,""7"":0,""8"":0,""9"":16},""Wednesday"":{""10"":37,""11"":41,""12"":35,""13"":30,""14"":27,""15"":32,""16"":43,""17"":52,""18"":58,""19"":63,""20"":76,""21"":67,""22"":52,""23"":0,""6"":0,""7"":0,""8"":0,""9"":31}}",224,4.7,"{""1"":5,""2"":1,""3"":8,""4"":32,""5"":178}",-3.339231,114.614216,9847815148239102313,0x2de4218cd277f13f:0x88aa77b38c80a169,ChIJP_F30owh5C0RaaGAjLN3qog,"[{""title"":""All"",""image"":""https://lh3.googleusercontent.com/gps-cs-s/AHRPTWnUm4k_gS1fnDLyt7KYbeWYaV9OVHdNlx8I2Rwdxcwz5qAOivsGxJ_W7Qmfj_UHRu7zaFPF-v6og99_Na6nSyeSBLX-ORIJyjMRidmNeg0i0qP14DMDaiLvdHGVgKbqkW4AR2GM4g=w529-h298-k-no""},{""title"":""Menu"",""image"":""https://lh3.googleusercontent.com/gps-cs-s/AHRPTWl6mxL9hNHo1K761dddYcqh94tXzEtatIWxu5bbS07BHeGwCpRRbMHvQvZlzBr5ptEz7GzJJ5Q8gKrUbg7DnlFADczhkWcFv5iWL7aOSnciXxHDPWKiadxF7QINAbbEgPyw4bh8=w238-h298-k-no""},{""title"":""Videos"",""image"":""https://lh3.googleusercontent.com/gps-cs-s/AHRPTWnF4O6wyiS8eUtO_34cJA-OBdl6vJ1fg3V4TMrPgrhu2J7yj3cc7VrxXklqmsjd0SQ2Bf6gf0qJuT5PbDwrgl1G7-GCvlZwqiPiLlcOOcATm9g7rF5dKMVsE6ccojpTXhiOrplngG6k7GRI=w224-h398-k-no""},{""title"":""Food \u0026 drink"",""image"":""https://lh3.googleusercontent.com/gps-cs-s/AHRPTWnI6BnQz3-AKsfbY1mC-zQg8zef63xQW4e4UuSUpuh8dG1CbtCY8oa5YTIC_-6T6ECqIOTWJ9bL8g5VyAOEajhyKLzAQCb6Lj4KAkVz1C8AbMVf7digrOmtbRCYFOUV7bjg4n94ah--Hxfd=w298-h298-k-no""},{""title"":""Vibe"",""image"":""https://lh3.googleusercontent.com/gps-cs-s/AHRPTWlUjUQwBCvKLHWX354pYtweQH2ufRG8XDjTLRNkWujCIPkknmOAp3ENDg1PfqP00aQCUN6ojKdk05H0RyRLWkKAT5eoACCZUvZQqUht6pOiJSuf-aLH8q6U5VrdpOmoYmuPdxzTqXXAUjOr=w529-h298-k-no""},{""title"":""Iced coffee"",""image"":""https://lh3.googleusercontent.com/gps-cs-s/AHRPTWmh_HVaGOTH862K7UgQTPpUBdyTsSRd6N3OvzTYCZ0so4mfDY_w18tmy0DEtCllf_AUl9pRmk7boxTnMWRCewRnSD6BLwc1vC86D9qDe8BaEjsX6qxTGZZEl1N1jQCBpkavu62sNw=w529-h298-k-no""},{""title"":""Coffee"",""image"":""https://lh3.googleusercontent.com/gps-cs-s/AHRPTWleST5mq6DjO5kjTJKvb8fgVaK_MNSE0DORClTkv3no7-S2XrO-hAZsWnk30pqIZa2QsRMkYL1X5VYr2oItMLhsPe7PG-SCx35UXSD3_aN9FAMzyw3q_Syy52pbS3B_xk0sENrE5A=w224-h298-k-no""},{""title"":""By owner"",""image"":""https://lh3.googleusercontent.com/gps-cs-s/AHRPTWlPp6TCa2B1ATEnDgnk8lg5TuX2fsUOtrxbedZzndxNtX5AJXFP2icRoRmVLk8xeh94c9bW0jo7May1CuGn6NxlHtzSTcW28VFGIhccv568jbITukwsE9j4HZXFNqKorwnbtpeh=w224-h395-k-no""},{""title"":""Street View \u0026 360°"",""image"":""https://streetviewpixels-pa.googleapis.com/v1/thumbnail?panoid=x6S8hAlrdjt5Oz-BWBHWTw\u0026cb_client=maps_sv.tactile.gps\u0026w=224\u0026h=298\u0026yaw=141.54678\u0026pitch=0\u0026thumbfov=100""}]","{""link"":""/url?q=https://gofood.co.id/\u0026opi=79508299\u0026sa=U\u0026ved=0ahUKEwjLpKTRx9yWAxWVRWwGHRCJD5kQqRkIJSgU\u0026usg=AOvVaw1fnDOHePa7-4DkZaJdNQFU"",""source"":""gofood.co.id""}"
d548dfdb-0e4c-4979-84ca-e29627511098,https://www.google.com/maps/place/Effronte/data=!4m7!3m6!1s0x2de42152043a7449:0xc48f89b87443ca10!8m2!3d-3.3392988!4d114.6135576!16s%2Fg%2F11cmt303by!19sChIJSXQ6BFIh5C0REMpDdLiJj8Q?authuser=0&hl=en&g_ep=EgoyMDI2MDkwMi4wIJJjKgBIAVAD&rclk=1,Effronte,Restaurant,"Jl. Bumi Mas Raya No.3, Pemurus Baru, Banjarmasin Selatan, Banjarmasin City, South Kalimantan 70249","{""Friday"":[""11.00 am–11.00 pm""],""Monday"":[""11.00 am–11.00 pm""],""Saturday"":[""11.00 am–12.00 am""],""Sunday"":[""11.00 am–12.00 am""],""Thursday"":[""11.00 am–11.00 pm""],""Tuesday"":[""11.00 am–11.00 pm""],""Wednesday"":[""11.00 am–11.00 pm""]}","{""Friday"":{""10"":0,""11"":33,""12"":37,""13"":42,""14"":49,""15"":54,""16"":62,""17"":73,""18"":81,""19"":87,""20"":86,""21"":70,""22"":47,""23"":0,""6"":0,""7"":0,""8"":0,""9"":0},""Monday"":{""10"":0,""11"":28,""12"":32,""13"":35,""14"":38,""15"":44,""16"":52,""17"":62,""18"":71,""19"":77,""20"":74,""21"":61,""22"":37,""23"":0,""6"":0,""7"":0,""8"":0,""9"":0},""Saturday"":{""10"":0,""11"":44,""12"":50,""13"":52,""14"":53,""15"":54,""16"":58,""17"":68,""18"":81,""19"":96,""20"":100,""21"":90,""22"":62,""23"":40,""6"":0,""7"":0,""8"":0,""9"":0},""Sunday"":{""10"":0,""11"":40,""12"":47,""13"":53,""14"":57,""15"":60,""16"":64,""17"":74,""18"":83,""19"":91,""20"":87,""21"":70,""22"":43,""23"":24,""6"":0,""7"":0,""8"":0,""9"":0},""Thursday"":{""10"":0,""11"":38,""12"":46,""13"":48,""14"":49,""15"":50,""16"":58,""17"":63,""18"":69,""19"":72,""20"":73,""21"":62,""22"":42,""23"":0,""6"":0,""7"":0,""8"":0,""9"":0},""Tuesday"":{""10"":0,""11"":36,""12"":42,""13"":45,""14"":47,""15"":49,""16"":55,""17"":63,""18"":74,""19"":78,""20"":77,""21"":61,""22"":38,""23"":0,""6"":0,""7"":0,""8"":0,""9"":0},""Wednesday"":{""10"":0,""11"":30,""12"":35,""13"":39,""14"":42,""15"":47,""16"":55,""17"":67,""18"":76,""19"":82,""20"":78,""21"":65,""22"":39,""23"":0,""6"":0,""7"":0,""8"":0,""9"":0}}",2193,4.6,"{""1"":51,""2"":29,""3"":109,""4"":401,""5"":1603}",-3.339299,114.613558,14163690778421086736,0x2de42152043a7449:0xc48f89b87443ca10,ChIJSXQ6BFIh5C0REMpDdLiJj8Q,"[{""title"":""All"",""image"":""https://lh3.googleusercontent.com/gps-cs-s/AHRPTWlkEqyHD298B1RjahaXGxPBEr3-8RbOPOa_xQVsf0hCpm7Qb1kpmRr6BVJ-VCz6ThOYANQDGQ4pFBSNjO8H-gdVxbUfmeh59JBNwaQAVCvsykPI0k7P5NYavi6SQNtU1SNTV9q_KA=w298-h298-k-no""},{""title"":""Latest"",""image"":""https://lh3.googleusercontent.com/gps-cs-s/AHRPTWkJiQKqgXtrA_4Wn-V8k4ENyLu5oOarQ8SbDpIXSuUaNO9O7XD71ZA0ThpLAJJqowWl0cYZi7_Z-gfXp9vBWNsZhv_g17FbA0eUL5LfN2JOaHcfZXOYKVavTx1zAwK9EgyGmmjNzpw05oL2=w281-h298-k-no""},{""title"":""Videos"",""image"":""https://lh3.googleusercontent.com/gps-cs-s/AHRPTWkL2a_TxEKlgJxNnMKuJWn2R4v36lEdGWIXI8PSBO1Q7mLUnRDU7nYkL-qMOO6mo-YDv04hFNluGv-VAP2Mn4kXKH9Phf_l2ZYWXLz3MOQRsTQ28_l28kzjbSJIfl17stlVL-Uf=w224-h398-k-no""},{""title"":""Menu"",""image"":""https://lh3.googleusercontent.com/gps-cs-s/AHRPTWkvkkQhjwCygIkvTH_H0GGNyc7PVIRLUX4JJYMHb1uKKhtLeOkOFKd1beulqVqkN5Rk3Ml3NsrOcXphlYIK_HcC3mtAR-Cz4yoDdemo2vZi9NItLGUEgGuf_Szvh8l7xVYjPlx3=w224-h298-k-no""},{""title"":""Food \u0026 drink"",""image"":""https://lh3.googleusercontent.com/gps-cs-s/AHRPTWlPo0EcK2kDhGyMXl7qFJVoFaXNcevT6PUiTvfVgVU91n3VKdbFHBJkbm_Tzb4Kpf2auZDGoRcNNCh0eMV0lX4i5WlPCs4uQyfepKfZY0TkpSiCDoZbELf29A5d3g9BRd0R_Rk=w397-h298-k-no""},{""title"":""Vibe"",""image"":""https://lh3.googleusercontent.com/gps-cs-s/AHRPTWlTkrIirykFusiIgvV9OQmywjEW1TzfVpFMv2uvtEN7l_9SkkNtLzeMguUt_L1TlLJ_zEKliIKkK2z9ZGUOvdht7NvZ_jdvfJFvOIe-WiynW_d7W8IbSw5Xz_BQYGrxvn02bWuC=w224-h398-k-no""},{""title"":""Cappuccino"",""image"":""https://lh3.googleusercontent.com/gps-cs-s/AHRPTWloqBRCuKNp-wEzvC7fpwQDXmr2xJx-g_ZHFH-bwMb8cvqCfgUgE8Ko6kax_upVmkgS5eDgfasaIy57qCEuab8qzcJBmNeyfiYSiJtGBKPIG2Kk4xe6tQobpKol5zOf-I_p1Ftwv3na7S-q=w224-h298-k-no""},{""title"":""Nasi goreng"",""image"":""https://lh3.googleusercontent.com/gps-cs-s/AHRPTWn9-XiyOneX3ayLqJUt4RkkrTc_mgG2cAb9uOawDHZqvnfqpY-kuF8PrG0uX1qYqC2t5ELco7O2f0NZPnWjuL12GNngozKWEHsDrU4A7KvhXG9Z_ZFy7WQL-qPwLR1bXLmbuXI5KA=w224-h298-k-no""},{""title"":""Juice"",""image"":""https://lh3.googleusercontent.com/gps-cs-s/AHRPTWlGuLhDR7HnAayzezuWXluFhx92OIhXqls7ZdS9Nle7Iqu0AB1bxEwrWe9SpFYHdn_X0KgdpO_5G55pkEflF78N7a0tZqoMWRPox0wPM3i3jpEgYkqA2hNB_F1vghA_j-j01m-I=w224-h298-k-no""},{""title"":""Gelato"",""image"":""https://lh3.googleusercontent.com/gps-cs-s/AHRPTWn7e04LdqAxaaiu2_B3IWRx2kBULDqB0d7cdI3rKIjH7rSYeCz_8clFg-sF30QW28bR8HmHwN5feMZHo7VxcbcBDwQFAam461F-BSJHZar7Arqesm3LcJH_Txhp07DD_sNMK7Bh_EjHN41i=w224-h298-k-no""},{""title"":""Fish and chips"",""image"":""https://lh3.googleusercontent.com/gps-cs-s/AHRPTWkd5NOQP5iSfy8ETnsFA-885A3HcN1YoaZLrxR5s__Efo3djEToqqUANSyPDuytMuMrS7P1NMz5xNXC4qJuGrwPXjyxneeaM5SNv6DG8urnVCiGsXBIfVO1sWRJpuCL2NYrfLZZlw=w224-h298-k-no""},{""title"":""Fried shrimp"",""image"":""https://lh3.googleusercontent.com/gps-cs-s/AHRPTWkOzZDas03oTd5t9rnNuJjdx6AOiZevJEbNSmLGjgDZgNcCJ7wakcJFVOvzNIGq5z8mgyUGfFvNLaDjanui7X7a2nBX3wyX6tQOslX2UP7mIn9MxfocKMTz8wLdBZJm_FAp8j_cDDvrrCaB=w397-h298-k-no""},{""title"":""Sirloin steak"",""image"":""https://lh3.googleusercontent.com/gps-cs-s/AHRPTWnMPAOhc5QgLW5YGUeJkPvhy9Stha5eTsmHhZicRPKMHfyBMAdYOZBCjpIA9-ArOIRhyAOQ3CRkLqMZlbJWSq6LZsFUSmYeeWLemmf6tN0o4kNKTQtJ7MvwjD3jwsjSALEFWkmxPzzeumNp=w224-h398-k-no""},{""title"":""By owner"",""image"":""https://lh3.googleusercontent.com/gps-cs-s/AHRPTWlkEqyHD298B1RjahaXGxPBEr3-8RbOPOa_xQVsf0hCpm7Qb1kpmRr6BVJ-VCz6ThOYANQDGQ4pFBSNjO8H-gdVxbUfmeh59JBNwaQAVCvsykPI0k7P5NYavi6SQNtU1SNTV9q_KA=w298-h298-k-no""}]","{""link"":"""",""source"":""""}"
d548dfdb-0e4c-4979-84ca-e29627511098,https://www.google.com/maps/place/miracle.coffeee/data=!4m7!3m6!1s0x2de427b62082d7af:0xea486068e3c1e008!8m2!3d-3.342768!4d114.6332611!16s%2Fg%2F11rwwg_mjh!19sChIJr9eCILYn5C0RCODB42hgSOo?authuser=0&hl=en&g_ep=EgoyMDI2MDkwMi4wIJJjKgBIAVAD&rclk=1,miracle.coffeee,Coffee shop,"Jl. Melati Indah No.78, Pemurus Luar, Kec. Banjarmasin Tim., Kota Banjarmasin, Kalimantan Selatan 70654","{""Friday"":[""2.00 pm–12.00 am""],""Monday"":[""9.00 am–12.00 am""],""Saturday"":[""9.00 am–12.00 am""],""Sunday"":[""9.00 am–12.00 am""],""Thursday"":[""9.00 am–12.00 am""],""Tuesday"":[""9.00 am–12.00 am""],""Wednesday"":[""9.00 am–12.00 am""]}","{""Friday"":{""10"":0,""11"":0,""12"":0,""13"":0,""14"":16,""15"":20,""16"":26,""17"":33,""18"":44,""19"":58,""20"":73,""21"":87,""22"":88,""23"":73,""6"":0,""7"":0,""8"":0,""9"":0},""Monday"":{""10"":7,""11"":7,""12"":8,""13"":10,""14"":12,""15"":13,""16"":20,""17"":32,""18"":53,""19"":65,""20"":75,""21"":75,""22"":72,""23"":59,""6"":0,""7"":0,""8"":0,""9"":6},""Saturday"":{""10"":15,""11"":16,""12"":19,""13"":21,""14"":19,""15"":21,""16"":23,""17"":33,""18"":46,""19"":65,""20"":82,""21"":97,""22"":100,""23"":82,""6"":0,""7"":0,""8"":0,""9"":12},""Sunday"":{""10"":9,""11"":11,""12"":12,""13"":15,""14"":18,""15"":24,""16"":28,""17"":40,""18"":49,""19"":57,""20"":59,""21"":66,""22"":68,""23"":57,""6"":0,""7"":0,""8"":0,""9"":7},""Thursday"":{""10"":13,""11"":13,""12"":14,""13"":14,""14"":16,""15"":19,""16"":24,""17"":30,""18"":38,""19"":50,""20"":62,""21"":69,""22"":66,""23"":50,""6"":0,""7"":0,""8"":0,""9"":11},""Tuesday"":{""10"":7,""11"":8,""12"":10,""13"":15,""14"":18,""15"":20,""16"":24,""17"":39,""18"":53,""19"":68,""20"":80,""21"":90,""22"":85,""23"":67,""6"":0,""7"":0,""8"":0,""9"":7},""Wednesday"":{""10"":11,""11"":13,""12"":13,""13"":14,""14"":17,""15"":18,""16"":21,""17"":25,""18"":38,""19"":53,""20"":71,""21"":85,""22"":85,""23"":66,""6"":0,""7"":0,""8"":0,""9"":11}}",287,4.6,"{""1"":8,""2"":5,""3"":10,""4"":52,""5"":212}",-3.342768,114.633261,16881849206812303368,0x2de427b62082d7af:0xea486068e3c1e008,ChIJr9eCILYn5C0RCODB42hgSOo,"[{""title"":""All"",""image"":""https://lh3.googleusercontent.com/gps-cs-s/AHRPTWlYg90-Y4EFf_A4yme5Js-86TAPCUFMDnt1RX__JklcP1Vmme_F8j3LLQLV8eu1xjOBrmcpIUTuuESPNzxsubt-qyxupfNS8K3Ua3SIA4uhZC3RH8ptrW3Gl5HE97yYc7MDZfxA=w397-h298-k-no""},{""title"":""Latest"",""image"":""https://lh3.googleusercontent.com/gps-cs-s/AHRPTWnvPkHhmCEBL8XfNgfDC1KVLelNOwIjWjy5VvCbQBGq5znUalCc-QzpykkFZ1s9TE4j_Hd7X193d0v7KIn9Qr6Tx5pk04AUl_lfo0ByUghTk108gZsTQs_YmRYj0KVdGDRJoENXMnlPHz0-=w224-h398-k-no""},{""title"":""Videos"",""image"":""https://lh3.googleusercontent.com/gps-cs-s/AHRPTWmfyzdA6kriplD7ikr36wTjIbB8CFHMLcWeq2lSjAPGkFwXyL5Y9bLbXFY-HCibeE4B0Wv6IMMQW0QLK1B7lduFlQa-nVe14xovKpYWOObNlfdbM_JMdgrJlIcvoDPwBr8_2l1a3Q=w224-h398-k-no""},{""title"":""Menu"",""image"":""https://lh3.googleusercontent.com/gps-cs-s/AHRPTWmuA8ayjpvkrfjyaUREn7mzaokLyVlDJseNTdKjq_rOE363YlQdzIoU50_6MyWHLYt0PvSQ3BrhwQITfxNMONt7OLcNCRi95VJzlFpt3Ps0rjfBeoMLxGgTprAbOmB2cv--aHl2tdNAD9c=w224-h298-k-no""},{""title"":""Food \u0026 drink"",""image"":""https://lh3.googleusercontent.com/gps-cs-s/AHRPTWnlh7zy3yGy9waYrYqiEoWb5scWqCcL6wmEWA95VPopTFgDnyRp_g9PSvPLuMwAIe-aId8ydgDomnpx_KrZyWTwPj8yMt2TW9I86MGA2RYPsFJrVAM0_icrwYImTsrh4RwUul2Nu1jFjxHC=w224-h298-k-no""},{""title"":""Vibe"",""image"":""https://lh3.googleusercontent.com/gps-cs-s/AHRPTWlWm6i9vOfqhfRs7hVuyJTzeM0LHSdru9GySP_iVF5vQPA7iL4Xa3gtHlqCJdxvOzAM6KAdRs3eZS1AiC2_Qspgr0WA_PRlPtHoCUU9x3LG-F_85JCfP7eXKfcox6QJD2ksU3S-mQ=w224-h298-k-no""},{""title"":""Milk tea"",""image"":""https://lh3.googleusercontent.com/gps-cs-s/AHRPTWnYRPoHObYviQ2MGVGjGBe1yzHSYbs2t51lxVsT1tDGE5zefjghcPXGzvS689bZSyt-kSob9kHFk7v7ixBkNVo90hLTyHHxPpSnRL3LNYUsg-vophunW8Txnzay3jpo71uRXEYBLw=w224-h299-k-no""},{""title"":""By owner"",""image"":""https://lh3.googleusercontent.com/gps-cs-s/AHRPTWk1LJF0wXkPUNCDXhmOLut_TSCU_cWBO_q1eAi0Gtt33DSlVYUEK4-loaKVQ5Uu4vJk0JOcXy5qdEh0aJug-r9pvvsMqBAB6HlB0S5qNTLjuWUKzLLsdaHdI0_AFA4ej8Apy6P7=w529-h298-k-no""},{""title"":""Street View \u0026 360°"",""image"":""https://streetviewpixels-pa.googleapis.com/v1/thumbnail?panoid=A2XnAyYajAQgrVN7JdJCDw\u0026cb_client=maps_sv.tactile.gps\u0026w=224\u0026h=298\u0026yaw=106.75878\u0026pitch=0\u0026thumbfov=100""}]","{""link"":"""",""source"":""""}"
d548dfdb-0e4c-4979-84ca-e29627511098,https://www.google.com/maps/place/Koelacino/data=!4m7!3m6!1s0x2de423b24c425e7b:0xed7ab79c0271e9b9!8m2!3d-3.3093575!4d114.575959!16s%2Fg%2F11qq31s_tn!19sChIJe15CTLIj5C0RuelxApy3eu0?authuser=0&hl=en&g_ep=EgoyMDI2MDkwMi4wIJJjKgBIAVAD&rclk=1,Koelacino,Coffee shop,"Komp. Wartawan Jl. Zafri Zam Zam No.11, RW.03, Belitung Selatan, Banjarmasin Barat, Banjarmasin City, South Kalimantan 70119","{""Friday"":[""8.00 am–12.00 am""],""Monday"":[""8.00 am–12.00 am""],""Saturday"":[""8.00 am–12.00 am""],""Sunday"":[""8.00 am–12.00 am""],""Thursday"":[""8.00 am–12.00 am""],""Tuesday"":[""8.00 am–12.00 am""],""Wednesday"":[""8.00 am–12.00 am""]}","{""Friday"":{""10"":28,""11"":33,""12"":35,""13"":38,""14"":41,""15"":47,""16"":54,""17"":61,""18"":67,""19"":75,""20"":82,""21"":86,""22"":80,""23"":64,""6"":0,""7"":0,""8"":14,""9"":21},""Monday"":{""10"":27,""11"":33,""12"":38,""13"":39,""14"":40,""15"":41,""16"":42,""17"":46,""18"":51,""19"":59,""20"":68,""21"":71,""22"":67,""23"":52,""6"":0,""7"":0,""8"":15,""9"":21},""Saturday"":{""10"":29,""11"":34,""12"":38,""13"":37,""14"":37,""15"":37,""16"":40,""17"":47,""18"":60,""19"":75,""20"":90,""21"":100,""22"":96,""23"":79,""6"":0,""7"":0,""8"":13,""9"":21},""Sunday"":{""10"":22,""11"":30,""12"":35,""13"":37,""14"":38,""15"":39,""16"":41,""17"":46,""18"":55,""19"":65,""20"":74,""21"":76,""22"":71,""23"":57,""6"":0,""7"":0,""8"":9,""9"":15},""Thursday"":{""10"":26,""11"":30,""12"":34,""13"":37,""14"":38,""15"":39,""16"":43,""17"":48,""18"":56,""19"":63,""20"":71,""21"":74,""22"":67,""23"":50,""6"":0,""7"":0,""8"":14,""9"":21},""Tuesday"":{""10"":30,""11"":37,""12"":43,""13"":46,""14"":47,""15"":46,""16"":45,""17"":51,""18"":61,""19"":71,""20"":82,""21"":85,""22"":76,""23"":56,""6"":0,""7"":0,""8"":16,""9"":23},""Wednesday"":{""10"":27,""11"":34,""12"":41,""13"":42,""14"":43,""15"":45,""16"":50,""17"":54,""18"":58,""19"":63,""20"":72,""21"":81,""22"":78,""23"":61,""6"":0,""7"":0,""8"":14,""9"":20}}",598,4.7,"{""1"":16,""2"":6,""3"":21,""4"":60,""5"":495}",-3.309357,114.575959,17112191614831421881,0x2de423b24c425e7b:0xed7ab79c0271e9b9,ChIJe15CTLIj5C0RuelxApy3eu0,"[{""title"":""All"",""image"":""https://lh3.googleusercontent.com/gps-cs-s/AHRPTWnASDXwGGVXsWVMQCH4VCXuyUVI6GBbgVgENnFMAwQ8pHq8qtENwSpxm0QbSuUSniyZzLmmvogv4W-iEgNU5ieF2TsORM7SfJZ_P4o1RNb2S7b3x-GxPt4Ypqp7AesAtzPeuN7b3dTSnqnY=w224-h298-k-no""},{""title"":""Latest"",""image"":""https://lh3.googleusercontent.com/gps-cs-s/AHRPTWksuwa-SEq5YNAFl4B103HAYhQsY5_rO-6SGc_ode27706Nxbx8h3U50SN6JdtuQ9DOar65or4P74IapVH17U4TJ1K9bCOOqFclPy1ZhQv-jSfCH9eJtEz-KgAcZxZSQYGMtYS27huD5kSe=w224-h398-k-no""},{""title"":""Videos"",""image"":""https://lh3.googleusercontent.com/gps-cs-s/AHRPTWmo5q0PNIgJ_7WNX79k76aED_4U8lopa98CeyghVRN0MrWLDtqMEsZ1vvI0YdlcRuklRrtCHXxKI7I64yAvvYhUiVhaYsTCrq7HcJYmGCg3QM0Ai9T2ho7K7941ceq7tEfQ7AscRAlSdxkK=w529-h298-k-no""},{""title"":""Menu"",""image"":""https://lh3.googleusercontent.com/gps-cs-s/AHRPTWntppc4VPTILqbHSX6f-sVXskiXWXAf0HC__4rY8MqmxIhwHClxRrEc3kyJXeELV3R1-clSnYlkXEytIYgOPTlDV8RG8fEoD1H1ouScyy9GSoSOqAKXJhn-leOPNGbIr3X-ilRiYRjBdPQ=w224-h298-k-no""},{""title"":""Food \u0026 drink"",""image"":""https://lh3.googleusercontent.com/gps-cs-s/AHRPTWmx73N3qP0mXSZu-ZIOQhFZ_o4vZjxHOlCkphy7lsNQg-jDSMQLUnf5BH1uthqRJPeHVwt52vX-zkN3j-ZBfgyVyb4_j6tPGJpywNymqTaLurBpRtXvtQuFZebqcM_RZPRX2Mp__EYkPp8a=w224-h298-k-no""},{""title"":""Vibe"",""image"":""https://lh3.googleusercontent.com/gps-cs-s/AHRPTWk9mErSafG8l_9H0_6gW0E8_XMLs7MHG8OstczLORg3qPFznNXEcsr8NARWV6A1234RfnhQ7U-HUYJtNZQ9zfdQRvrsIJU2PLKS_PZQlXwAazid-X22AU7DXrkgDs9-ZK7xPVsZ=w397-h298-k-no""},{""title"":""Milk tea"",""image"":""https://lh3.googleusercontent.com/gps-cs-s/AHRPTWmh4X3ndx4TR7K8-0RrD0KJ9s-Dlj0xHi7pCh3jjViLRLZpjI32NkdgzjLP6fvDI3_Lz7ywEW_SZR54BTC4s_pzgmXYVhIGuh9RVqhkvZDfaJtwCfUkDttLbcq0Qm10aR4MPo3MDESFKLMT=w224-h398-k-no""},{""title"":""Coffee"",""image"":""https://lh3.googleusercontent.com/gps-cs-s/AHRPTWlos5f16OFKVEv3eYIZjhl2Akx3NsuAcbzBQle_1aaDNECiUbDvOymoKA6FRSLOpljiFmQSM_J14qZbLkETTsh62x1HsZMwusMIw-rjXkjVs0RMZpDdkWRaJbvrQBWvn4a8bIk3NhwHxEvn=w224-h398-k-no""},{""title"":""By owner"",""image"":""https://lh3.googleusercontent.com/gps-cs-s/AHRPTWly1QT9ZGoMSSBHOm_Kkt6d6LZdpEUN7TGQdSbCq2F-vIQDcXyPAH7xBFAjVTJgLXTp4UrMrAhzemO5Yjo5Y2SLR8d0VDw9A1m-m-rBAR_0lU4Scw4WEbHL3gCDGhMICq8zMdSAdYN9hGA=w228-h298-k-no""},{""title"":""Street View \u0026 360°"",""image"":""https://streetviewpixels-pa.googleapis.com/v1/thumbnail?panoid=7BWQdg5Cu2mHX3TyqgP5_Q\u0026cb_client=maps_sv.tactile.gps\u0026w=224\u0026h=298\u0026yaw=51.606712\u0026pitch=0\u0026thumbfov=100""}]","{""link"":"""",""source"":""""}"
d548dfdb-0e4c-4979-84ca-e29627511098,https://www.google.com/maps/place/TOMORO+COFFEE+-+Ahmad+Yani+Banjarmasin/data=!4m7!3m6!1s0x2de4210065a726c7:0x8a0d7f56833ad82a!8m2!3d-3.3383252!4d114.617513!16s%2Fg%2F11w25g27yg!19sChIJxyanZQAh5C0RKtg6g1Z_DYo?authuser=0&hl=en&g_ep=EgoyMDI2MDkwMi4wIJJjKgBIAVAD&rclk=1,TOMORO COFFEE - Ahmad Yani Banjarmasin,Coffee shop,"Jalan Ahmad Yani.KM 4,5, RW No.8, Pemurus Baru, Kec. Banjarmasin Sel., Kota Banjarmasin, Kalimantan Selatan 70249","{""Friday"":[""7.30 am–12.00 am""],""Monday"":[""7.30 am–12.00 am""],""Saturday"":[""7.30 am–12.00 am""],""Sunday"":[""7.30 am–12.00 am""],""Thursday"":[""7.30 am–12.00 am""],""Tuesday"":[""7.30 am–12.00 am""],""Wednesday"":[""7.30 am–12.00 am""]}","{""Friday"":{""10"":20,""11"":23,""12"":24,""13"":27,""14"":28,""15"":30,""16"":31,""17"":32,""18"":36,""19"":46,""20"":61,""21"":78,""22"":85,""23"":76,""6"":0,""7"":5,""8"":10,""9"":16},""Monday"":{""10"":21,""11"":25,""12"":27,""13"":29,""14"":31,""15"":31,""16"":30,""17"":31,""18"":36,""19"":46,""20"":60,""21"":72,""22"":73,""23"":60,""6"":0,""7"":5,""8"":9,""9"":16},""Saturday"":{""10"":21,""11"":25,""12"":28,""13"":31,""14"":30,""15"":29,""16"":29,""17"":32,""18"":36,""19"":48,""20"":67,""21"":88,""22"":100,""23"":90,""6"":0,""7"":6,""8"":11,""9"":17},""Sunday"":{""10"":16,""11"":19,""12"":21,""13"":22,""14"":23,""15"":24,""16"":27,""17"":32,""18"":38,""19"":49,""20"":61,""21"":70,""22"":68,""23"":54,""6"":0,""7"":5,""8"":9,""9"":12},""Thursday"":{""10"":19,""11"":23,""12"":25,""13"":26,""14"":26,""15"":28,""16"":28,""17"":31,""18"":32,""19"":40,""20"":50,""21"":58,""22"":56,""23"":45,""6"":0,""7"":4,""8"":8,""9"":14},""Tuesday"":{""10"":23,""11"":26,""12"":26,""13"":27,""14"":27,""15"":28,""16"":31,""17"":35,""18"":40,""19"":46,""20"":55,""21"":62,""22"":61,""23"":49,""6"":0,""7"":6,""8"":11,""9"":17},""Wednesday"":{""10"":21,""11"":25,""12"":28,""13"":30,""14"":32,""15"":32,""16"":33,""17"":34,""18"":38,""19"":44,""20"":55,""21"":64,""22"":64,""23"":53,""6"":0,""7"":5,""8"":10,""9"":16}}",368,4.8,"{""1"":12,""2"":3,""3"":3,""4"":21,""5"":329}",-3.338325,114.617513,9947747161476880426,0x2de4210065a726c7:0x8a0d7f56833ad82a,ChIJxyanZQAh5C0RKtg6g1Z_DYo,"[{""title"":""All"",""image"":""https://lh3.googleusercontent.com/gps-cs-s/AHRPTWnivIdKisELkJvHZ2Fjv-gFXmc65MjRnH0HTeFcob140biqkzdVorqOIFm3pl5NZ3LRJf_ZpS_7QmuEb82fTHrvZGfnuqK0AjLMc-qkyNa6wevP5j7zVj24SEZ2ALR-rQITKaKP=w224-h298-k-no""},{""title"":""Latest"",""image"":""https://lh3.googleusercontent.com/gps-cs-s/AHRPTWlBxv9SNKliIQCxhc-TWGEXdoh8LY044rdUB1IWKfydBiroha7wjp-T57eD0dr-g7AOWWo3YvzHhJZrKzVaK8KaupuRKrHbaoUXi5BJ1QI4kMQL_7SB364vHKZzanECAhlpHihcix0KFqjt=w224-h298-k-no""},{""title"":""Videos"",""image"":""https://lh3.googleusercontent.com/gps-cs-s/AHRPTWn0RUtnZsX8kQURoBVrhDD7mUgQ1QgwlsvfCaqIC83Ej-KIS4MWXdetrXBx0s3FrSJqM53L75y3xfTlSZlbgEm0a4EbX-N_5Eykx9CUD6XeEwdyNXgQ0vtTYTaBSQxLTH0yYOCl=w529-h298-k-no""},{""title"":""Menu"",""image"":""https://lh3.googleusercontent.com/gps-cs-s/AHRPTWlmG4r3nnbcUTjKJ9PplJ9r0ZJvmvuHU1iYxs4Xc3wzoQ83Ysj6wL30Q4DszSHtKxrS0aPF8nz5kBFXAUX9_pkqFR5E441kjKEXumHwABbhJ3ajwsFLsegMxrU8RqT_7F-4pW8UPw=w397-h298-k-no""},{""title"":""Food \u0026 drink"",""image"":""https://lh3.googleusercontent.com/gps-cs-s/AHRPTWkk7g3b_RmWVltsBTCKLhabfVGi1YOEOVLiDV3EibWHD04DqVTGjMy2BhXP0MSNelLVcSK-CoB94Wxpji6NNIDmKDM4lp33Z0wzYk3--99ixiCDU3_DAd71xOJyMXUm4acUM0sQ=w224-h298-k-no""},{""title"":""Vibe"",""image"":""https://lh3.googleusercontent.com/gps-cs-s/AHRPTWmDopqX5Jc4Y2LbdjNDuyszNJfPJxTc-sJU2TM8OyDUbdvbxVeeGcDn61FFkO2UbNdBuIOvO6sSTezJ2V5MRdVEyXE7bssw3ktUbIYg3dF71He2z11sKdlXw1ysWbGF30yudxGpzPWaUiYQ=w224-h298-k-no""},{""title"":""Iced coffee"",""image"":""https://lh3.googleusercontent.com/gps-cs-s/AHRPTWm1WFwdLINK_xAuWYi2Arj29QUEkA0CdAm33ceaJ1Szf6_kbl_7YsU4MHbuI2VeEP_jWx--Ztv9QZ3ozAumGOTN06gqJggKxUbw9hV_vgQUbpK6j7Nu-iOATFJFC5Z79CvIII0vITNkXZs=w224-h298-k-no""},{""title"":""Coffee"",""image"":""https://lh3.googleusercontent.com/gps-cs-s/AHRPTWnsayHS6iPmD5Wqc6JZO-XaZHrOHagdcL6vZI1jAzUHtZFEImggGZEU5Ackc0zX4W6M9KYLSjBa6yS4BiVTXOduEo056WjC0zPPUfbfh4CADTgIgkcHIawHhlVOPNhh2zPV0M-U=w224-h298-k-no""},{""title"":""By owner"",""image"":""https://lh3.googleusercontent.com/gps-cs-s/AHRPTWkWamLIlawChQr7Swlu6PuzInYmmWTwAVVT4WGJcFQRLApvEg9fWko3ENKcMY7quRsUvte3Th-Kl29ETzGHVazU4MrX_zShxOIpsPDswbPqUXuAXl2aM1wZUTMFt_CSZDbkAQNFCA=w397-h298-k-no""},{""title"":""Street View \u0026 360°"",""image"":""https://streetviewpixels-pa.googleapis.com/v1/thumbnail?panoid=NV-98is2uVmXqFTzOE0TvA\u0026cb_client=maps_sv.tactile.gps\u0026w=224\u0026h=298\u0026yaw=250.23149\u0026pitch=0\u0026thumbfov=100""}]","{""link"":"""",""source"":""""}"
d548dfdb-0e4c-4979-84ca-e29627511098,https://www.google.com/maps/place/William+Baked/data=!4m7!3m6!1s0x2de4233585363a53:0x194ff2b3ec013929!8m2!3d-3.3240987!4d114.5853702!16s%2Fg%2F11sy1mbfn9!19sChIJUzo2hTUj5C0RKTkB7LPyTxk?authuser=0&hl=en&g_ep=EgoyMDI2MDkwMi4wIJJjKgBIAVAD&rclk=1,William Baked,Coffee shop,"Jl. Kacapiring III No.6, Kertak Baru Ulu, Banjarmasin Tengah, Banjarmasin City, South Kalimantan 70111","{""Friday"":[""7.00 am–11.00 pm""],""Monday"":[""7.00 am–11.00 pm""],""Saturday"":[""7.00 am–11.00 pm""],""Sunday"":[""7.00 am–11.00 pm""],""Thursday"":[""7.00 am–11.00 pm""],""Tuesday"":[""7.00 am–11.00 pm""],""Wednesday"":[""7.00 am–11.00 pm""]}","{""Friday"":{""10"":30,""11"":32,""12"":37,""13"":41,""14"":43,""15"":41,""16"":41,""17"":46,""18"":57,""19"":72,""20"":85,""21"":88,""22"":72,""23"":0,""6"":0,""7"":14,""8"":22,""9"":26},""Monday"":{""10"":32,""11"":35,""12"":39,""13"":39,""14"":36,""15"":32,""16"":34,""17"":42,""18"":54,""19"":64,""20"":69,""21"":64,""22"":50,""23"":0,""6"":0,""7"":12,""8"":18,""9"":26},""Saturday"":{""10"":33,""11"":36,""12"":39,""13"":39,""14"":37,""15"":35,""16"":39,""17"":48,""18"":66,""19"":84,""20"":100,""21"":99,""22"":79,""23"":0,""6"":0,""7"":15,""8"":21,""9"":27},""Sunday"":{""10"":36,""11"":38,""12"":40,""13"":40,""14"":39,""15"":38,""16"":41,""17"":51,""18"":65,""19"":78,""20"":83,""21"":76,""22"":57,""23"":0,""6"":0,""7"":15,""8"":23,""9"":33},""Thursday"":{""10"":32,""11"":36,""12"":38,""13"":38,""14"":35,""15"":32,""16"":35,""17"":44,""18"":60,""19"":73,""20"":79,""21"":71,""22"":57,""23"":0,""6"":0,""7"":13,""8"":21,""9"":27},""Tuesday"":{""10"":30,""11"":38,""12"":42,""13"":41,""14"":36,""15"":35,""16"":39,""17"":49,""18"":61,""19"":70,""20"":76,""21"":74,""22"":58,""23"":0,""6"":0,""7"":14,""8"":19,""9"":24},""Wednesday"":{""10"":32,""11"":38,""12"":40,""13"":38,""14"":36,""15"":39,""16"":45,""17"":52,""18"":62,""19"":70,""20"":74,""21"":69,""22"":55,""23"":0,""6"":0,""7"":12,""8"":19,""9"":26}}",606,4.6,"{""1"":20,""2"":7,""3"":24,""4"":86,""5"":469}",-3.324099,114.58537,1823943228680911145,0x2de4233585363a53:0x194ff2b3ec013929,ChIJUzo2hTUj5C0RKTkB7LPyTxk,"[{""title"":""All"",""image"":""https://lh3.googleusercontent.com/gps-cs-s/AHRPTWmLU8GiDiQZqDLIaB6iduzMi9RpVlGN4R8v-xWfMGKBQA-QZ5ySIUFP1BH4KWS2ECgQR9yl3JK3VyKYKWsn33g0GIiRmxmEGBAqsZPZlc23NOt91Juajt5nnRu6BCPUXjorTGp2rlv3ftAL=w224-h398-k-no""},{""title"":""Latest"",""image"":""https://lh3.googleusercontent.com/gps-cs-s/AHRPTWm9YBgyvM-CPU5AJxNrpFHbGZZeNaS8EWhpOeU-3DXEWyxLzN3sl1vWqVwArqksuX1jcYVCyvnvRyQrbhplCPTkFL2_dUtOzbrp0KNhv4FNrwOwqeYMkvhcbo0c51h_DqCVtyFe-F1I_fYQ=w224-h574-k-no""},{""title"":""Videos"",""image"":""https://lh3.googleusercontent.com/gps-cs-s/AHRPTWmXPK6TCcerYS8dk-svkV1AThpLbW0t3zy2wNrG96UQSNivzxeB23wJKJNXWO7CAtuI4tEaZYdXLYtr_e7eoL69qfm_JRdNeU1tQY_6yyA3ekJxbUl36gxli06Qf-EhU8YS8yhpedeXkmgv=w224-h398-k-no""},{""title"":""Menu"",""image"":""https://lh3.googleusercontent.com/gps-cs-s/AHRPTWnHgbSzfxgvY5YHrI-D1lzmSJk_ztQB-zralMxM3vqlxGWcvDMgHsKCD9-9hmX9qII8u2A9DqWoAYQ3PWOI-0Dcu2cEnZqwwttEnMczDF3JXWXnXMLNo1cAVkpqOuR_EIJVkEzsLmYb2Ow1=w397-h298-k-no""},{""title"":""Food \u0026 drink"",""image"":""https://lh3.googleusercontent.com/gps-cs-s/AHRPTWnBHvvD2XuTkdbRjOFH-cIhKTrd1xlwY26bS8iF99vHAjNqMC_3vjvkJiZIrtYqxVrudXIESOfZ1Kasin64SuOHYg5rUazVbkJ-5DbC7vj32X5n0aM_uc11NaBPDET7zvTsCmZh09_Dd2ho=w224-h398-k-no""},{""title"":""Vibe"",""image"":""https://lh3.googleusercontent.com/gps-cs-s/AHRPTWkqHSLhD5nLeVs3VVBpfmr2LgGZSgYcEmsgj_bCI58u_qbNyc7YuNJnOT0gl3tXoAJAN8DB7jG027gg075PHp0HkoAsuj_6ROJ3c9htE6Yd7NO73OB2ePD7ywhl994fRU6QlBoqM2q3_095=w224-h298-k-no""},{""title"":""Iced coffee"",""image"":""https://lh3.googleusercontent.com/gps-cs-s/AHRPTWkZlP_eq2zOuceBxXCQelgHU59o_zdsCZ9z7TDYN3mRqQFLqYloS5A2wLczHcVrtUzO5IEAA-eOFUTvN4TwbPVPavHn67iM_JIjvLvUJuWH6W-ExfTBPHx0i-NO5rhAg0l5DSh4rSJduS0H=w224-h298-k-no""},{""title"":""Chicken sandwich"",""image"":""https://lh3.googleusercontent.com/gps-cs-s/AHRPTWkXcIHFoJH-aMUjfzqR6bKYCQlluENWtvb3to770TWSgO7cHbQ5BMnioJN_hbqhXoDPgtqYiRweChrwSfkxX8y7vu8MTsONZ_obcufOJ8IvNuH4EwTTKjtoj7lMXRo3T1__DuhM=w224-h298-k-no""},{""title"":""Nasi goreng"",""image"":""https://lh3.googleusercontent.com/gps-cs-s/AHRPTWmCVLVPz8kf2ek_S6BBz8C3WoUoApVYAOV-0_jgk_TB3MBVqw10Iapu-DxEqyOVQqUTrgqyWIWiyuChFkEM354tR0wPBGFjaViRZSdaxzVqL458SlGPoAHzPvzZZGgYvl96LggjfRCfVUFN=w224-h298-k-no""},{""title"":""Coffee"",""image"":""https://lh3.googleusercontent.com/gps-cs-s/AHRPTWn6m06YgXeEQE0lKg5x4hp7cWHzqP9hWpIz2vjKOn61wIMoj6Uef00tV9gFrc4bG4ouz80OLy1SvhzQT-eh_g98KaV88FIZchKL3bGFm0O3iPqz-lXXVy_AkSphfjy_6byTsYU1gqNcgst3=w224-h398-k-no""},{""title"":""Cheesecake"",""image"":""https://lh3.googleusercontent.com/gps-cs-s/AHRPTWn1gALgD1a3RgdcNtOZac28okpVOJCJGwlo1vOSJAsSNTv-DxnasZ7_oPrF9UWdUHxyxoVr_yZ74Ciu9243vbXBFL82sBf-sA-rZRDIDekZFzi2JYB8SZfCrMF-7x61oVFRpciSaZOISGa7=w224-h298-k-no""},{""title"":""Croissant"",""image"":""https://lh3.googleusercontent.com/gps-cs-s/AHRPTWn9V-O5t0i8Q1XU8zMkfnDnodiFMyLd7TSs3OgR1DsNXihy3kO6RidwTJl5bUl2JMifRBo5cMbDv3-oOr3GZelAGRAUy9f43IJLy6tKt7vRYq4XGv5aDe0pUBYzY8k9RHAaJr9qoPf88I3m=w224-h298-k-no""},{""title"":""Latte"",""image"":""https://lh3.googleusercontent.com/gps-cs-s/AHRPTWlGwpSjMHDUkGghTcF7uMxRKBfBDwfOjSPtg-gueGiDY8LWWVilwOhZW9i0BQjGmHb81wjFuIa-dYSlEepOokRb7qhcOfd7tEtCMdxmm2PajLzO6ZqnC7W4Y1HeBlLJeRb-O1_J=w224-h398-k-no""},{""title"":""Iced tea"",""image"":""https://lh3.googleusercontent.com/gps-cs-s/AHRPTWl5PQjc5TDVq78Etvhs9vqnPeEORyE28ZtVsluRib2GEY9HjO59kRHDt-wOAX2gOhSF_iESS3_DKdxLAsPKt89FpJGCb9xHMeEqvf1MmwmXsu2rlDo4kGy4L5jZLHWmUvuiUxLYMGtlRogO=w224-h298-k-no""},{""title"":""Street View \u0026 360°"",""image"":""https://streetviewpixels-pa.googleapis.com/v1/thumbnail?panoid=O2kolQTBz1O0FLIBs9Kk2A\u0026cb_client=maps_sv.tactile.gps\u0026w=224\u0026h=298\u0026yaw=230.9671\u0026pitch=0\u0026thumbfov=100""}]","{""link"":"""",""source"":""""}"
d548dfdb-0e4c-4979-84ca-e29627511098,https://www.google.com/maps/place/TOMORO+COFFEE+-+MT+Haryono+Banjarmasin/data=!4m7!3m6!1s0x2de4238990b66a37:0x541e897c10b1c79a!8m2!3d-3.322289!4d114.589928!16s%2Fg%2F11w8yh9694!19sChIJN2q2kIkj5C0RmsexEHyJHlQ?authuser=0&hl=en&g_ep=EgoyMDI2MDkwMi4wIJJjKgBIAVAD&rclk=1,TOMORO COFFEE - MT Haryono Banjarmasin,Coffee shop,"Jl. M.T. Haryono No.29b, Kertak Baru Ulu, Banjarmasin Tengah, Banjarmasin City, South Kalimantan 70231","{""Friday"":[""7.30 am–12.00 am""],""Monday"":[""7.30 am–12.00 am""],""Saturday"":[""7.30 am–12.00 am""],""Sunday"":[""7.30 am–12.00 am""],""Thursday"":[""7.30 am–12.00 am""],""Tuesday"":[""7.30 am–12.00 am""],""Wednesday"":[""7.30 am–12.00 am""]}","{""Friday"":{""10"":27,""11"":32,""12"":36,""13"":40,""14"":40,""15"":40,""16"":39,""17"":41,""18"":48,""19"":64,""20"":78,""21"":82,""22"":71,""23"":48,""6"":0,""7"":9,""8"":15,""9"":21},""Monday"":{""10"":33,""11"":37,""12"":39,""13"":39,""14"":37,""15"":38,""16"":41,""17"":46,""18"":52,""19"":60,""20"":70,""21"":69,""22"":58,""23"":37,""6"":0,""7"":12,""8"":20,""9"":27},""Saturday"":{""10"":27,""11"":33,""12"":38,""13"":39,""14"":39,""15"":40,""16"":41,""17"":49,""18"":63,""19"":84,""20"":99,""21"":100,""22"":84,""23"":55,""6"":0,""7"":6,""8"":11,""9"":17},""Sunday"":{""10"":22,""11"":29,""12"":32,""13"":33,""14"":34,""15"":33,""16"":36,""17"":39,""18"":47,""19"":60,""20"":73,""21"":72,""22"":59,""23"":37,""6"":0,""7"":7,""8"":11,""9"":16},""Thursday"":{""10"":23,""11"":30,""12"":35,""13"":38,""14"":36,""15"":33,""16"":31,""17"":33,""18"":40,""19"":54,""20"":67,""21"":67,""22"":55,""23"":35,""6"":0,""7"":10,""8"":15,""9"":18},""Tuesday"":{""10"":33,""11"":36,""12"":40,""13"":42,""14"":42,""15"":42,""16"":41,""17"":44,""18"":49,""19"":56,""20"":62,""21"":61,""22"":52,""23"":36,""6"":0,""7"":11,""8"":20,""9"":27},""Wednesday"":{""10"":37,""11"":41,""12"":43,""13"":44,""14"":43,""15"":43,""16"":43,""17"":46,""18"":53,""19"":66,""20"":75,""21"":71,""22"":59,""23"":39,""6"":0,""7"":14,""8"":24,""9"":31}}",235,4.7,"{""1"":12,""2"":0,""3"":6,""4"":16,""5"":201}",-3.322289,114.589928,6061433314436302746,0x2de4238990b66a37:0x541e897c10b1c79a,ChIJN2q2kIkj5C0RmsexEHyJHlQ,"[{""title"":""All"",""image"":""https://lh3.googleusercontent.com/gps-cs-s/AHRPTWnWhbScXPysVtiXQqijme1_hOgambpijlB-8KmkDoRDxOxML2_CQ6dedxQYbv9PZUrShQHGRki4SmnV9WL1BlA94BGsyiGDG1jW5PuM3I-EquyVbggbVRgXFH_jzeIPxKJA-x1Wx0v5XlVf=w224-h298-k-no""},{""title"":""Latest"",""image"":""https://lh3.googleusercontent.com/gps-cs-s/AHRPTWmTYDg2RiI29GS5FgXdjz9JHm6SzrwiotW2JUFTbc_f3DJKB5_t_C7L3Go6dmZiVE-IJNXj2JfTUHXYnxzygjVDM295JQ6TBenrrvBiM4lOCmEvv-vdh39kkzne7dNrNR3RZ5reXKQRlzP9=w224-h398-k-no""},{""title"":""Videos"",""image"":""https://lh3.googleusercontent.com/gps-cs-s/AHRPTWlw93fevwkYbcXhSbAUnk_Gw9NctGyOHjbv7bRqkrr6hc0lrBXrpKWkfa5JQ3t-98mUrdGwflXygwZ5vPZe7m_hw7ofKyK4Tlwu_C48lspPn1m3TfcAExhbKAO-K64G2e0QZ3IE=w224-h398-k-no""},{""title"":""Menu"",""image"":""https://lh3.googleusercontent.com/gps-cs-s/AHRPTWma7iWsysFSPNfKkyXk8CcZCIBx3ZzglCZtTy0JBJy4nqADb6p-8I7E4MryUonR5VIHzOL9G7a_TopOLhEdyXp5TSMOJgOn1xkoMjgVwFiMmFCIdpAR7NCj8xh5688dTc2va7BoWzmoLWar=w397-h298-k-no""},{""title"":""Food \u0026 drink"",""image"":""https://lh3.googleusercontent.com/gps-cs-s/AHRPTWk-Hr-ajWy_-hBDIulQCO9UG-D3IuHpVvfcEIWHp5CArY2utfHRxlVbdGuUaJ0vz-PTnfoIzqZxHN33YyfjTiXat1S0xOrNhENZbxj_hLWbuCs6K1IRyY7B9-LUvuKrh382l40=w224-h363-k-no""},{""title"":""Vibe"",""image"":""https://lh3.googleusercontent.com/gps-cs-s/AHRPTWluR1LkR6PY0b8beE1U4FKyP_388e14Gyy9XzjNRsUDtp4_MXhABLJoUqd1rK6S3ngy317QlRdj7DsUqRsmSD8uN2CNPnm4Z4FVI5WPo3eeuu4k0FAYZEXgsfIMsXkCugBkX0GyeZnfPUyV=w396-h298-k-no""},{""title"":""Iced coffee"",""image"":""https://lh3.googleusercontent.com/gps-cs-s/AHRPTWkAuD2Ca4sIKJKPCXktgRfrrKLGFstQ8xZzBjtuEs3Rr5mdn93Mms8XzxYk_6vTq-2eTlG4CJTnwEFWWw-uWysonkrCkMRQxTtHjb4XtUVYmLby0vuwLcrcLB9KTndDaA2BbvUWAmgiNcZE=w529-h298-k-no""},{""title"":""Coffee"",""image"":""https://lh3.googleusercontent.com/gps-cs-s/AHRPTWn_K-sCAgr0gY9nKEoMc_GHOlYFUVoVJOq1qlrXgvRrpCZ5OAJdlDzb-sE2X2lqSpOAVFTB3iDTRPsvSy9pnSJR0ut5jEWlySYlSxPANqxKd2XnnsCZ5X6n0Hx6DTpND19EWcX53thFrYwK=w224-h398-k-no""},{""title"":""By owner"",""image"":""https://lh3.googleusercontent.com/gps-cs-s/AHRPTWnfJVOm6FgEqMBR3K5z6Tdea_4XdV0xx33ADQnfpdQziLZAyGpLRlegomLFTaYYbSc3PPVguHI0vsmKZgDa5UQ06hQEDiQNlARwsm93dQ4NFw4WMVlOlSlwz-eLZlSIMeMHSq6r=w224-h364-k-no""},{""title"":""Street View \u0026 360°"",""image"":""https://lh3.googleusercontent.com/gps-cs-s/AHRPTWk_p_ci4pncQOdZfHTV3rQWpaW2T61-zUeWag3KAyL838ngKPDMQtByn43Aw8NrzWI_kNtxrrBHsavTceni5lWu5v2Y6-WA5fNeHkZyCxO-ozLHX5xwLTgM5SstUu82kIPaoYs=w224-h298-k-no-pi0-ya180-ro0-fo100""}]","{""link"":"""",""source"":""""}"
d548dfdb-0e4c-4979-84ca-e29627511098,https://www.google.com/maps/place/Uncle+Xiang+Kopitiam/data=!4m7!3m6!1s0x2de42300334332f1:0xb2a1cb3475a0d089!8m2!3d-3.3191432!4d114.5890003!16s%2Fg%2F11w23trv68!19sChIJ8TJDMwAj5C0RidCgdTTLobI?authuser=0&hl=en&g_ep=EgoyMDI2MDkwMi4wIJJjKgBIAVAD&rclk=1,Uncle Xiang Kopitiam,Coffee shop,"Jl. Mayjen Sutoyo S, Teluk Dalam, Banjarmasin Tengah, Banjarmasin City, South Kalimantan 70231","{""Friday"":[""7.30 am–11.00 pm""],""Monday"":[""7.30 am–11.00 pm""],""Saturday"":[""7.30 am–11.00 pm""],""Sunday"":[""7.30 am–11.00 pm""],""Thursday"":[""7.30 am–11.00 pm""],""Tuesday"":[""7.30 am–11.00 pm""],""Wednesday"":[""7.30 am–11.00 pm""]}","{""Friday"":{""10"":66,""11"":70,""12"":77,""13"":78,""14"":71,""15"":62,""16"":62,""17"":72,""18"":84,""19"":96,""20"":100,""21"":88,""22"":60,""23"":0,""6"":0,""7"":27,""8"":43,""9"":55},""Monday"":{""10"":51,""11"":57,""12"":72,""13"":76,""14"":73,""15"":68,""16"":64,""17"":63,""18"":68,""19"":70,""20"":68,""21"":59,""22"":42,""23"":0,""6"":0,""7"":23,""8"":37,""9"":44},""Saturday"":{""10"":54,""11"":68,""12"":78,""13"":75,""14"":74,""15"":66,""16"":67,""17"":74,""18"":86,""19"":99,""20"":95,""21"":82,""22"":55,""23"":0,""6"":0,""7"":18,""8"":26,""9"":38},""Sunday"":{""10"":62,""11"":70,""12"":76,""13"":77,""14"":73,""15"":61,""16"":56,""17"":58,""18"":66,""19"":73,""20"":70,""21"":52,""22"":34,""23"":0,""6"":0,""7"":21,""8"":36,""9"":51},""Thursday"":{""10"":58,""11"":65,""12"":76,""13"":79,""14"":71,""15"":61,""16"":49,""17"":51,""18"":59,""19"":70,""20"":72,""21"":59,""22"":40,""23"":0,""6"":0,""7"":19,""8"":34,""9"":45},""Tuesday"":{""10"":64,""11"":81,""12"":90,""13"":96,""14"":81,""15"":70,""16"":61,""17"":68,""18"":77,""19"":85,""20"":80,""21"":63,""22"":38,""23"":0,""6"":0,""7"":19,""8"":36,""9"":53},""Wednesday"":{""10"":71,""11"":80,""12"":92,""13"":88,""14"":77,""15"":64,""16"":65,""17"":78,""18"":91,""19"":95,""20"":84,""21"":68,""22"":47,""23"":0,""6"":0,""7"":25,""8"":43,""9"":53}}",236,4.8,"{""1"":8,""2"":0,""3"":2,""4"":22,""5"":204}",-3.319143,114.589,12871792636173799561,0x2de42300334332f1:0xb2a1cb3475a0d089,ChIJ8TJDMwAj5C0RidCgdTTLobI,"[{""title"":""All"",""image"":""https://lh3.googleusercontent.com/gps-cs-s/AHRPTWn6dAYTXRSnx0kkCkc8dQx3U5dc9mRcdtM6-GNn1mPFGujxvlHeps0wMAjGbzl5h7eWUDxUJugCjbQGXjDaJ9-REx8pMyKbr-ouZsqzQ5h7xUVTC2W1eNdUi0_NDgSkKy8elSfnr7mSALgZ=w397-h298-k-no""},{""title"":""Latest"",""image"":""https://lh3.googleusercontent.com/gps-cs-s/AHRPTWlQ5mHVo9jE1nG56RE1SlGt9AmujLRYuoXBG2SQ4ngfXvsBXunCRmf2-_Wb-wcUgM6J80ovOaWxPXgxdiMCu-lz5kXWsSUQFjlp-CKTNHUz1v0o2Sz13T727KCmz79hGgcAwqMsHxRP2wT2=w225-h298-k-no""},{""title"":""Videos"",""image"":""https://lh3.googleusercontent.com/gps-cs-s/AHRPTWk-aYt2gopmU0TQ_4PyNgvgDyhKw_535bzsGkKQF0n5ekJezpgUdtpxBEXvjuaovePdaL4wVHBsQ0pJVvsbj5CXGmMnZvNJ1p-TjJ5nHvFbbbsAizSley6pu22YK0ycYRxgTug=w224-h398-k-no""},{""title"":""Menu"",""image"":""https://lh3.googleusercontent.com/gps-cs-s/AHRPTWlTLTDi5Iwp2UTAIalbNFKK46bOZ1xTypuC69QhgVtCYqe_EAAgE94Es37SRG0IJaqUKKkL8DQtmQxevBfT1TPAdyJbzemEU9JWWXUeqsSHyo8hp4_D2a3k-0y0Q7Uhr2aojcUP5Q=w224-h298-k-no""},{""title"":""Food \u0026 drink"",""image"":""https://lh3.googleusercontent.com/gps-cs-s/AHRPTWnNNT4prjMhgmCCHPxGfxapq8deGCrcIMersTJhAO0RdAlo6YhurIFrA49v6xLHcG1HtWnAU_-ioEfrp_GIAQgbGzslMiGKMP6AxpN7dzTpf6K1-2W51-gGL7V-P9jWB6ZdYEkvOYFDaeZJ=w224-h298-k-no""},{""title"":""Vibe"",""image"":""https://lh3.googleusercontent.com/gps-cs-s/AHRPTWmGX4TNbaZZCQ-oScwRxit-KcXUZ9BYw4baAFuT2U-m5zETdxKAvUc7bBhbahd0wc3_Nu-9u-u-LGrJtrH83RzHJb_nq9rdFYtszP3WmV5ktYHJyd3qhYyfdYW9inGhCdO2KzyN-c0fn066=w397-h298-k-no""},{""title"":""Iced coffee"",""image"":""https://lh3.googleusercontent.com/gps-cs-s/AHRPTWko5YlC6SHZCEz5tYOokHB7EdVumDQPOFFd5_j2aHRNUnCc-XUuLD1hXPrtg7SRaCZPi2hP-YToztNRkI5mIllkvIUIpztkOLPJxCuMm9OO_-uD47hUNo0E90RCmZBW5AjS8i6b71DzzT0=w224-h298-k-no""},{""title"":""Coffee"",""image"":""https://lh3.googleusercontent.com/gps-cs-s/AHRPTWlTqo-Cl0RliVMitfDlr1CYvbcao4BxX3rBn5WWAT8NxgDqO5eS1LI3gbGfZm-HSwhJcyfhH5daMf9dSZviaop6Mm5XW5HhSTRyuNb8YkJH7bOff1RtvFzy0qIe2x3NdFBcbgWRy6tkffqE=w397-h298-k-no""},{""title"":""Street View \u0026 360°"",""image"":""https://streetviewpixels-pa.googleapis.com/v1/thumbnail?panoid=DsoEx74iX_M5cJ076QeERQ\u0026cb_client=maps_sv.tactile.gps\u0026w=224\u0026h=298\u0026yaw=311.45612\u0026pitch=0\u0026thumbfov=100""}]","{""link"":"""",""source"":""""}"
d548dfdb-0e4c-4979-84ca-e29627511098,https://www.google.com/maps/place/Cintakoe+Cafe/data=!4m7!3m6!1s0x2de4230046a1c4cd:0xfc2c8d3f9c6c0771!8m2!3d-3.3232029!4d114.5886089!16s%2Fg%2F11xm45p01j!19sChIJzcShRgAj5C0RcQdsnD-NLPw?authuser=0&hl=en&g_ep=EgoyMDI2MDkwMi4wIJJjKgBIAVAD&rclk=1,Cintakoe Cafe,Coffee shop,"Jl. Pangeran Samudera No.61, Kertak Baru Ulu, Banjarmasin Tengah, Banjarmasin City, South Kalimantan 70231","{""Friday"":[""7.00 am–2.00 am""],""Monday"":[""7.00 am–2.00 am""],""Saturday"":[""7.00 am–2.00 am""],""Sunday"":[""7.00 am–2.00 am""],""Thursday"":[""7.00 am–2.00 am""],""Tuesday"":[""7.00 am–2.00 am""],""Wednesday"":[""7.00 am–2.00 am""]}","{""Friday"":{""0"":28,""1"":13,""10"":15,""11"":21,""12"":27,""13"":35,""14"":40,""15"":39,""16"":41,""17"":51,""18"":71,""19"":86,""20"":87,""21"":77,""22"":64,""23"":48,""6"":0,""7"":7,""8"":9,""9"":12},""Monday"":{""0"":13,""1"":6,""10"":22,""11"":29,""12"":36,""13"":41,""14"":43,""15"":46,""16"":51,""17"":58,""18"":64,""19"":68,""20"":66,""21"":55,""22"":39,""23"":24,""6"":0,""7"":9,""8"":13,""9"":16},""Saturday"":{""0"":36,""1"":18,""10"":24,""11"":28,""12"":33,""13"":34,""14"":36,""15"":36,""16"":44,""17"":54,""18"":72,""19"":89,""20"":100,""21"":99,""22"":85,""23"":62,""6"":0,""7"":6,""8"":11,""9"":18},""Sunday"":{""0"":13,""1"":7,""10"":16,""11"":26,""12"":36,""13"":45,""14"":43,""15"":39,""16"":41,""17"":53,""18"":75,""19"":88,""20"":88,""21"":73,""22"":49,""23"":27,""6"":0,""7"":5,""8"":7,""9"":10},""Thursday"":{""0"":15,""1"":9,""10"":22,""11"":30,""12"":38,""13"":43,""14"":42,""15"":36,""16"":35,""17"":40,""18"":54,""19"":60,""20"":59,""21"":48,""22"":38,""23"":27,""6"":0,""7"":7,""8"":11,""9"":15},""Tuesday"":{""0"":17,""1"":8,""10"":25,""11"":32,""12"":39,""13"":41,""14"":40,""15"":36,""16"":38,""17"":49,""18"":65,""19"":73,""20"":72,""21"":61,""22"":46,""23"":31,""6"":0,""7"":10,""8"":12,""9"":18},""Wednesday"":{""0"":17,""1"":9,""10"":20,""11"":30,""12"":40,""13"":44,""14"":40,""15"":38,""16"":43,""17"":58,""18"":73,""19"":76,""20"":67,""21"":55,""22"":42,""23"":32,""6"":0,""7"":6,""8"":11,""9"":15}}",128,4.6,"{""1"":8,""2"":2,""3"":1,""4"":7,""5"":110}",-3.323203,114.588609,18171053900879890289,0x2de4230046a1c4cd:0xfc2c8d3f9c6c0771,ChIJzcShRgAj5C0RcQdsnD-NLPw,"[{""title"":""All"",""image"":""https://lh3.googleusercontent.com/gps-cs-s/AHRPTWlOw1vfkUGOLOyz85TIDm04oYzccupJ04TQwGOxT7dyw4E2pgA5GwXeaQUtcrqvAzrdM_vC5TOLanEdcf6KXGziEugdgoQMi2iwh_qVlJ5PJrEwg3PEkcl5X9g9_cJoSGXaCpa6foziRgg9=w447-h298-k-no""},{""title"":""Latest"",""image"":""https://lh3.googleusercontent.com/gps-cs-s/AHRPTWl0UxWTBPjATAzxtO3guj9oTvv5eRTmAcY4aESL156cE96clKqFa84o1vHB-IkL7vT9a7fdV7uAVkCySYnLkVmjJGmPXZ9LUxjv3KsjzLuDASVqBYM8Y7XlgMuczObCO8w2Lq_lw17NKZj-=w224-h298-k-no""},{""title"":""Videos"",""image"":""https://lh3.googleusercontent.com/gps-cs-s/AHRPTWl-r46NeLM8Q7MD4Vw28nrtVXXVYgN_DpLcAJpKw7D23rWOm-0FsTfg6MZWzna6QIixEPDULDddpHTkR-UbdDl5_Fkmx-hVZnKfGZGPJpPsMxPzxuWhdlf2KKoMpR5K35IUOgAuHxU84zwr=w224-h398-k-no""},{""title"":""Menu"",""image"":""https://lh3.googleusercontent.com/gps-cs-s/AHRPTWkiZOWPnvPZZljeorots3x_ePL1axWY6K5xS-5PjS7JDVQzv23vWJAUEHqsDTGjtn7-w3nRhvG5k_YB1OyVoXF_xzCZF6gdFYcfSiYWauen_lNmHLLyiGKXYNJMCBUKtzzhJZHghTjmuQCV=w395-h298-k-no""},{""title"":""Food \u0026 drink"",""image"":""https://lh3.googleusercontent.com/gps-cs-s/AHRPTWmH6ORxwLNejCCoSQxUu1N7qgen_YCQTODwpGTdLV50HEf4S-Eo8YRIkT0o3XOhHRi2qCtoAqaIPppfqr62yxjN0d_oWVC0WuCmXKm3RCIm8-kdDjDLj1e_0bnKOjMWmFdwtjvV52ESZoDA=w224-h298-k-no""},{""title"":""Vibe"",""image"":""https://lh3.googleusercontent.com/gps-cs-s/AHRPTWk4WFYoSVw2qEvm_58Xm4ysqQNPidbfwVgX_7OUiuBQyqSbBezpo3MvHVU8iZWRXKzKIkKZG-wzaS6SlxdzAhSW_RDn734lWz6Uw7urNFSzIaS9U4XPBAMOkvPBC0qzVBRQa_VFUIzwclcd=w224-h298-k-no""},{""title"":""Iced coffee"",""image"":""https://lh3.googleusercontent.com/gps-cs-s/AHRPTWl6qxtKsAyYzd0-S6ncFfdxre4TtWJvcY9lx9jew5zwYlJNxvvbzjfeMAdTyhJHpp6_JismD41CGtyRVTKiwofX_zF5qa43s3Lqgm6P_cHIJRPd5mSCwCebu2L2teqV0detLD28f-AcLExW=w224-h336-k-no""},{""title"":""Nasi goreng"",""image"":""https://lh3.googleusercontent.com/gps-cs-s/AHRPTWls9K7LqnjQo1CK4exUOpq5ixaAFACC4ga9hh-PPmcyHtMNjBlsT6AT2aIQI_Tyg88n1R9fxwO4-QroAx93ceeeUrsyUqUwlaTjNDeO_hRkP5wNrAu7dFrPcEPSqy0rCICaDow_PxLtEiql=w447-h298-k-no""},{""title"":""Fried shrimp"",""image"":""https://lh3.googleusercontent.com/gps-cs-s/AHRPTWmP9w43Fnp5_7m7YkoE4KaLAhy8wtlqQRJhtMyncJzUuaWfpu2CI-MSgksmnTSRdP42UcZI6tD-fJ92ilVpbTNCrHH51SocNg96qcIYDLdo7bCvbCXR-o8lr1IXhS7V8oohIUx1GJDDmRB9=w224-h298-k-no""},{""title"":""Street View \u0026 360°"",""image"":""https://streetviewpixels-pa.googleapis.com/v1/thumbnail?panoid=-Fk8npNQ8z9ObDoId5K1GQ\u0026cb_client=maps_sv.tactile.gps\u0026w=224\u0026h=298\u0026yaw=34.76154\u0026pitch=0\u0026thumbfov=100""}]","{""link"":"""",""source"":""""}"
d548dfdb-0e4c-4979-84ca-e29627511098,https://www.google.com/maps/place/GENJI+COFFEE/data=!4m7!3m6!1s0x2de421299284cec5:0x6feaf3215b3a22b3!8m2!3d-3.3408619!4d114.6188239!16s%2Fg%2F11rrs205j2!19sChIJxc6Ekikh5C0RsyI6WyHz6m8?authuser=0&hl=en&g_ep=EgoyMDI2MDkwMi4wIJJjKgBIAVAD&rclk=1,GENJI COFFEE,Coffee shop,"Jl. A. Yani Kompleks Dharma Km, 5, Pemurus Luar, Kec. Banjarmasin Sel., Kota Banjarmasin, Kalimantan Selatan 70249","{""Friday"":[""7.30 am–10.30 pm""],""Monday"":[""7.30 am–10.30 pm""],""Saturday"":[""7.30 am–11.30 pm""],""Sunday"":[""7.30 am–11.30 pm""],""Thursday"":[""7.30 am–10.30 pm""],""Tuesday"":[""7.30 am–10.30 pm""],""Wednesday"":[""7.30 am–10.30 pm""]}","{""Friday"":{""10"":15,""11"":15,""12"":18,""13"":27,""14"":32,""15"":31,""16"":29,""17"":32,""18"":40,""19"":50,""20"":60,""21"":64,""22"":56,""23"":0,""6"":0,""7"":11,""8"":13,""9"":15},""Monday"":{""10"":23,""11"":26,""12"":27,""13"":26,""14"":27,""15"":28,""16"":32,""17"":39,""18"":49,""19"":56,""20"":63,""21"":62,""22"":53,""23"":0,""6"":0,""7"":10,""8"":13,""9"":19},""Saturday"":{""10"":26,""11"":29,""12"":33,""13"":36,""14"":36,""15"":36,""16"":35,""17"":38,""18"":47,""19"":63,""20"":85,""21"":100,""22"":97,""23"":73,""6"":0,""7"":13,""8"":17,""9"":23},""Sunday"":{""10"":16,""11"":18,""12"":21,""13"":25,""14"":29,""15"":31,""16"":33,""17"":40,""18"":47,""19"":57,""20"":64,""21"":68,""22"":59,""23"":40,""6"":0,""7"":11,""8"":14,""9"":15},""Thursday"":{""10"":19,""11"":20,""12"":23,""13"":29,""14"":33,""15"":36,""16"":35,""17"":38,""18"":44,""19"":50,""20"":53,""21"":51,""22"":43,""23"":0,""6"":0,""7"":7,""8"":12,""9"":15},""Tuesday"":{""10"":25,""11"":27,""12"":29,""13"":31,""14"":31,""15"":31,""16"":34,""17"":40,""18"":47,""19"":56,""20"":64,""21"":65,""22"":53,""23"":0,""6"":0,""7"":9,""8"":14,""9"":21},""Wednesday"":{""10"":22,""11"":25,""12"":30,""13"":32,""14"":33,""15"":33,""16"":36,""17"":38,""18"":42,""19"":45,""20"":48,""21"":49,""22"":43,""23"":0,""6"":0,""7"":11,""8"":15,""9"":18}}",436,4.3,"{""1"":38,""2"":11,""3"":23,""4"":70,""5"":294}",-3.340862,114.618824,8064525407350301363,0x2de421299284cec5:0x6feaf3215b3a22b3,ChIJxc6Ekikh5C0RsyI6WyHz6m8,"[{""title"":""All"",""image"":""https://lh3.googleusercontent.com/gps-cs-s/AHRPTWnJq3mWRxJLBUkQcw969T2HxpB_jGVgxGVAKg7He9fVvruNBsIZERhp4qMiMnYIvZm0WhZhOpIvdrliRLaYwL1k59Kay5XUYIDLMbLmqPLAwoH4xJbdP8B54irueByUt-ZQ9c3C=w224-h398-k-no""},{""title"":""Latest"",""image"":""https://lh3.googleusercontent.com/gps-cs-s/AHRPTWmocFnPeeST-UOAwktVbAb5ZAjh2nX8qJSEvXhTXZXmSOX6sFz_FE0LxX2g-xkEZZnxE3Qr9IKAk2YbdZjaRTGAuGA78Xv7nm0bFnIR6FenkQKautuVUvrCn5wCAhiwjFB98cfVaRoV4imY=w224-h298-k-no""},{""title"":""Videos"",""image"":""https://lh3.googleusercontent.com/gps-cs-s/AHRPTWnhp8wBRLdxG-GUZSK-wmGfBeMxNGtmebzkRrtg4OqvgpJ5AuQxnJoWu4fKfAiVyQFFN8Br6jIrroXSSA3VmqhVaker4CHrGBstW7KEZxSv9zmHR0if2lkwQ4lU3v4osa1nQWpo3g=w224-h398-k-no""},{""title"":""Menu"",""image"":""https://lh3.googleusercontent.com/gps-cs-s/AHRPTWnpusvllE_NBluzKrPYR86us4fXMxPtU7nXrDoKhtTyrHYHUzTG_1SDd68TjFkUMVPDtUAmSvpaJF_UJClcO6-q-agtHFmODB0H9PBIUv-gbudax26Yk9ZmkCgRz9gMir36G5Uou3_m7m4=w454-h298-k-no""},{""title"":""Food \u0026 drink"",""image"":""https://lh3.googleusercontent.com/gps-cs-s/AHRPTWnZLczOtyyaPVgvF5zsHp5SlBKPLBESCRBrLO9kH5AxxmzC5uSGCiq_WWOKNBpt1vn4zK7ns5SaAptGn_wv5akvEhm31B_xfGa5Ke8GKH_rvDnql1-BYD8WBBNduxq3prWSUrT3_ZwpDjNp=w224-h336-k-no""},{""title"":""Vibe"",""image"":""https://lh3.googleusercontent.com/gps-cs-s/AHRPTWkTSjW2I4HsdcfPeF7xe2Qh45vTmGezNr-2DqeVE1I68omGtKSbLXzuzZxyRRLeOksbZo1AlyVZt6XinbonrxALQtZ0pxWENhnRs61_KAGiBWQmVRzAxiToYsTyH7SdDvfBx3V8=w224-h398-k-no""},{""title"":""Iced coffee"",""image"":""https://lh3.googleusercontent.com/gps-cs-s/AHRPTWndPLUDXZOnHpNlnxGYaepTufesSowuXnGNTuhd8uY1u8jSjSuvYv1-gcbdA1vyd934Mx22ixBWyY-OE8Ia24CKtPC7ZhmWBfRt-_vCkcr3gfDAjY8ahEEYan5YKwn5Iu0nQYB6hd25YA5D=w224-h336-k-no""},{""title"":""Coffee"",""image"":""https://lh3.googleusercontent.com/gps-cs-s/AHRPTWlfgwZjMJXxvCf4IKhTikKR_8GXtuY98rsFxhGvmB2QA8g4zwsstv3KULy9jvCvcP9udFLgkVFwhNmdfRVcs85J7dDg-BgXXKZgU2e3vdCxlLPy-Z59eQmRhmH1zn1bxN0wKdWlaQ=w268-h298-k-no""},{""title"":""Latte"",""image"":""https://lh3.googleusercontent.com/gps-cs-s/AHRPTWlWtcVYWBLpMVsfuNgI6z-s3ahs1Au-bf0xcl-Pz4FtErlZ0nXdWI6qIz9mJ-nIzXrFL9dj2oMrUuK2LufV7TDF4yHJQHw3xOzP7Q1IRjQMJGtrEa0xh1iGoBi-qcZ8Wnv6NSbt=w224-h398-k-no""},{""title"":""Cold brew coffee"",""image"":""https://lh3.googleusercontent.com/gps-cs-s/AHRPTWmivCVh3O-b8odj-n3NIaCa9luNHZOLNFEe_WN85M2S4kLMFU71M2AKKwLGAAbtQ5I75cMdHery-dzHlAsG9b6jsVRwm4DxxUepaW2jR3CCBUZKZ-M2mNoUYPrVuPXS5dcbc9lihzg4olb1=w224-h298-k-no""},{""title"":""By owner"",""image"":""https://lh3.googleusercontent.com/gps-cs-s/AHRPTWkT5qaiS1BF5BP65_ebY2aAIL-Zoquo-TBl9AgCHTPliKeWte7HoZg5NLT9Kp0HQv4SeoKJv0QZhj5GRQWAn0Kw6-zxsXGc6OZ20rsxpjp00yijs-4W74jH7lzMZZK7k5iF6KRu=w224-h398-k-no""},{""title"":""Street View \u0026 360°"",""image"":""https://lh3.googleusercontent.com/gps-cs-s/AHRPTWkyIARUIkCnfvn_Kf8AjjxqyO4lJLSfCBq9ySscLUuYO9y-Ax20CSAEh79ylFCalvL92xCN5N6h9-OV5mOBYzUZC3DVxT9uBXqvN_Ze4PEa2rfVBNYxHMkDOvt3UXrLsi6Ir49G=w224-h298-k-no-pi0-ya0-ro0-fo100""}]","{""link"":""/url?q=https://www.instagram.com/s/aGlnaGxpZ2h0OjE3OTk1MDg0ODI1NTYyNzgx%3Fstory_media_id%3D2964552688727056838%26igshid%3DYmMyMTA2M2Y%3D\u0026opi=79508299\u0026sa=U\u0026ved=0ahUKEwi3tsrXx9yWAxU8SWwGHRn8EEkQqRkIJigV\u0026usg=AOvVaw0pL9LVYnr2lCeW67LJVg3n"",""source"":""instagram.com""}"
d548dfdb-0e4c-4979-84ca-e29627511098,https://www.google.com/maps/place/Jitterbug+Coffee+-+Banjarmasin+S.+Parman/data=!4m7!3m6!1s0x2de42300095ffa3f:0x96740cfceb4546c!8m2!3d-3.3046671!4d114.5884142!16s%2Fg%2F11zbqq7srd!19sChIJP_pfCQAj5C0RbFS0zs9AZwk?authuser=0&hl=en&g_ep=EgoyMDI2MDkwMi4wIJJjKgBIAVAD&rclk=1,Jitterbug Coffee - Banjarmasin S. Parman,Coffee shop,"Jl. Antasan Kecil Barat, Ps. Lama, Kec. Banjarmasin Tengah, Kota Banjarmasin, Kalimantan Selatan 70123","{""Friday"":[""7.30 am–11.30 pm""],""Monday"":[""7.30 am–11.30 pm""],""Saturday"":[""7.30 am–11.30 pm""],""Sunday"":[""7.30 am–11.30 pm""],""Thursday"":[""7.30 am–11.30 pm""],""Tuesday"":[""7.30 am–11.30 pm""],""Wednesday"":[""7.30 am–11.30 pm""]}",{},48,4.8,"{""1"":1,""2"":1,""3"":1,""4"":3,""5"":42}",-3.304667,114.588414,677581530212881516,0x2de42300095ffa3f:0x96740cfceb4546c,ChIJP_pfCQAj5C0RbFS0zs9AZwk,"[{""title"":""All"",""image"":""https://lh3.googleusercontent.com/gps-cs-s/AHRPTWnWtoKhQOwYWTveBMRuK6PGbkPacYaaQHko4xKiDWguiueEkP4_NLjQnsrzERAog3vZo7fmVfb-uvmDQmu7GPmv6kucdsK9n7IH7YpjaR3vVX6GbXMja7l4IZZPWFCL-0hUpbFNYNiMgSDE=w224-h298-k-no""},{""title"":""Latest"",""image"":""https://lh3.googleusercontent.com/gps-cs-s/AHRPTWk42oHUydRjME_50IZ9OWX6YZbmwm_H0ZbBJm8Sc8cSlAf1LpCB3opITZvjFyV6T_RTka3yhX2p62RjhkF7GsZbaxuOo9alOUQZ67lE4wQ27cva-WZ7ESv5s-ixVIwOO8dDTUSuRx9-HpXd=w224-h298-k-no""},{""title"":""By owner"",""image"":""https://lh3.googleusercontent.com/gps-cs-s/AHRPTWnxfH_n9oUcjnXfGDsnkHURfXR10g68Qi9ycaYwLm9AlAiPEqgE0yev7ZQMWBN_EN6rZK8bQ2mtae41rc6mill7cStFskyOUohJ4JcASGPo3Py49u-MpMQexlpMYXlfwpBr_8HjZ-OoDXsJ=w529-h298-k-no""},{""title"":""Street View \u0026 360°"",""image"":""https://streetviewpixels-pa.googleapis.com/v1/thumbnail?panoid=YDIDbMEtNJDnD4sqVxnGKw\u0026cb_client=maps_sv.tactile.gps\u0026w=224\u0026h=298\u0026yaw=184.05272\u0026pitch=0\u0026thumbfov=100""}]","{""link"":"""",""source"":""""}"
d548dfdb-0e4c-4979-84ca-e29627511098,https://www.google.com/maps/place/Kosakata+Coffee/data=!4m7!3m6!1s0x2de4272674c5426d:0xfc2ada07ff829aeb!8m2!3d-3.3364562!4d114.6287786!16s%2Fg%2F11l662x159!19sChIJbULFdCYn5C0R65qC_wfaKvw?authuser=0&hl=en&g_ep=EgoyMDI2MDkwMi4wIJJjKgBIAVAD&rclk=1,Kosakata Coffee,Coffee shop,"MJ7H+CG6 Kosakata Coffee, Pemurus Luar, Banjarmasin Timur, Banjarmasin City, South Kalimantan 70238","{""Friday"":[""8.00 am–11.00 pm""],""Monday"":[""8.00 am–11.00 pm""],""Saturday"":[""8.00 am–11.00 pm""],""Sunday"":[""8.00 am–11.00 pm""],""Thursday"":[""8.00 am–11.00 pm""],""Tuesday"":[""8.00 am–11.00 pm""],""Wednesday"":[""8.00 am–11.00 pm""]}","{""Friday"":{""10"":36,""11"":30,""12"":25,""13"":24,""14"":23,""15"":25,""16"":28,""17"":37,""18"":49,""19"":61,""20"":67,""21"":66,""22"":51,""23"":0,""6"":0,""7"":0,""8"":40,""9"":42},""Monday"":{""10"":29,""11"":29,""12"":31,""13"":32,""14"":31,""15"":31,""16"":32,""17"":36,""18"":40,""19"":46,""20"":52,""21"":49,""22"":42,""23"":0,""6"":0,""7"":0,""8"":22,""9"":27},""Saturday"":{""10"":31,""11"":28,""12"":26,""13"":23,""14"":22,""15"":26,""16"":31,""17"":40,""18"":50,""19"":67,""20"":88,""21"":100,""22"":89,""23"":0,""6"":0,""7"":0,""8"":30,""9"":34},""Sunday"":{""10"":44,""11"":34,""12"":27,""13"":25,""14"":26,""15"":28,""16"":33,""17"":36,""18"":43,""19"":53,""20"":65,""21"":63,""22"":51,""23"":0,""6"":0,""7"":0,""8"":44,""9"":50},""Thursday"":{""10"":28,""11"":30,""12"":34,""13"":35,""14"":31,""15"":28,""16"":29,""17"":33,""18"":39,""19"":46,""20"":54,""21"":54,""22"":47,""23"":0,""6"":0,""7"":0,""8"":25,""9"":29},""Tuesday"":{""10"":30,""11"":34,""12"":38,""13"":34,""14"":30,""15"":28,""16"":32,""17"":40,""18"":50,""19"":58,""20"":67,""21"":63,""22"":53,""23"":0,""6"":0,""7"":0,""8"":24,""9"":29},""Wednesday"":{""10"":32,""11"":33,""12"":35,""13"":31,""14"":27,""15"":27,""16"":31,""17"":40,""18"":50,""19"":61,""20"":72,""21"":69,""22"":53,""23"":0,""6"":0,""7"":0,""8"":25,""9"":30}}",71,4.3,"{""1"":8,""2"":1,""3"":1,""4"":11,""5"":50}",-3.336456,114.628779,18170575374466063083,0x2de4272674c5426d:0xfc2ada07ff829aeb,ChIJbULFdCYn5C0R65qC_wfaKvw,"[{""title"":""All"",""image"":""https://lh3.googleusercontent.com/gps-cs-s/AHRPTWkaoNEfzvg-OL3daM_Z6KCWQX34SeWVLTF2mBOKGJDe_8lGQ69JgkR975p9tiE1Gg0L0AJHsqDSOGzSPOQz0D-tMYAq4TXS2IrgfoRr4HcIRzwsyLEjRkem40gW4T7XUmV2vX95VRvJuTzW=w447-h298-k-no""},{""title"":""Latest"",""image"":""https://lh3.googleusercontent.com/gps-cs-s/AHRPTWlcc9p-nuhimbZsjB-0P6sX16zxq8iHUxFVVr14qUzn5vZIIOZ2FsVXgok3OEPV7S8Vzl0XFSf1zD68KkD1nlcwVvJ7lTG2tb5OS1zMkWtoMIkWWoJgAgtlcj6J73yZItjCg9DCLKjvjvc=w224-h298-k-no""},{""title"":""Videos"",""image"":""https://lh3.googleusercontent.com/gps-cs-s/AHRPTWlpVymA--TkIN7tQzKwouRWissPFWNMst3mi89Z9YR0KNIrwPXTPB-AClw75f4Kxiw1-r7-UEbHdbq_Mt1ZYzs_5jtl_8Qj1AXcx0aBgAvViOD8SebocFp_--dPho6z4-Jt3cPZXglQYTLC=w529-h298-k-no""},{""title"":""Menu"",""image"":""https://lh3.googleusercontent.com/gps-cs-s/AHRPTWlf3hvQXp59_vbb_PhXuWT63SsEI351o_rKge57EjXWjdAzu19AifXLEGebeLN27CMcJRGZ8fAwiMrjdLOKmeFSiQIodfSvbEH45ZS06Lq9mRc7qPtYafDcLW2a5tUaaOXdrj9GjrlfB4v6=w224-h298-k-no""},{""title"":""Food \u0026 drink"",""image"":""https://lh3.googleusercontent.com/gps-cs-s/AHRPTWlYWtQVMGZJOwdaMukzNDIMAI_dR284o6WttMsF3iWTGc9iF-7pdZuemQDLtWRg1J9k89dBbKCPmlkrKKk82iAaFH5dGwt1NOkG0vV6k73pXaNHhRezbC2vRxU-2nSVTCnYe1kO-Q=w529-h298-k-no""},{""title"":""Vibe"",""image"":""https://lh3.googleusercontent.com/gps-cs-s/AHRPTWmNxQzhL_8_wljPToi5uvWJiLk6y2HlPQsNoPNlPElh0crkhay0eSA-LrIJYG6_bIuV-_vD5cL3VuXnHlRZcOLOk_gO9BC355CHLhgPiTbhllgIsKHVZayvbwynEIY20WW0oAuQvhaj7uQ=w224-h336-k-no""},{""title"":""Iced coffee"",""image"":""https://lh3.googleusercontent.com/gps-cs-s/AHRPTWnADHT6gEnrEyBZugOSkYwPyBs9GAF4m2aPVoGu9X2Wy2pjBM9vyWIfRYpS4hzzWqcVELVz_-BuO-kXu3fKBmzSKO3t4RTBfYbEVRXlqPfwGCG64siObgnDEOTrq_n4mzXgdCK5oYmc_u9B=w224-h479-k-no""},{""title"":""Coffee"",""image"":""https://lh3.googleusercontent.com/gps-cs-s/AHRPTWkCWkfiO6QoqSAzC6b402NC45aZbl1BOWVWfpGc9R_EHyJpSxgB2LJzYwk8_lW8IjHfU8wfOgqka_gVHeRc1392gVyGU_19KwLPUJP0JwFaErAoDeHKIgRovrmGVmQ4pMj6NULiDSIKJWs=w224-h298-k-no""},{""title"":""Street View \u0026 360°"",""image"":""https://streetviewpixels-pa.googleapis.com/v1/thumbnail?panoid=5IirpYle6fm9Nkygaum5JA\u0026cb_client=maps_sv.tactile.gps\u0026w=224\u0026h=298\u0026yaw=116.46516\u0026pitch=0\u0026thumbfov=100""}]","{""link"":"""",""source"":""""}"
d548dfdb-0e4c-4979-84ca-e29627511098,https://www.google.com/maps/place/Othello+Board+Game+Cafe/data=!4m7!3m6!1s0x2de423908a8ad0ad:0x57243116a358f8f9!8m2!3d-3.3252858!4d114.6111188!16s%2Fg%2F11w_xrnl1g!19sChIJrdCKipAj5C0R-fhYoxYxJFc?authuser=0&hl=en&g_ep=EgoyMDI2MDkwMi4wIJJjKgBIAVAD&rclk=1,Othello Board Game Cafe,Cafe,"Jl. Manggis No.26, Kebun Bunga, Banjarmasin Timur, Banjarmasin City, South Kalimantan 70237","{""Friday"":[""10.00 am–11.00 pm""],""Monday"":[""12.00–10.00 pm""],""Saturday"":[""10.00 am–11.00 pm""],""Sunday"":[""10.00 am–11.00 pm""],""Thursday"":[""12.00–10.00 pm""],""Tuesday"":[""12.00–10.00 pm""],""Wednesday"":[""12.00–10.00 pm""]}","{""Friday"":{""10"":28,""11"":34,""12"":43,""13"":49,""14"":52,""15"":53,""16"":61,""17"":73,""18"":81,""19"":86,""20"":79,""21"":69,""22"":56,""23"":0,""6"":0,""7"":0,""8"":0,""9"":0},""Monday"":{""10"":0,""11"":0,""12"":49,""13"":49,""14"":49,""15"":45,""16"":48,""17"":53,""18"":63,""19"":68,""20"":61,""21"":51,""22"":0,""23"":0,""6"":0,""7"":0,""8"":0,""9"":0},""Saturday"":{""10"":35,""11"":36,""12"":40,""13"":46,""14"":49,""15"":55,""16"":60,""17"":69,""18"":79,""19"":90,""20"":87,""21"":81,""22"":65,""23"":0,""6"":0,""7"":0,""8"":0,""9"":0},""Sunday"":{""10"":43,""11"":49,""12"":55,""13"":61,""14"":71,""15"":73,""16"":74,""17"":75,""18"":80,""19"":86,""20"":85,""21"":76,""22"":61,""23"":0,""6"":0,""7"":0,""8"":0,""9"":0},""Thursday"":{""10"":0,""11"":0,""12"":45,""13"":48,""14"":51,""15"":53,""16"":59,""17"":65,""18"":71,""19"":74,""20"":71,""21"":62,""22"":0,""23"":0,""6"":0,""7"":0,""8"":0,""9"":0},""Tuesday"":{""10"":0,""11"":0,""12"":41,""13"":46,""14"":49,""15"":56,""16"":58,""17"":72,""18"":82,""19"":94,""20"":100,""21"":84,""22"":0,""23"":0,""6"":0,""7"":0,""8"":0,""9"":0},""Wednesday"":{""10"":0,""11"":0,""12"":47,""13"":48,""14"":51,""15"":50,""16"":56,""17"":68,""18"":79,""19"":89,""20"":85,""21"":69,""22"":0,""23"":0,""6"":0,""7"":0,""8"":0,""9"":0}}",134,4.7,"{""1"":9,""2"":0,""3"":1,""4"":7,""5"":117}",-3.325286,114.611119,6279197753760872697,0x2de423908a8ad0ad:0x57243116a358f8f9,ChIJrdCKipAj5C0R-fhYoxYxJFc,"[{""title"":""All"",""image"":""https://lh3.googleusercontent.com/gps-cs-s/AHRPTWm2vAX2yCmnbvjo94u6auafLLCEeTGhx6QKNQgwCHSXO082v0UTDLv_bAfWEsKyQic2OtJFiYLJdp0Ifs6hOCQKRt4WC7vXWwzb5fzuY4lXiFY1tdUwdZCJ5X4KJBxrifCTgfg40qWXjhmX=w224-h336-k-no""},{""title"":""Latest"",""image"":""https://lh3.googleusercontent.com/gps-cs-s/AHRPTWnrAdCQ0Ljc5LSyUtu1IbvZD2bo5VSS9Ck4bP-tZipaDiuIuf22R3ehzuvsK3XnfzovKOY5BA8-E3YWhE-MHkyTgY7EXJeTEls9mmekwUV-B3ud_RppNf1rZ1Cz0DBdFSX62AvYbCuvBirx=w224-h298-k-no""},{""title"":""Videos"",""image"":""https://lh3.googleusercontent.com/gps-cs-s/AHRPTWnbaouLYeoDMjJmcuS5SeXa6iJe3KkO5Y0ZwH2IM6P2clmT5hhm5IJ4qOqgmPT3EU06et_ukqHLkJnsFjqQjU-uBuG0GU4v-KUtFm7tUnYBZ_l5TAABW2wHLeGSXcOuJoANM-AG9SDaDDud=w224-h398-k-no""},{""title"":""Menu"",""image"":""https://lh3.googleusercontent.com/gps-cs-s/AHRPTWkKJiJEDJ4gCcUxdZSwa9C8GiiYhuK7vsk9-dOfN8J84RsEpeKuF_eSX5-fxw-Ak-sgpGXl5yGQq5Sn05HZvyQtzcNe1Z-zWzkZgQDHX03aCZPtFkyhtvgd8cGmnwtbLfPiusZb-JUq4GU=w224-h316-k-no""},{""title"":""Food \u0026 drink"",""image"":""https://lh3.googleusercontent.com/gps-cs-s/AHRPTWlcSmMfEn_NHZzvyV_YIpGzfd5Z4ayBIoqqOu7T__j5ILjY1dcZSM7F3PfHl0-uNYCocbxjUz-div7lm-A6Bf3Y1yuTDV7MIt3k3NufvPlDoIuh__Ncc-0ilX2iI2N7_wphofBNcE7KXKgf=w224-h336-k-no""},{""title"":""Vibe"",""image"":""https://lh3.googleusercontent.com/gps-cs-s/AHRPTWlg7lAQdTY0Ogy9JiNbj9QgVZkCKVV7NJJfAx6QiNKoZ-yF0mqoajabAjttFdx7ZUzk0KIdWrM4CDXIDFx9jp-ePxGz00EjwULGhyGePdvvfg5Oy22deE164HlwjFtrCNI0R4mdybvbKCqq=w395-h298-k-no""},{""title"":""By owner"",""image"":""https://lh3.googleusercontent.com/gps-cs-s/AHRPTWmKAW1aftcCxxfx6PsYHPezLAXa5HDm7ptbCeYZ6ocAwZixz02s8nseRmUKqMfpMuHGul2c7hU0_ER3ODvuhnWs4mi4PS9B9D2cmkXvomTAJMl_5niAzM20sJB8bv6VddBMcF5i=w298-h298-k-no""},{""title"":""Street View \u0026 360°"",""image"":""https://streetviewpixels-pa.googleapis.com/v1/thumbnail?panoid=gqdpZn2wy0U5TDWT-3I25Q\u0026cb_client=maps_sv.tactile.gps\u0026w=224\u0026h=298\u0026yaw=87.05836\u0026pitch=0\u0026thumbfov=100""}]","{""link"":"""",""source"":""""}"
d548dfdb-0e4c-4979-84ca-e29627511098,https://www.google.com/maps/place/Saigon+Oi+988+Vietnamese+Coffee+%26+Brunch+Banjarmasin/data=!4m7!3m6!1s0x2de423f5cfad8df5:0xa3c8009ec6a6859f!8m2!3d-3.3268261!4d114.5968593!16s%2Fg%2F11ydk94k7g!19sChIJ9Y2tz_Uj5C0Rn4Wmxp4AyKM?authuser=0&hl=en&g_ep=EgoyMDI2MDkwMi4wIJJjKgBIAVAD&rclk=1,Saigon Oi 988 Vietnamese Coffee & Brunch Banjarmasin,Cafe,"Jl P. Antasari Komplek Mitra Plaza Lantai Dasar Paling Ujung dekat pintu, keluar parkiran mobil, Pekapuran Laut, Kec. Banjarmasin Tengah, Kota Banjarmasin, Kalimantan Selatan 70000","{""Friday"":[""8.00 am–10.00 pm""],""Monday"":[""8.00 am–10.00 pm""],""Saturday"":[""8.00 am–10.00 pm""],""Sunday"":[""8.00 am–10.00 pm""],""Thursday"":[""8.00 am–10.00 pm""],""Tuesday"":[""8.00 am–10.00 pm""],""Wednesday"":[""8.00 am–10.00 pm""]}","{""Friday"":{""10"":0,""11"":63,""12"":71,""13"":75,""14"":73,""15"":67,""16"":69,""17"":77,""18"":79,""19"":77,""20"":65,""21"":61,""22"":0,""23"":0,""6"":0,""7"":0,""8"":0,""9"":0},""Monday"":{""10"":0,""11"":63,""12"":73,""13"":77,""14"":71,""15"":73,""16"":83,""17"":93,""18"":97,""19"":100,""20"":75,""21"":63,""22"":0,""23"":0,""6"":0,""7"":0,""8"":0,""9"":0},""Saturday"":{""10"":0,""11"":97,""12"":97,""13"":77,""14"":65,""15"":65,""16"":75,""17"":81,""18"":89,""19"":93,""20"":91,""21"":87,""22"":0,""23"":0,""6"":0,""7"":0,""8"":0,""9"":0},""Sunday"":{""10"":0,""11"":57,""12"":61,""13"":73,""14"":63,""15"":65,""16"":61,""17"":65,""18"":77,""19"":91,""20"":91,""21"":75,""22"":0,""23"":0,""6"":0,""7"":0,""8"":0,""9"":0},""Thursday"":{""10"":0,""11"":87,""12"":85,""13"":97,""14"":91,""15"":75,""16"":57,""17"":55,""18"":59,""19"":55,""20"":38,""21"":40,""22"":0,""23"":0,""6"":0,""7"":0,""8"":0,""9"":0},""Tuesday"":{""10"":0,""11"":93,""12"":87,""13"":89,""14"":77,""15"":79,""16"":63,""17"":42,""18"":32,""19"":42,""20"":44,""21"":57,""22"":0,""23"":0,""6"":0,""7"":0,""8"":0,""9"":0},""Wednesday"":{""10"":0,""11"":85,""12"":83,""13"":87,""14"":79,""15"":79,""16"":73,""17"":77,""18"":85,""19"":79,""20"":75,""21"":69,""22"":0,""23"":0,""6"":0,""7"":0,""8"":0,""9"":0}}",170,4.9,"{""1"":0,""2"":2,""3"":3,""4"":10,""5"":155}",-3.326826,114.596859,11801683505462019487,0x2de423f5cfad8df5:0xa3c8009ec6a6859f,ChIJ9Y2tz_Uj5C0Rn4Wmxp4AyKM,"[{""title"":""All"",""image"":""https://lh3.googleusercontent.com/gps-cs-s/AHRPTWnJ1jKJ4izWdtXv4OhGZB81g1GRRvt3VGwrYepdPkCuQQepr3bY4xyHKm6VNZmX15flHcZ5Koj-dhWrp9W_ytrjIJLTyBJXwtr_rr2hz6IU4psAVye3zUcqE4OJ3jAm9Yg8N5cQlDCSmYc=w224-h398-k-no""},{""title"":""Latest"",""image"":""https://lh3.googleusercontent.com/gps-cs-s/AHRPTWmrwwI_NNEmwJS1oZU8gzHJfjBt3RuKR0s6z66zZAwPXTMFRqm5a1CV4QGIRKYLLzaBD_XVLTQ_fBGuBXKbLxGWcolviVZmG2Md_RcKaO9XOi3fG2zKW3w6qZcL5tYizf4jTpFnBE0fUApE=w224-h298-k-no""},{""title"":""Videos"",""image"":""https://lh3.googleusercontent.com/gps-cs-s/AHRPTWlNvfjKPk6r3xD3mCSIgwLbGhWZNm8-VZ-3dqb9820KeJ48v-4Tt_XEOqfnWtIhrSI582V8sl6QDir5LBYTamm8E_YboiLck0T0_yoTlsR1Ys5eZv2Y-_UOGXT6KP8SQQ3Gd3Sqi1YQQDw=w224-h398-k-no""},{""title"":""Menu"",""image"":""https://lh3.googleusercontent.com/gps-cs-s/AHRPTWnWKzvKhzcE-0KkxmkisaehV7n21b0wteOqWSHQSUjmHIR415FU-Du7m0REnuSvfoi-O75NrhNTui6dsLXn2jBLYM6OuMoZr3yyIx4uJderqckYgehOMCN3MOlJQu8lL-1GA3aYNRHjOeYP=w224-h317-k-no""},{""title"":""Food \u0026 drink"",""image"":""https://lh3.googleusercontent.com/gps-cs-s/AHRPTWlAZnerMTXSDf0bh51Nk_68XVo4HvTA8IeXKEowiRKgHOZ9V_HR3sJjcI24E0Mn2L8NveCJHewC_gZrfTjhAOSlAZQ8DpPJAg-IPmBnBKlpsM8HyUr1-WnRZEPlaQw1MEDVAmbyzuuAoI0c=w224-h497-k-no""},{""title"":""Vibe"",""image"":""https://lh3.googleusercontent.com/gps-cs-s/AHRPTWmJxp_jTujuXuST2huhydI49Q6yKRb3sodSN9Xj3MDPrFb9IuUYwcK4UevsukIAckl1fOPxlF1M7AbG37fCMBtasoIJeVx0loQFxfRapeKF86vqWBdjetuHf136pP7Yy2GMqluWU0csixWM=w224-h398-k-no""},{""title"":""Milk tea"",""image"":""https://lh3.googleusercontent.com/gps-cs-s/AHRPTWk4ZOTqpn6rx2UgqPyRS1hUdTKcKUZluFZe3JQ-RDy_KTLpMSSYyCKCW0olM5byg2rQeW4yhbWXeHVjx1g7g3BY8hynt8tD-1N6A-7KoFV8XbrIv-z2tgJBdhCi-DOTcFFuDoKB-iKfLJva=w238-h298-k-no""},{""title"":""Beef soup"",""image"":""https://lh3.googleusercontent.com/gps-cs-s/AHRPTWk18XrfD67zKZlrIQ3wKBZhNqScm43casthO7IdZ5MxNK6cXz44iY-RLoiXBxI79Vw1WUvj4sBe78Uy9tWO3x-SHOfBSVVz4CJCU1bA_sXDE0iFCZwbKL-zADBJo1NZ_zAgQmdWHawqUYdY=w224-h298-k-no""},{""title"":""By owner"",""image"":""https://lh3.googleusercontent.com/gps-cs-s/AHRPTWlwlm3k4tXUU50yNGsSEmJKQDKK_4Vix4OhQPMbu6f1QLWF2N2Gftiy2WYkd_Xvru4j9_dOABDufcKqWbyEQxbrZAznNbCuVkIPd4HANVlhqSANjs_0aVfy4CcK-oq_8fsiETfyxPBETU3r=w224-h298-k-no""},{""title"":""Street View \u0026 360°"",""image"":""https://streetviewpixels-pa.googleapis.com/v1/thumbnail?panoid=B5TQLeXe4Eb8TeId8PTr0A\u0026cb_client=maps_sv.tactile.gps\u0026w=224\u0026h=298\u0026yaw=318.82477\u0026pitch=0\u0026thumbfov=100""}]","{""link"":""/url?q=https://gofood.link/a/Qg8wXLm\u0026opi=79508299\u0026sa=U\u0026ved=0ahUKEwiS553ax9yWAxWRS2cHHR72CY4QqRkIJSgU\u0026usg=AOvVaw2uF3W9GN7fsNt6LHG-CRiL"",""source"":""gofood.link""}"
d548dfdb-0e4c-4979-84ca-e29627511098,https://www.google.com/maps/place/Sunny+Coffee+%26+Croissant+Banjarmasin/data=!4m7!3m6!1s0x2de4270d02245fa5:0x12af54f06a9d0fbd!8m2!3d-3.3518648!4d114.6236608!16s%2Fg%2F11kr99z6mm!19sChIJpV8kAg0n5C0RvQ-davBUrxI?authuser=0&hl=en&g_ep=EgoyMDI2MDkwMi4wIJJjKgBIAVAD&rclk=1,Sunny Coffee & Croissant Banjarmasin,Coffee shop,"Jl. Beruntung Jaya No.23, Pemurus Dalam, Banjarmasin Selatan, Banjarmasin City, South Kalimantan 70248","{""Friday"":[""8.00 am–10.00 pm""],""Monday"":[""8.00 am–10.00 pm""],""Saturday"":[""8.00 am–10.30 pm""],""Sunday"":[""8.00 am–10.00 pm""],""Thursday"":[""8.00 am–10.00 pm""],""Tuesday"":[""8.00 am–10.00 pm""],""Wednesday"":[""8.00 am–10.00 pm""]}","{""Friday"":{""10"":14,""11"":14,""12"":18,""13"":23,""14"":26,""15"":28,""16"":33,""17"":37,""18"":33,""19"":39,""20"":49,""21"":56,""22"":0,""23"":0,""6"":0,""7"":0,""8"":13,""9"":14},""Monday"":{""10"":13,""11"":17,""12"":15,""13"":15,""14"":14,""15"":20,""16"":26,""17"":33,""18"":43,""19"":55,""20"":65,""21"":63,""22"":0,""23"":0,""6"":0,""7"":0,""8"":7,""9"":8},""Saturday"":{""10"":21,""11"":18,""12"":24,""13"":26,""14"":33,""15"":28,""16"":30,""17"":33,""18"":43,""19"":65,""20"":92,""21"":100,""22"":79,""23"":0,""6"":0,""7"":0,""8"":20,""9"":24},""Sunday"":{""10"":21,""11"":27,""12"":28,""13"":28,""14"":28,""15"":26,""16"":30,""17"":36,""18"":47,""19"":53,""20"":60,""21"":55,""22"":0,""23"":0,""6"":0,""7"":0,""8"":8,""9"":13},""Thursday"":{""10"":11,""11"":11,""12"":15,""13"":15,""14"":24,""15"":27,""16"":36,""17"":44,""18"":50,""19"":55,""20"":49,""21"":42,""22"":0,""23"":0,""6"":0,""7"":0,""8"":13,""9"":11},""Tuesday"":{""10"":5,""11"":8,""12"":13,""13"":24,""14"":27,""15"":24,""16"":26,""17"":21,""18"":23,""19"":34,""20"":43,""21"":43,""22"":0,""23"":0,""6"":0,""7"":0,""8"":8,""9"":7},""Wednesday"":{""10"":18,""11"":20,""12"":18,""13"":23,""14"":23,""15"":27,""16"":24,""17"":37,""18"":43,""19"":65,""20"":60,""21"":52,""22"":0,""23"":0,""6"":0,""7"":0,""8"":21,""9"":18}}",183,4.9,"{""1"":1,""2"":0,""3"":3,""4"":3,""5"":176}",-3.351865,114.623661,1346388205164629949,0x2de4270d02245fa5:0x12af54f06a9d0fbd,ChIJpV8kAg0n5C0RvQ-davBUrxI,"[{""title"":""All"",""image"":""https://lh3.googleusercontent.com/gps-cs-s/AHRPTWlEu8UJRBGbfSINNYuuj6sWZXBXoZcs3XGLhPfZ-RSaRpkaMEV8V712wrL-dmfh2cH8ktNcFvuUjxjVPC_ivO93-_vXUZygiW8kA4wQio4NTkJUEA_DZLRHxbRVV3xLG52NF1YQSLSpxAk=w224-h298-k-no""},{""title"":""Latest"",""image"":""https://lh3.googleusercontent.com/gps-cs-s/AHRPTWkGEKe_D7gBxBeZyS94_La7YXF1-zAU_2_OiSwfskP1C2o3tYH7KqDZZbR5d51ufANRZyBUXjMcU1lSopax2XQmX5il5agNeUbEpGCFCAaBYyPeXxi8hcqP1kPn33LYgCIgtRJffY6i3-x8=w224-h398-k-no""},{""title"":""Videos"",""image"":""https://lh3.googleusercontent.com/gps-cs-s/AHRPTWkqgAVz5feanLYH9yOjpjczNYuY4LXsPWSFFNb6QyY1sUN6meUoq8CCnM6hGh-DvJjOOwZzKksM7_nB2Xmcc-cKgIIwH3ioP1s9aUX_SA63ImHozl8sIAvrTsu1Zp7355UdJq8h0w=w224-h398-k-no""},{""title"":""Menu"",""image"":""https://lh3.googleusercontent.com/gps-cs-s/AHRPTWnRGlkP_IbaZtsoMRSogyb-YUHQ8pAdk7qB0Us_jEEhMZcMBgTDyJOzdS0RahkBirVju8RKvkBaxDOFV7o2uRXQi-0u0WPZ879_34qXvoOrKABEtOvRvU-aUkgCn5YPCGG1P7kb69T2KG2i=w224-h349-k-no""},{""title"":""Food \u0026 drink"",""image"":""https://lh3.googleusercontent.com/gps-cs-s/AHRPTWmWUsHefjApZSPjgJYS-CucOs-1qjzA6SY3fZWWfNLo87gZHSQKRn7ELKK1n7YIVbz6Yy1EILDWT3YFAAJjJU6cOqH3z2IG44LtR5DUZ6zadT2MbIwtoWF-9rTI4b00O5oCDG8La2KhjtIQ=w397-h298-k-no""},{""title"":""Vibe"",""image"":""https://lh3.googleusercontent.com/gps-cs-s/AHRPTWno-9nYT8r3G88aY-TTCQI4koKmxtJEuGv0PFw8KtUtgKuxnkCrbVQBOYu7b0H-fFmeqqeTQgInBSjpDIeElx1yLoqIyd9b3BiAFMdD3npiu5-KmrY8twoDHV0vvhh5bi4QBpN9_SOyshzQ=w224-h298-k-no""},{""title"":""Coffee"",""image"":""https://lh3.googleusercontent.com/gps-cs-s/AHRPTWlmKIkDc84jhMl1iCmtNWQXlnpIz4J7xei07EQe0ntzffrcEA2FhBoI-3Z_6wdPbx5GeazQ9FIoLoMTjlbLJCiU0HQfEzGt_d7R9GcosWmQ5SzjTTZ_hNi1d65bhZq2Bdg8ytAA7dYDmT4Q=w397-h298-k-no""},{""title"":""Croissant"",""image"":""https://lh3.googleusercontent.com/gps-cs-s/AHRPTWkwutblNTqkzvS8yx0srhGaoP5gWeWSYyJM7O-YCboRFl4b2fSsofRRWEO6hr4dFTHTNl6XkZOzCntuL1khd9pmg1ixdlcvMhDcKqVMRXtkOFaOGNSt-ZKdXp_Xit0c0F1uFgTeMuRNn9rn=w529-h298-k-no""},{""title"":""Street View \u0026 360°"",""image"":""https://streetviewpixels-pa.googleapis.com/v1/thumbnail?panoid=J0BxptBA42Cp1L3VOiaRwQ\u0026cb_client=maps_sv.tactile.gps\u0026w=224\u0026h=298\u0026yaw=349.65268\u0026pitch=0\u0026thumbfov=100""}]","{""link"":"""",""source"":""""}"
d548dfdb-0e4c-4979-84ca-e29627511098,https://www.google.com/maps/place/KOHY+COFFEE/data=!4m7!3m6!1s0x2de423be8f0a13ef:0x67528ef86c067546!8m2!3d-3.312714!4d114.5888869!16s%2Fg%2F11kkyxsdt0!19sChIJ7xMKj74j5C0RRnUGbPiOUmc?authuser=0&hl=en&g_ep=EgoyMDI2MDkwMi4wIJJjKgBIAVAD&rclk=1,KOHY COFFEE,Coffee shop,"Jl. Anambas No.20, Antasan Besar, Kec. Banjarmasin Tengah, Kota Banjarmasin, Kalimantan Selatan 70114","{""Friday"":[""8.00 am–12.00 am""],""Monday"":[""8.00 am–11.00 pm""],""Saturday"":[""8.00 am–12.00 am""],""Sunday"":[""8.00 am–11.00 pm""],""Thursday"":[""8.00 am–11.00 pm""],""Tuesday"":[""8.00 am–11.00 pm""],""Wednesday"":[""8.00 am–11.00 pm""]}","{""Friday"":{""10"":10,""11"":12,""12"":15,""13"":20,""14"":26,""15"":34,""16"":36,""17"":39,""18"":43,""19"":48,""20"":56,""21"":65,""22"":64,""23"":54,""6"":0,""7"":0,""8"":18,""9"":15},""Monday"":{""10"":9,""11"":8,""12"":11,""13"":16,""14"":25,""15"":23,""16"":26,""17"":28,""18"":35,""19"":35,""20"":43,""21"":43,""22"":44,""23"":0,""6"":0,""7"":0,""8"":16,""9"":13},""Saturday"":{""10"":14,""11"":16,""12"":16,""13"":18,""14"":20,""15"":26,""16"":26,""17"":30,""18"":39,""19"":54,""20"":76,""21"":92,""22"":100,""23"":86,""6"":0,""7"":0,""8"":8,""9"":12},""Sunday"":{""10"":13,""11"":13,""12"":13,""13"":10,""14"":16,""15"":21,""16"":28,""17"":30,""18"":38,""19"":43,""20"":55,""21"":60,""22"":53,""23"":0,""6"":0,""7"":0,""8"":7,""9"":9},""Thursday"":{""10"":12,""11"":11,""12"":13,""13"":15,""14"":17,""15"":18,""16"":19,""17"":25,""18"":33,""19"":41,""20"":47,""21"":46,""22"":42,""23"":0,""6"":0,""7"":0,""8"":11,""9"":12},""Tuesday"":{""10"":12,""11"":12,""12"":11,""13"":15,""14"":19,""15"":25,""16"":28,""17"":30,""18"":35,""19"":40,""20"":40,""21"":38,""22"":34,""23"":0,""6"":0,""7"":0,""8"":13,""9"":17},""Wednesday"":{""10"":8,""11"":10,""12"":13,""13"":15,""14"":18,""15"":18,""16"":21,""17"":25,""18"":30,""19"":35,""20"":39,""21"":49,""22"":52,""23"":0,""6"":0,""7"":0,""8"":8,""9"":8}}",146,5.0,"{""1"":0,""2"":0,""3"":0,""4"":7,""5"":139}",-3.312714,114.588887,7445170331612247366,0x2de423be8f0a13ef:0x67528ef86c067546,ChIJ7xMKj74j5C0RRnUGbPiOUmc,"[{""title"":""All"",""image"":""https://lh3.googleusercontent.com/gps-cs-s/AHRPTWkT57wSEqk3Fuzhea_qiJQV8yqF18XVhkWoC0Zo-rYkVonREDC9JrnSwzCByo3atdDuypitwewIneH6QPW7Xbh961e55t4VWoOfk2ljpUR0mfODjuUBU8haagUR65PmRDJgCm-M31WONW5k=w224-h298-k-no""},{""title"":""Menu"",""image"":""https://lh3.googleusercontent.com/gps-cs-s/AHRPTWnP7_EHz2CobPw6Umf9N8IVbwgomJwu83yvFmW9EILY-r2zAqFTJK3ErfxXFkPKmXbd0rAHCDvqWmX65tzm-ePKrtNaXqeX-D-RvN_LHjI1nFvPzoakPk5JxjV8dcmRVxKSA_kT=w224-h298-k-no""},{""title"":""Videos"",""image"":""https://lh3.googleusercontent.com/gps-cs-s/AHRPTWksjAmx6QjVFJDe0UQr41gMi8SjcsvQ-iXAO07LPKfvnqOLP4Kyktl1cNNh9IrsbNe2pD2NWVMEsFrOPg8E5DgF3dLFJ0HW-nhrp1JxNHnXF30mMbdpfuO0Sbjo_a_cEuNnQ9tt=w224-h398-k-no""},{""title"":""Food \u0026 drink"",""image"":""https://lh3.googleusercontent.com/gps-cs-s/AHRPTWlYtpcsRiQ5k2cYrsogV9D76VDHEMRTG-cX4B2n4BDi5ePFHMd1pFicaRcxtGY2boCCjFpYw0oLJtqs0GSJ9dZeLX0UsgzkZFy2eyv2SGd9bExsB8BHJBNq1oPMFzT80PYw4OTbAPKZbEGE=w224-h298-k-no""},{""title"":""Vibe"",""image"":""https://lh3.googleusercontent.com/gps-cs-s/AHRPTWnqRov_M8Kx6CORVRQ4h5_jyf-9V4Lv-J11aTP3RwLd3b7mAkf41Z2mZW0XlufddYIkn2_RH0eo90ikS-T_v5pfIkaH6hBoGvY-514qQr4CqW7jx0hcE1HtB_Q-c2p37H90cMi0bA=w224-h298-k-no""},{""title"":""Iced coffee"",""image"":""https://lh3.googleusercontent.com/gps-cs-s/AHRPTWmEtF115nBNFKbAY5n-xrYo81qRpvcocwZT_JIXhVU9Wi84vXM-GubfYjVq8RZk50Daz8mhgKp45rmL7oLR1VNjdlxwCYJYg0wqryz2zt1KLseqXMUupaA5nmdX9JsxtVeZnkeHHCJ-oIPg=w224-h298-k-no""},{""title"":""Street View \u0026 360°"",""image"":""https://streetviewpixels-pa.googleapis.com/v1/thumbnail?panoid=lOLBvLm9go-809nUsnmy8A\u0026cb_client=maps_sv.tactile.gps\u0026w=224\u0026h=298\u0026yaw=347.18707\u0026pitch=0\u0026thumbfov=100""}]","{""link"":"""",""source"":""""}"
d548dfdb-0e4c-4979-84ca-e29627511098,https://www.google.com/maps/place/TENGAH+HARI+COFFEE+%26+WHATEVER/data=!4m7!3m6!1s0x2de42355858d2465:0x5dd28ce899be88f8!8m2!3d-3.2923026!4d114.5889394!16s%2Fg%2F11rss11328!19sChIJZSSNhVUj5C0R-Ii-meiM0l0?authuser=0&hl=en&g_ep=EgoyMDI2MDkwMi4wIJJjKgBIAVAD&rclk=1,TENGAH HARI COFFEE & WHATEVER,Coffee shop,"Jl. Kayu Tangi 2 Jalur 1 No.23, Pangeran, Kec. Banjarmasin Utara, Kota Banjarmasin, Kalimantan Selatan 70124","{""Friday"":[""8.00 am–12.00 am""],""Monday"":[""8.00 am–12.00 am""],""Saturday"":[""8.00 am–12.00 am""],""Sunday"":[""8.00 am–12.00 am""],""Thursday"":[""8.00 am–12.00 am""],""Tuesday"":[""8.00 am–12.00 am""],""Wednesday"":[""8.00 am–12.00 am""]}","{""Friday"":{""10"":10,""11"":14,""12"":17,""13"":19,""14"":20,""15"":23,""16"":27,""17"":35,""18"":45,""19"":60,""20"":75,""21"":81,""22"":74,""23"":54,""6"":0,""7"":0,""8"":4,""9"":6},""Monday"":{""10"":12,""11"":13,""12"":17,""13"":18,""14"":19,""15"":19,""16"":23,""17"":29,""18"":39,""19"":49,""20"":61,""21"":67,""22"":64,""23"":50,""6"":0,""7"":0,""8"":6,""9"":8},""Saturday"":{""10"":10,""11"":10,""12"":11,""13"":12,""14"":15,""15"":18,""16"":25,""17"":32,""18"":44,""19"":63,""20"":87,""21"":100,""22"":92,""23"":72,""6"":0,""7"":0,""8"":5,""9"":8},""Sunday"":{""10"":13,""11"":15,""12"":17,""13"":20,""14"":22,""15"":24,""16"":27,""17"":33,""18"":44,""19"":56,""20"":67,""21"":71,""22"":65,""23"":48,""6"":0,""7"":0,""8"":8,""9"":11},""Thursday"":{""10"":9,""11"":13,""12"":17,""13"":20,""14"":21,""15"":22,""16"":24,""17"":26,""18"":30,""19"":38,""20"":45,""21"":50,""22"":45,""23"":36,""6"":0,""7"":0,""8"":5,""9"":6},""Tuesday"":{""10"":9,""11"":15,""12"":20,""13"":24,""14"":24,""15"":25,""16"":28,""17"":34,""18"":38,""19"":47,""20"":54,""21"":59,""22"":55,""23"":40,""6"":0,""7"":0,""8"":4,""9"":5},""Wednesday"":{""10"":8,""11"":13,""12"":17,""13"":21,""14"":24,""15"":27,""16"":31,""17"":34,""18"":38,""19"":49,""20"":64,""21"":72,""22"":67,""23"":49,""6"":0,""7"":0,""8"":3,""9"":5}}",255,4.6,"{""1"":10,""2"":3,""3"":8,""4"":35,""5"":199}",-3.292303,114.588939,6760620921276238072,0x2de42355858d2465:0x5dd28ce899be88f8,ChIJZSSNhVUj5C0R-Ii-meiM0l0,"[{""title"":""All"",""image"":""https://lh3.googleusercontent.com/gps-cs-s/AHRPTWlaSr2AAh5rb26LE_60KFdCDBhXu5U4NaUNXzMWSQBjzezZY_71yJTuTac0oi4wRcvxvtM4aIQz2t7JyPvWQmTg83NhXaXSYfhrrvw1804r12zsuanpX2MUf7wEMeeUQH35ow_5=w224-h335-k-no""},{""title"":""Menu"",""image"":""https://lh3.googleusercontent.com/gps-cs-s/AHRPTWkHWLAIsm9lXtXx_Sqj9FVRWdwqFShDfQKtMF2q9VtJMiThQX-VtCnYb9n-zlamgBA-pz_6kBvTvFtTM-VTw21XP1WqMWLxro0IVkHoOb4-JxHXtrmKW3ekdUFT3i5wuZSCCiKa=w224-h298-k-no""},{""title"":""Videos"",""image"":""https://lh3.googleusercontent.com/gps-cs-s/AHRPTWlBdAFasiZpSjT4howA4BR8bRi33kFKmvvTmqGe4jepc9EiNtnd2BOfPMySImtYCAzef35BobwOhPLWonSbzmkyxc6ScFHksfEtfMLKj37Oq3K3cOx5hxaoseJ38UqZMBhQ8dgvgQ=w224-h398-k-no""},{""title"":""Food \u0026 drink"",""image"":""https://lh3.googleusercontent.com/gps-cs-s/AHRPTWmfT3LkaxRXVEF12mDmienu3gIrZPmS8yHbxONPbK3Nv7565g_wpHLcXVkI9qqiyeFi8fbtAJ1muW1KZYndTVzoVxMaiHB2K9jAPsCZ4kxItD_M9qLIXI6DQp_8G7jySBtO-wdz=w224-h336-k-no""},{""title"":""Vibe"",""image"":""https://lh3.googleusercontent.com/gps-cs-s/AHRPTWm4cqSN56R0xQ610hoY5pxFw9ErfJdq2nH2tLkyUd8Dbjd9LDs6Ao7BI0u-iOxayb-3qHLJC-g4CZJUKp8mSAk9bwPhWi5l4PW21e335um58imRGKyh6dhEvXvsv45ahcjpAXJZciKY6a-g=w529-h298-k-no""},{""title"":""Iced coffee"",""image"":""https://lh3.googleusercontent.com/gps-cs-s/AHRPTWkXjcBKTU0kKFKq-_OyYRBfUQV6wlYX2NE2aCgpzl2Fp8MIFErSyis0YxRSNlLFDXsoD6jJE7gPRYERqhmCcab5LHT47-CmNChffuYQLsZ--dVzWYXOD3IrrRCF-AqUGROPhOi9=w224-h398-k-no""},{""title"":""Coffee"",""image"":""https://lh3.googleusercontent.com/gps-cs-s/AHRPTWmiqy9y_TQENm4s-Z36bBGXugmdra-RQ1oAqhxvNZAWc_UMrdDR0ojsfcKORrTP9s8j16Zr1WMgPcB9wKWXGxRywyvTGH7xewkr3xxn7emsRhKdsJlg_1Yw75M7opd57d92ceX7=w224-h298-k-no""},{""title"":""French fries"",""image"":""https://lh3.googleusercontent.com/gps-cs-s/AHRPTWkoeTpviaJR8O8eSvVOd6GL6yBa7Kt7cU28lBVydnRGJbgFDimLCoQxDQQlYRXKGPWUaDRqtzH31Z3bCcVNbj5XAhaZIyLCt6Ns2Npu1LQuA7lFiL4Smi4-ihbicmpI4RKA_g6o=w224-h298-k-no""},{""title"":""Latte"",""image"":""https://lh3.googleusercontent.com/gps-cs-s/AHRPTWlrRamkIRfIzuYGI4Udfuh62H-BkXD_gIVGOOw_qObodVT21Aczf0Sis4PLev4mgDzUgLxa2x908PyhgDTzYm1ytRxyNORlmxB-pJ3AG-hFsCoLHlLFL5-ulB496liXK5sg7wkN3Q75FQw=w224-h298-k-no""},{""title"":""By owner"",""image"":""https://lh3.googleusercontent.com/gps-cs-s/AHRPTWmQLHqiyXBp8YoTi2zW3GiYJKq2IUo3ttjZVih24U323XreYGRAlgCLRBGu6TSgCTB0zdG9NKZtwtVl0iuD9hdrRpvxicJRA1IJXe0ELFg924TExIifL5wGeTBaLZBpATuDE8o=w224-h398-k-no""},{""title"":""Street View \u0026 360°"",""image"":""https://streetviewpixels-pa.googleapis.com/v1/thumbnail?panoid=3iNRXNycYBvhKrC_XijozQ\u0026cb_client=maps_sv.tactile.gps\u0026w=224\u0026h=298\u0026yaw=91.07106\u0026pitch=0\u0026thumbfov=100""}]","{""link"":"""",""source"":""""}"
d548dfdb-0e4c-4979-84ca-e29627511098,https://www.google.com/maps/place/District+U1+Coffee+%26+Eatery/data=!4m7!3m6!1s0x2de423849813e7ef:0x254feb4dfe5781da!8m2!3d-3.3268584!4d114.5821715!16s%2Fg%2F11j_26g6s5!19sChIJ7-cTmIQj5C0R2oFX_k3rTyU?authuser=0&hl=en&g_ep=EgoyMDI2MDkwMi4wIJJjKgBIAVAD&rclk=1,District U1 Coffee & Eatery,Restaurant,"Jl. Dahlia, Telawang, Banjarmasin Tengah, Banjarmasin City, South Kalimantan 70114","{""Friday"":[""10.00 am–10.00 pm""],""Monday"":[""10.00 am–10.00 pm""],""Saturday"":[""10.00 am–10.00 pm""],""Sunday"":[""10.00 am–10.00 pm""],""Thursday"":[""10.00 am–10.00 pm""],""Tuesday"":[""10.00 am–10.00 pm""],""Wednesday"":[""10.00 am–10.00 pm""]}","{""Friday"":{""10"":13,""11"":15,""12"":15,""13"":16,""14"":18,""15"":21,""16"":28,""17"":38,""18"":52,""19"":67,""20"":68,""21"":56,""22"":0,""23"":0,""6"":0,""7"":0,""8"":0,""9"":0},""Monday"":{""10"":13,""11"":17,""12"":21,""13"":22,""14"":19,""15"":23,""16"":29,""17"":37,""18"":46,""19"":48,""20"":43,""21"":36,""22"":0,""23"":0,""6"":0,""7"":0,""8"":0,""9"":0},""Saturday"":{""10"":19,""11"":25,""12"":30,""13"":34,""14"":34,""15"":34,""16"":41,""17"":56,""18"":83,""19"":97,""20"":100,""21"":76,""22"":0,""23"":0,""6"":0,""7"":0,""8"":0,""9"":0},""Sunday"":{""10"":20,""11"":25,""12"":29,""13"":29,""14"":29,""15"":30,""16"":37,""17"":53,""18"":73,""19"":82,""20"":78,""21"":60,""22"":0,""23"":0,""6"":0,""7"":0,""8"":0,""9"":0},""Thursday"":{""10"":14,""11"":19,""12"":23,""13"":23,""14"":25,""15"":28,""16"":35,""17"":49,""18"":60,""19"":58,""20"":45,""21"":30,""22"":0,""23"":0,""6"":0,""7"":0,""8"":0,""9"":0},""Tuesday"":{""10"":20,""11"":20,""12"":19,""13"":20,""14"":20,""15"":21,""16"":30,""17"":43,""18"":60,""19"":66,""20"":59,""21"":41,""22"":0,""23"":0,""6"":0,""7"":0,""8"":0,""9"":0},""Wednesday"":{""10"":8,""11"":12,""12"":17,""13"":21,""14"":21,""15"":26,""16"":38,""17"":57,""18"":76,""19"":78,""20"":66,""21"":42,""22"":0,""23"":0,""6"":0,""7"":0,""8"":0,""9"":0}}",294,4.6,"{""1"":9,""2"":5,""3"":9,""4"":43,""5"":228}",-3.326858,114.582172,2688626222775632346,0x2de423849813e7ef:0x254feb4dfe5781da,ChIJ7-cTmIQj5C0R2oFX_k3rTyU,"[{""title"":""All"",""image"":""https://lh3.googleusercontent.com/gps-cs-s/AHRPTWkfJVNsWcOFwVTobv2xs_IeaSH0pNgqH0JiXMBiR6mMcg0j6REGcnDAx5ukpAnv-Q4LY3S1LyZElBbILsCN0xMUGs2CRPN1ln7nM_TRFh7VuTxEha-TaqwNhpNkfxRoyn6aUlpt=w613-h298-k-no""},{""title"":""Latest"",""image"":""https://lh3.googleusercontent.com/gps-cs-s/AHRPTWkAE2cUkagc37v7kBW0O4Yyi2SqIXhDPPTanrQScNovxKnMa-iAEqfWGh6wZymi10rXfYdVW7nr9_yLPXi7kihy_wWjFCagkRL42kAMv-k5ep45WvddwWpFngOB4lssOis-nU3VnEwDosY=w224-h298-k-no""},{""title"":""Videos"",""image"":""https://lh3.googleusercontent.com/gps-cs-s/AHRPTWlAO3vCJcUxWu1CT_h-ooURC8bm5EDlcaAqCaLV0uM2BFL8VXNW-d6jrdU5StWsJHIQe_xtVHY362etTKUxmWUwGtNNc--OhPQuBElj2y8PgmlTtDZI315_34xYJa8PVfVoFXfH2A=w529-h298-k-no""},{""title"":""Menu"",""image"":""https://lh3.googleusercontent.com/gps-cs-s/AHRPTWlqj1jsX750nkhWuZwUyKsml_RAZ8wKyGxgE2FUciLKPKLn3in5ZJzfJQJAW1HmuPp0xu58ApvlKqv0wZd4J_N8VlWxfchxFQsna419ffeOxS6QD2QXmibOyuoy4Oycdfy-1WAs=w224-h298-k-no""},{""title"":""Food \u0026 drink"",""image"":""https://lh3.googleusercontent.com/gps-cs-s/AHRPTWluWEEvU4E_KEIPJkJpAf2enxDv0s91k0OqK-mtqRpNBtbmE3p9eoTHQHsrlnbUtKS_-CraG225JMKfNzxE69Jmo9QKgMu1iCMenw2wyydpiuTF1mFMmTMx9UyM_I9rSswh1QD_u0bsTPLK=w224-h398-k-no""},{""title"":""Vibe"",""image"":""https://lh3.googleusercontent.com/gps-cs-s/AHRPTWmckK8PdxPGF5_8HiBCMWllk4OPO7lIMxyotOSbs7WbLbs2Sj7IfMgjwBhFTC4_HWbmZp6ZkgYafCAX-hOV_1cc2jLIC-0FSBWu8ejnC67hluLA-lXLD6B4w7W91lXkV4MdK1bp=w224-h407-k-no""},{""title"":""Street View \u0026 360°"",""image"":""https://streetviewpixels-pa.googleapis.com/v1/thumbnail?panoid=H9CBMLkHrwtEv7XQBv0d1w\u0026cb_client=maps_sv.tactile.gps\u0026w=224\u0026h=298\u0026yaw=206.65776\u0026pitch=0\u0026thumbfov=100""}]","{""link"":"""",""source"":""""}"
d548dfdb-0e4c-4979-84ca-e29627511098,https://www.google.com/maps/place/Intro+Bistro+%26+Cafe/data=!4m7!3m6!1s0x2de426c978f297ff:0x4336dc6d02611487!8m2!3d-3.3507718!4d114.6257539!16s%2Fg%2F11bwqpt62y!19sChIJ_5fyeMkm5C0RhxRhAm3cNkM?authuser=0&hl=en&g_ep=EgoyMDI2MDkwMi4wIJJjKgBIAVAD&rclk=1,Intro Bistro & Cafe,Restaurant,"Jl. Ahmad Yani Km. 6,2, Pemurus Dalam, Kec. Banjarmasin Sel., Kota Banjarmasin, Kalimantan Selatan 70248","{""Friday"":[""7.00 am–12.00 am""],""Monday"":[""7.00 am–11.00 pm""],""Saturday"":[""7.00 am–12.00 am""],""Sunday"":[""7.00 am–12.00 am""],""Thursday"":[""7.00 am–11.00 pm""],""Tuesday"":[""7.00 am–11.00 pm""],""Wednesday"":[""7.00 am–11.00 pm""]}","{""Friday"":{""10"":21,""11"":19,""12"":20,""13"":21,""14"":26,""15"":32,""16"":47,""17"":69,""18"":87,""19"":84,""20"":65,""21"":48,""22"":36,""23"":28,""6"":0,""7"":16,""8"":18,""9"":17},""Monday"":{""10"":18,""11"":24,""12"":28,""13"":24,""14"":20,""15"":22,""16"":33,""17"":57,""18"":82,""19"":87,""20"":76,""21"":54,""22"":32,""23"":0,""6"":0,""7"":11,""8"":12,""9"":15},""Saturday"":{""10"":27,""11"":25,""12"":25,""13"":25,""14"":28,""15"":27,""16"":41,""17"":65,""18"":92,""19"":100,""20"":88,""21"":73,""22"":56,""23"":43,""6"":0,""7"":27,""8"":30,""9"":32},""Sunday"":{""10"":23,""11"":24,""12"":26,""13"":25,""14"":26,""15"":26,""16"":38,""17"":61,""18"":79,""19"":77,""20"":60,""21"":44,""22"":31,""23"":21,""6"":0,""7"":15,""8"":21,""9"":23},""Thursday"":{""10"":21,""11"":17,""12"":21,""13"":26,""14"":29,""15"":35,""16"":42,""17"":56,""18"":66,""19"":65,""20"":52,""21"":38,""22"":27,""23"":0,""6"":0,""7"":21,""8"":29,""9"":28},""Tuesday"":{""10"":29,""11"":25,""12"":22,""13"":18,""14"":17,""15"":20,""16"":31,""17"":51,""18"":73,""19"":70,""20"":56,""21"":35,""22"":25,""23"":0,""6"":0,""7"":15,""8"":24,""9"":28},""Wednesday"":{""10"":22,""11"":21,""12"":18,""13"":18,""14"":16,""15"":16,""16"":23,""17"":40,""18"":58,""19"":63,""20"":58,""21"":47,""22"":33,""23"":0,""6"":0,""7"":15,""8"":18,""9"":23}}",433,4.4,"{""1"":19,""2"":9,""3"":27,""4"":99,""5"":279}",-3.350772,114.625754,4843300810033009799,0x2de426c978f297ff:0x4336dc6d02611487,ChIJ_5fyeMkm5C0RhxRhAm3cNkM,"[{""title"":""All"",""image"":""https://lh3.googleusercontent.com/gps-cs-s/AHRPTWlL--73oNR_VkKrvRKnibQlAwl0dMqaoJXVjqIqsjpCSq-gZhkhbDvs4UsezjALmG78Yw-EeCp-4ciw-seDEFdTpLqkb4cVLADYeIVUs3UMGYW30lPqeo6FTHFEp_FyT850CmFC=w397-h298-k-no""},{""title"":""Latest"",""image"":""https://lh3.googleusercontent.com/gps-cs-s/AHRPTWlKtwjOUVkXW41YBBAUHfQ4dVHpdb1VELK8RbV5v96ZSLIHS0ewMfsst5DGAZkxE8EqyGG2gNVLaIBf49-ZvUE2S6flAWMTXU2-UfKL4N5aYoMqnifYUOboBZekZ4PgpIavSNUbpyoU4is=w285-h298-k-no""},{""title"":""Videos"",""image"":""https://lh3.googleusercontent.com/gps-cs-s/AHRPTWnPTIs79uYpy48pQWSxBh61Y5kkGu6buzTsdbRmlghdJDk7DRdNN7LC3SPw1pjz2GTGErZXgkYG7h8GAjUlgC_J9OPzOfO262YzJtaTgM9OWSd_YxLfWfqnCj2wBZmzP_tn420=w529-h298-k-no""},{""title"":""Menu"",""image"":""https://lh3.googleusercontent.com/gps-cs-s/AHRPTWmVL6C9ZrmMB5OsKRnZ_19sxwpCnbcHj4QuOjkQHkFSEiSZiphqJGlYqiqcwAvml0uIFHhfLCZPH44M1oIbvxdWviVvjypfXq2Q8q16AvHU0bgvc2X5eqAXEwvM5gYXQveZ_FJn-_luwNfa=w224-h314-k-no""},{""title"":""Food \u0026 drink"",""image"":""https://lh3.googleusercontent.com/gps-cs-s/AHRPTWn5mAEtVhjnIw1TLGSkJE8eFGlY-Oa-_RyC-w1dsLKFKFp9ZpZVZYfYUrvbVdWtpWpYoEEcjJ8z4KLuuWGORETib4I5sH7ekO8RFsYcpod793iqF9xong-8qKhhJWvWniZe0MQghA=w298-h298-k-no""},{""title"":""Vibe"",""image"":""https://lh3.googleusercontent.com/gps-cs-s/AHRPTWnIGEav7oiXTKZH3jI5n1KDkD_ly_P58XnacmYzBUJ4u0aT1uretl2kOS4qRKGxMfqUSQcf4eOLGubfFIsmogQMzSwVLvPjFO-Xd7uKWBKD1fEXFsWgHWcHkoV_XWeZWqxMNcFKTvpJn_Ad=w395-h298-k-no""},{""title"":""Cortado"",""image"":""https://lh3.googleusercontent.com/gps-cs-s/AHRPTWly-yyFoVsoRApOfLOEWa5qIUKnc-6nTyRJ9s0r4nCzU2hvc0a4VmJycuGQmHmoSI2UMt0cYGX16eh3LXeu8ENsmDBf1y4bDLU_xJEuwwut34nAbL3YR-Y55m9ADSA4BuZczZWZ=w224-h298-k-no""},{""title"":""Coffee"",""image"":""https://lh3.googleusercontent.com/gps-cs-s/AHRPTWnKZnoqZHK33r08ZeFbVy4OmIiWQji88hOKSP_tL94nUWXc0C9C-G5i7CBhZ7HSqyeEN01DDNUWNDE34blzJDx9QW5p2OyUpmJo4j5CYnfg120elDMdn_WrQOsIuoxh-MizAjzdhw=w476-h298-k-no""},{""title"":""Sirloin steak"",""image"":""https://lh3.googleusercontent.com/gps-cs-s/AHRPTWnq3PzChd9axI5EjGUieo1z_h-8OSVtR2BfrXiyKhd4MLTo8V_iCjbVNp3xSUi_ObbPxx9wF2aZ8avnRhCL1o8GAyLvw-QAN7sigqihd9naQOq6ziGB0CZZzfd_BrExB7eAT8XPJJanirM=w224-h298-k-no""},{""title"":""By owner"",""image"":""https://lh3.googleusercontent.com/gps-cs-s/AHRPTWknm1vpuluNUe04vPLc6joajiBWCyrha2yUkzjtMiMJZvOR3CWpOTLrmwJ9rdSfJAVQph8rkS5x5Hk__KMyL--moiG9LDWpZigyAJFSD3FW75Alx967e42hi_Tarhb7-h-X9hg=w447-h298-k-no""},{""title"":""Street View \u0026 360°"",""image"":""https://streetviewpixels-pa.googleapis.com/v1/thumbnail?panoid=ORsF0WLJwwMfhbTC9S-zsA\u0026cb_client=maps_sv.tactile.gps\u0026w=224\u0026h=298\u0026yaw=195.96016\u0026pitch=0\u0026thumbfov=100""}]","{""link"":""https://sites.google.com/view/introbistrobanjarmasin/intro-bistro"",""source"":""sites.google.com""}"
d548dfdb-0e4c-4979-84ca-e29627511098,https://www.google.com/maps/place/Cafe+Nostalgia/data=!4m7!3m6!1s0x2de423b9bde3e229:0x8bc898b76c6899a4!8m2!3d-3.3092708!4d114.5855216!16s%2Fg%2F11c60d0h0p!19sChIJKeLjvbkj5C0RpJlobLeYyIs?authuser=0&hl=en&g_ep=EgoyMDI2MDkwMi4wIJJjKgBIAVAD&rclk=1,Cafe Nostalgia,Cafe,"Jl. Belitung Darat No.11, Belitung Sel., Kec. Banjarmasin Bar., Kota Banjarmasin, Kalimantan Selatan 70116","{""Friday"":[""8.00 am–12.00 am""],""Monday"":[""8.00 am–12.00 am""],""Saturday"":[""8.00 am–12.00 am""],""Sunday"":[""8.00 am–12.00 am""],""Thursday"":[""8.00 am–12.00 am""],""Tuesday"":[""8.00 am–12.00 am""],""Wednesday"":[""8.00 am–12.00 am""]}",{},1520,4.2,"{""1"":64,""2"":58,""3"":208,""4"":425,""5"":765}",-3.309271,114.585522,10072468480179345828,0x2de423b9bde3e229:0x8bc898b76c6899a4,ChIJKeLjvbkj5C0RpJlobLeYyIs,"[{""title"":""All"",""image"":""https://lh3.googleusercontent.com/gps-cs-s/AHRPTWlXogWqk-6gSKCxQ51HBUnHVWWnK7vMPi7T7GrXcwmqjkZFg3I3iQhDhjzLPe4jNdF9oy7n_drDRlObM9KiJcAKHvtfF1beljIXCrEi1yr02OzJ3UKVxaN9R7boG-JjnWEhk9fdrw=w596-h298-k-no""},{""title"":""Menu"",""image"":""https://lh3.googleusercontent.com/gps-cs-s/AHRPTWmySIUUWVOyVW9xxfgddk2qRTe9T7z4zGuXmb6OHPxrZZXu5OhonE5YMP3DcCVD7eebjq4zDhBrJ9Ta__7MRRQfSpli1eRu1o0RAd760QhISMPVUMUkZkMQbvAYI6pDH7Tfuqnw=w224-h298-k-no""},{""title"":""Videos"",""image"":""https://lh3.googleusercontent.com/gps-cs-s/AHRPTWnH8JADNaPrTfzo3rndecY-2wc75SpYvzYCrzmlW1mcAKqckJbfRGhMkHKNDTcMtpxK5wFA1OXTAFVdY9u7apOXYQvxguZOVcC9FBzcj3D44KyZ03Psxpr2Cp6TYEvVkgz9Ro8q9w=w224-h398-k-no""},{""title"":""Food \u0026 drink"",""image"":""https://lh3.googleusercontent.com/gps-cs-s/AHRPTWkmeiLmb5mdL2JIXFxOZ9VC6sH041Rq5tHJ7zlWE7rOOQkFxg5VRe3pycrpHiKgSaOd0yIWoK8U6emEpw9rp9fIpOSfApaXEJ7j6Uc66hjO3pddD4cCkyitrKqnIbiwR2bRTP4=w231-h298-k-no""},{""title"":""Vibe"",""image"":""https://lh3.googleusercontent.com/gps-cs-s/AHRPTWkZLZW_ChnlLdSNwLjhvl7HyqzTZ-NJXnnyAbXssR8nouXBdtJUzVNSotT2qWUYLC8dQRODT0KVUuNE-Ybkb0Q67OILrf9s0etYZ-fRwCG0JOjgOm_Amfk52NIvyiHmmJ4C8GFC=w529-h298-k-no""},{""title"":""Coffee"",""image"":""https://lh3.googleusercontent.com/gps-cs-s/AHRPTWkSYqT4i_sEzwQohbt7hWiyEhObxvcuguD3pqI2HajQRFdqGypVWGHHawD8Mkb5jtSiBNOpOID2D7Ps65O3no3K0FaDFcIHnKLnlXwrrpRazjSFoIbEdqf8oWKT1MRtJ9_N8B7p=w238-h298-k-no""},{""title"":""Street View \u0026 360°"",""image"":""https://streetviewpixels-pa.googleapis.com/v1/thumbnail?panoid=FMZwGIV6WpJLNFJlmjp5Aw\u0026cb_client=maps_sv.tactile.gps\u0026w=224\u0026h=298\u0026yaw=168.81502\u0026pitch=0\u0026thumbfov=100""}]","{""link"":"""",""source"":""""}"
d548dfdb-0e4c-4979-84ca-e29627511098,https://www.google.com/maps/place/Issho+Coffee+-+Banjarmasin/data=!4m7!3m6!1s0x2de427c99c21a4c5:0x9330bbce6d6362e8!8m2!3d-3.3456908!4d114.6224267!16s%2Fg%2F11w94wbw9z!19sChIJxaQhnMkn5C0R6GJjbc67MJM?authuser=0&hl=en&g_ep=EgoyMDI2MDkwMi4wIJJjKgBIAVAD&rclk=1,Issho Coffee - Banjarmasin,Coffee shop,"Jl. Ahmad Yani Komp Pergudangan Waringin No.KM 5 5, Pemurus Dalam, Kec. Banjarmasin Sel., Kota Banjarmasin, Kalimantan Selatan 70248","{""Friday"":[""8.00 am–11.00 pm""],""Monday"":[""8.00 am–11.00 pm""],""Saturday"":[""8.00 am–11.00 pm""],""Sunday"":[""8.00 am–11.00 pm""],""Thursday"":[""8.00 am–11.00 pm""],""Tuesday"":[""8.00 am–11.00 pm""],""Wednesday"":[""8.00 am–11.00 pm""]}","{""Friday"":{""10"":14,""11"":17,""12"":25,""13"":28,""14"":35,""15"":36,""16"":40,""17"":39,""18"":42,""19"":50,""20"":65,""21"":73,""22"":70,""23"":0,""6"":0,""7"":0,""8"":11,""9"":12},""Monday"":{""10"":16,""11"":21,""12"":24,""13"":26,""14"":28,""15"":31,""16"":36,""17"":38,""18"":42,""19"":44,""20"":54,""21"":56,""22"":54,""23"":0,""6"":0,""7"":0,""8"":13,""9"":13},""Saturday"":{""10"":18,""11"":22,""12"":27,""13"":30,""14"":32,""15"":39,""16"":46,""17"":51,""18"":54,""19"":64,""20"":85,""21"":100,""22"":97,""23"":0,""6"":0,""7"":0,""8"":12,""9"":14},""Sunday"":{""10"":8,""11"":13,""12"":18,""13"":19,""14"":17,""15"":18,""16"":22,""17"":29,""18"":37,""19"":50,""20"":61,""21"":66,""22"":55,""23"":0,""6"":0,""7"":0,""8"":5,""9"":6},""Thursday"":{""10"":21,""11"":27,""12"":28,""13"":27,""14"":26,""15"":31,""16"":37,""17"":39,""18"":40,""19"":40,""20"":43,""21"":44,""22"":38,""23"":0,""6"":0,""7"":0,""8"":13,""9"":18},""Tuesday"":{""10"":18,""11"":21,""12"":23,""13"":25,""14"":28,""15"":33,""16"":39,""17"":41,""18"":48,""19"":57,""20"":65,""21"":68,""22"":60,""23"":0,""6"":0,""7"":0,""8"":14,""9"":17},""Wednesday"":{""10"":17,""11"":19,""12"":24,""13"":28,""14"":34,""15"":36,""16"":40,""17"":43,""18"":50,""19"":56,""20"":65,""21"":73,""22"":65,""23"":0,""6"":0,""7"":0,""8"":11,""9"":14}}",93,4.2,"{""1"":9,""2"":2,""3"":7,""4"":17,""5"":58}",-3.345691,114.622427,10606183617730405096,0x2de427c99c21a4c5:0x9330bbce6d6362e8,ChIJxaQhnMkn5C0R6GJjbc67MJM,"[{""title"":""All"",""image"":""https://lh3.googleusercontent.com/gps-cs-s/AHRPTWnxIYaU5Zk_W7BNXuhodnP1yL2VQXQSEfZbDzWJw-yh25uYnfkWT5wBuF6CvHiDgaVy6hgBeCcLbRWuzDLpQtEBWxJ4t8k31OcJPLVJosc48lPBwrFugT598Azu-3sQE2KybEKxnA=w224-h336-k-no""},{""title"":""Latest"",""image"":""https://lh3.googleusercontent.com/gps-cs-s/AHRPTWkjJ0SKPkFSJWfpWLphjOanlwO8a1_RJm64swtmj3hDl4ENlAEJvq04JlycFjJk8tIf66JWVlvkrBcYOSUS-jYAaY8rvudaR1s26hXB8blM0HpIU3SSKshY9B6-Na7B27829P8yiIWMMsVN=w224-h298-k-no""},{""title"":""Videos"",""image"":""https://lh3.googleusercontent.com/gps-cs-s/AHRPTWmzvl_Vc4JwFnDgmiTnVUgw6-iLs4ODyAUjRv85JD8E9_zPiD9xtDZ9Lv80gKnp_wUl1PRF95pCXurL8LJ52IuFhVTnlldcFrAU-Tp0y79oMwtKbOa-8yTZ096K56PPUBmCybju=w224-h481-k-no""},{""title"":""Menu"",""image"":""https://lh3.googleusercontent.com/gps-cs-s/AHRPTWkuiilAPB5f-0fgsgBS1UTvVztTN-MnjJHoqlwzYRodvS4jJnetCaeXk7v0ZvJTUf5siRHI_kY2BN_6GLAucJDCmGUyNEBg1jpBDOkJ9niHy_XMQtkLL7PL9xKoQq2oCpTD8cMeT1O3bvRP=w224-h316-k-no""},{""title"":""Food \u0026 drink"",""image"":""https://lh3.googleusercontent.com/gps-cs-s/AHRPTWm93TjflGiMCQZxhJ81hs1A2yGmPMWQJbU22KaesBJTv3V0kmIBsC6FzWiUALpfEZ792-BhE6Jzj1evuFyQD0fduoRyVVrNtJyJzKWhpO97GAZUQ2xVrmVKKRmeeCy5WtdrPZ0Z0oQ7IPMg=w224-h316-k-no""},{""title"":""Vibe"",""image"":""https://lh3.googleusercontent.com/gps-cs-s/AHRPTWkX_JVXWqm08f2MTAGaxNir7fKMQZ-KSF4UaUpogg7i3xry61A6BEQpiDVzitdKCkK33xDJe25Wya5Y3TOigetyD1XUvm1TLqmHIJBU-k5EM_dv67J8i8CwQ8ew76Ao9yHf-I2Z=w224-h398-k-no""},{""title"":""By owner"",""image"":""https://lh3.googleusercontent.com/gps-cs-s/AHRPTWm1caKrPu69oK9Sp9-en7tTDlU9HasIjO4t9U8YLE85LdXoaKoPCUir3io_bnc3BjMgMulF-DRsDmZtzet4SXoie4OXShaYdMX-s4xX0vo0vH20aG16tuL6Fv1Dhbg0HiMR7BFN=w224-h336-k-no""},{""title"":""Street View \u0026 360°"",""image"":""https://streetviewpixels-pa.googleapis.com/v1/thumbnail?panoid=eZgTtyqH93XwFx203Qhzmg\u0026cb_client=maps_sv.tactile.gps\u0026w=224\u0026h=298\u0026yaw=325.74536\u0026pitch=0\u0026thumbfov=100""}]","{""link"":""https://drive.google.com/drive/folders/1u-9m9VEMgBZ4OAlStcRCwjVDUEz3kH7l?usp=drive_link"",""source"":""drive.google.com""}"
d548dfdb-0e4c-4979-84ca-e29627511098,https://www.google.com/maps/place/DAKOTA+BAR+%26+KITCHEN/data=!4m7!3m6!1s0x2de426b3649e7a8b:0x4e463a1d2d9a6da6!8m2!3d-3.343677!4d114.621408!16s%2Fg%2F11ggr4pnvz!19sChIJi3qeZLMm5C0Rpm2aLR06Rk4?authuser=0&hl=en&g_ep=EgoyMDI2MDkwMi4wIJJjKgBIAVAD&rclk=1,DAKOTA BAR & KITCHEN,Restaurant,"Jl. A. Yani KM 5,5 No. 408, Pemurus Dalam, Kec. Banjarmasin Sel., Kota Banjarmasin, Kalimantan Selatan 70238","{""Friday"":[""11.00 am–12.00 am""],""Monday"":[""11.00 am–12.00 am""],""Saturday"":[""11.00 am–12.00 am""],""Sunday"":[""11.00 am–12.00 am""],""Thursday"":[""11.00 am–12.00 am""],""Tuesday"":[""11.00 am–12.00 am""],""Wednesday"":[""11.00 am–12.00 am""]}","{""Friday"":{""10"":0,""11"":11,""12"":15,""13"":18,""14"":19,""15"":21,""16"":23,""17"":29,""18"":35,""19"":42,""20"":48,""21"":49,""22"":43,""23"":30,""6"":0,""7"":0,""8"":0,""9"":0},""Monday"":{""10"":0,""11"":15,""12"":18,""13"":20,""14"":20,""15"":25,""16"":28,""17"":33,""18"":46,""19"":53,""20"":56,""21"":53,""22"":43,""23"":27,""6"":0,""7"":0,""8"":0,""9"":0},""Saturday"":{""10"":0,""11"":12,""12"":18,""13"":23,""14"":26,""15"":25,""16"":29,""17"":37,""18"":53,""19"":70,""20"":89,""21"":100,""22"":95,""23"":73,""6"":0,""7"":0,""8"":0,""9"":0},""Sunday"":{""10"":0,""11"":10,""12"":14,""13"":16,""14"":16,""15"":19,""16"":21,""17"":29,""18"":40,""19"":49,""20"":53,""21"":50,""22"":40,""23"":26,""6"":0,""7"":0,""8"":0,""9"":0},""Thursday"":{""10"":0,""11"":13,""12"":18,""13"":22,""14"":21,""15"":20,""16"":19,""17"":25,""18"":36,""19"":46,""20"":51,""21"":51,""22"":49,""23"":37,""6"":0,""7"":0,""8"":0,""9"":0},""Tuesday"":{""10"":0,""11"":13,""12"":18,""13"":21,""14"":23,""15"":25,""16"":28,""17"":34,""18"":40,""19"":48,""20"":55,""21"":56,""22"":49,""23"":33,""6"":0,""7"":0,""8"":0,""9"":0},""Wednesday"":{""10"":0,""11"":15,""12"":19,""13"":21,""14"":22,""15"":24,""16"":25,""17"":30,""18"":36,""19"":49,""20"":59,""21"":61,""22"":54,""23"":36,""6"":0,""7"":0,""8"":0,""9"":0}}",911,4.5,"{""1"":21,""2"":16,""3"":63,""4"":209,""5"":602}",-3.343677,114.621408,5640259480321682854,0x2de426b3649e7a8b:0x4e463a1d2d9a6da6,ChIJi3qeZLMm5C0Rpm2aLR06Rk4,"[{""title"":""All"",""image"":""https://lh3.googleusercontent.com/gps-cs-s/AHRPTWm1mvPfRqFD7KZ83qQuyW-vOCYiRXajVdKTh18f9NysKpPUftC8wCe6D2kz9R-8DjbycCCcfzZ7TbA0uGMw4oQ06gyy4Ua2pvpAZu_bchSIOb77N2eoqZ7sI65qGXqnnfasqpxN=w530-h298-k-no""},{""title"":""Menu"",""image"":""https://lh3.googleusercontent.com/gps-cs-s/AHRPTWmNjGp57qYobQWa7gUdcq2QQG8y2cY31mD9W0zY93_g8DUZOEqLtBvwwevbNSflh2XReYFOPOvnhUd_VpxdkRlLkyLmr8lXnX3HkMC7Dlw949NZKpB6FJGWSD0nH1jzEt9aygKfVTOZGF1_=w224-h398-k-no""},{""title"":""Videos"",""image"":""https://lh3.googleusercontent.com/gps-cs-s/AHRPTWkcgeV826O8SKkzf3DN_sYOlX33GFg_ISxKgodAXIzRFjj41pretHvOtqXg2pnt1kfFgaL-WqQcE8M3AXiVSxNyAzUp9iBZqdmh5j_tR7h7erf8eTSBGBbXffHLObj_v0tycjco=w224-h467-k-no""},{""title"":""Food \u0026 drink"",""image"":""https://lh3.googleusercontent.com/gps-cs-s/AHRPTWnadV6-e4Eig5v-k6QsGk9rUH5bmLugII8p9M7OQYGM-k5n4KUNgmMry_Dac_p05Jbqv6RqHvYaGzN5EvH3ET2_kcm4NuSwhHfi1tQNCUWg25IhnFr9Kx8JFJLHglh5TKHj_yc=w298-h298-k-no""},{""title"":""Vibe"",""image"":""https://lh3.googleusercontent.com/gps-cs-s/AHRPTWlTa872f5sPADd0Xe8cxnr3itgzHArSTabEl6t0Ap3uqEbPlngECxS8gq5Oqkou-bkQsnNH9KGHEizUz0tbT1RFD3FPqimOhILT31pIOhiDsReYxHW7ZuCh3fwXUNlNTnE7TNl-=w224-h398-k-no""},{""title"":""Carbonara"",""image"":""https://lh3.googleusercontent.com/gps-cs-s/AHRPTWmIiJwOKy0P5SoCY2gaDcCiJSr19-CxrEC9-6MmNpW6gnQO6UwDRzPZfdLt3mmi_RDoKa8NgAx12I42j1Jz7EI7697kOj9OeF1B3fotuAeDAzcbxAyotjIuHlwROA15OfqjSIsl=w224-h398-k-no""},{""title"":""Iced coffee"",""image"":""https://lh3.googleusercontent.com/gps-cs-s/AHRPTWlP50vpCRkF2GEY59u0FQ4DXDIwRh9QGv4bkHm76fOssOXyLgM65rBTgyJqh5C4RkacyvtvyxE8DGTKZza1fewjIKGVrFtdEg5Ls2uu1KwZvzljHkV4pkyV9TW7U5UHsrqRN4zP=w224-h398-k-no""},{""title"":""Cappuccino"",""image"":""https://lh3.googleusercontent.com/gps-cs-s/AHRPTWlwH8Kcwq_MklPdmg9UzkFUI0L80IufIVFdRebZ5EEmdnM8aN3oFvVGmxtvSAK-du4aqbNDUz0GYsWxRfreSrSbO80YPbo7uLEh5YEdMu1MFOZVGzcDgEEHvf6kiq5LhOe0hzus6NXvTR2r=w224-h398-k-no""},{""title"":""Nasi goreng"",""image"":""https://lh3.googleusercontent.com/gps-cs-s/AHRPTWmrIv6m7LTSSeDpGYEx84c3lB9IOXI7ZLH8DUB8u3dSDrrdQq1Mt65Kyg1Fn4Dp7vGwbeOwOSVk8vQGGHZY8ShRwQdt0hybXigYPEtCAgEfPvhQXp20zxbqe2JXC88yJ9uWVWI=w397-h298-k-no""},{""title"":""Sirloin steak"",""image"":""https://lh3.googleusercontent.com/gps-cs-s/AHRPTWkIB6mF788anS4pkeLgJrqluCVIBnJZJP-iK9-0e0Al_XU_K5fMhhJyXd9fHRnHqFxmzXNd2u95hGS1gsTdytTSzS_m_XSzxFSirpZvh6UgsEA9R1WHSWB-yhdq4uxN_WvdyXigZQ=w331-h298-k-no""},{""title"":""By owner"",""image"":""https://lh3.googleusercontent.com/gps-cs-s/AHRPTWnG_uRwtqPAitJJLzrFyLdHFj81M0qfsUeYCUOQ8s58IliOzlMhIU8yVRTLUGgzihV_cXv80RWPNGVc_MHotOzBG5uoO0owitC8q_3xOsjujNap2atJ8H01vj8NbVOF6YYnkbY=w238-h298-k-no""},{""title"":""Street View \u0026 360°"",""image"":""https://streetviewpixels-pa.googleapis.com/v1/thumbnail?panoid=GaHncWoMjReUN81iZtP4rQ\u0026cb_client=maps_sv.tactile.gps\u0026w=224\u0026h=298\u0026yaw=267.99103\u0026pitch=0\u0026thumbfov=100""}]","{""link"":"""",""source"":""""}"
d548dfdb-0e4c-4979-84ca-e29627511098,https://www.google.com/maps/place/HOMES+Platinum+Banjarmasin/data=!4m7!3m6!1s0x2de4239b781d0b63:0x946d50bcc2183052!8m2!3d-3.2913375!4d114.5982375!16s%2Fg%2F11s__hxkmd!19sChIJYwsdeJsj5C0RUjAYwrxQbZQ?authuser=0&hl=en&g_ep=EgoyMDI2MDkwMi4wIJJjKgBIAVAD&rclk=1,HOMES Platinum Banjarmasin,Coffee shop,"PH5X+F79 HOMES Platinum Banjarmasin, Jl. Sultan Adam Komp. Andhika No.03, Sungai Miai, Kec. Banjarmasin Utara, Kota Banjarmasin, Kalimantan Selatan 70123","{""Friday"":[""11.00 am–12.00 am""],""Monday"":[""11.00 am–12.00 am""],""Saturday"":[""11.00 am–12.00 am""],""Sunday"":[""11.00 am–12.00 am""],""Thursday"":[""11.00 am–12.00 am""],""Tuesday"":[""11.00 am–12.00 am""],""Wednesday"":[""11.00 am–12.00 am""]}",{},221,4.8,"{""1"":2,""2"":4,""3"":4,""4"":25,""5"":186}",-3.291338,114.598237,10695293461715234898,0x2de4239b781d0b63:0x946d50bcc2183052,ChIJYwsdeJsj5C0RUjAYwrxQbZQ,"[{""title"":""All"",""image"":""https://lh3.googleusercontent.com/gps-cs-s/AHRPTWkFht2s-aXRtMg00Ceq5Rz1NqjFfjf1gA-LAbDNxEot6AoAS8DxFEtkEMvUY4VltZDppN-TDszUOQk9ueCzK5JlLficyLsb2A1-ZZs-gE4QGNd-FczXYESGKMxJ1W17hh7vZChUsh73Zgwq=w397-h298-k-no""},{""title"":""Menu"",""image"":""https://lh3.googleusercontent.com/gps-cs-s/AHRPTWnLxop0Q-fKkG9R3bM81CFB6dTCZoPNznHyACdh7lLnDREONGYk_Oa0ykg8D6X9x-h-5ku7azcV5JW9nok-hKcR6cu96shttnSjArzpI0pZCyPJ0IkE6pbhjIEKL6bhyXFTMGMT=w224-h298-k-no""},{""title"":""Videos"",""image"":""https://lh3.googleusercontent.com/gps-cs-s/AHRPTWmdHG1juwA7HBmKM0HUoNk1FSgrUso14-feQKMIG4lLn-9V6dnhHDm319JbxWgqFj1XJf7PDK9rGRhTMUw7hPLihPhCO_1YwCA4eMC-5AxAH5k7Z3Bf58-wF6oh0_BH6w8w_NvNqg=w224-h398-k-no""},{""title"":""Food \u0026 drink"",""image"":""https://lh3.googleusercontent.com/gps-cs-s/AHRPTWm1bAovLllSsC7GOiGi3Z3Zku8qzZgSviycohJV6xY_3N-1MC9fq0mngFfp9-MzkO9dgvObDxdASwaGtKMctTEFVyWFancgrE6hQSXjmhBjL4GhmZdVIHWxdgMnorP65Ruvqi5__A=w224-h298-k-no""},{""title"":""Vibe"",""image"":""https://lh3.googleusercontent.com/gps-cs-s/AHRPTWlvnadE8Njm4h70NgA5AXX1lS7AkoOFp4NDTTyWMQ5XUe3IvrcJdBBU_HFCvo2DPbLWgugA1KCzhBH043pyw6205YCV2OuusZnAngSOYsyDI1WCpXLgAWfsxQuuxYVASj8xUKeD=w397-h298-k-no""},{""title"":""Iced coffee"",""image"":""https://lh3.googleusercontent.com/gps-cs-s/AHRPTWlRl9t6DIiAPXUCmDOB1792TFq-seqGhQRqrIutSMkb93zOGoRX07-DSB-vk53TYgsqnrh5G-x5JsxNa1pn2L_jMe6plHjEh90Qa5GlVcjPohf0Sn_1YU3GMgxaNkg7kACS2Ns=w224-h298-k-no""},{""title"":""By owner"",""image"":""https://lh3.googleusercontent.com/gps-cs-s/AHRPTWkRVrA6LfskyExXaishblLMPf1kraoTH2Z5tM0EcJsIgaIdlStaDfMxLRhUOvzlbJpOGcg7AhhY9qQ8zhgb402QAfNpiywISrdAS39cUb5QvApvU7WWHwPCPWc_934cEunE9Q-Rug=w464-h298-k-no""},{""title"":""Street View \u0026 360°"",""image"":""https://streetviewpixels-pa.googleapis.com/v1/thumbnail?panoid=AkNXtMskHk5j4chVhwDITA\u0026cb_client=maps_sv.tactile.gps\u0026w=224\u0026h=298\u0026yaw=140.85764\u0026pitch=0\u0026thumbfov=100""}]","{""link"":""https://drive.google.com/file/d/1V0uEQOyC7GNHjrJD0hs8nmc-fxkUxjW4/view?usp=drivesdk"",""source"":""drive.google.com""}"
d548dfdb-0e4c-4979-84ca-e29627511098,https://www.google.com/maps/place/Green+Leaf+Steak+%26+Cafe/data=!4m7!3m6!1s0x2de423e5015c83eb:0xce70f5ad5bc8c638!8m2!3d-3.3239772!4d114.6175191!16s%2Fg%2F11tp013klg!19sChIJ64NcAeUj5C0ROMbIW631cM4?authuser=0&hl=en&g_ep=EgoyMDI2MDkwMi4wIJJjKgBIAVAD&rclk=1,Green Leaf Steak & Cafe,Steak house,"Jl. Gatot Subroto No.23, Kuripan, Kec. Banjarmasin Tim., Kota Banjarmasin, Kalimantan Selatan 70236","{""Friday"":[""10.00 am–10.30 pm""],""Monday"":[""10.00 am–10.30 pm""],""Saturday"":[""10.00 am–10.30 pm""],""Sunday"":[""10.00 am–10.30 pm""],""Thursday"":[""10.00 am–10.30 pm""],""Tuesday"":[""10.00 am–10.30 pm""],""Wednesday"":[""10.00 am–10.30 pm""]}","{""Friday"":{""10"":8,""11"":12,""12"":16,""13"":21,""14"":23,""15"":24,""16"":28,""17"":43,""18"":65,""19"":85,""20"":86,""21"":71,""22"":47,""23"":0,""6"":0,""7"":0,""8"":0,""9"":0},""Monday"":{""10"":7,""11"":11,""12"":16,""13"":19,""14"":19,""15"":20,""16"":25,""17"":37,""18"":54,""19"":64,""20"":65,""21"":52,""22"":34,""23"":0,""6"":0,""7"":0,""8"":0,""9"":0},""Saturday"":{""10"":12,""11"":20,""12"":26,""13"":29,""14"":29,""15"":28,""16"":32,""17"":43,""18"":63,""19"":87,""20"":100,""21"":93,""22"":66,""23"":0,""6"":0,""7"":0,""8"":0,""9"":0},""Sunday"":{""10"":11,""11"":19,""12"":25,""13"":29,""14"":30,""15"":33,""16"":38,""17"":51,""18"":68,""19"":79,""20"":78,""21"":64,""22"":42,""23"":0,""6"":0,""7"":0,""8"":0,""9"":0},""Thursday"":{""10"":8,""11"":11,""12"":17,""13"":18,""14"":18,""15"":16,""16"":20,""17"":30,""18"":46,""19"":58,""20"":61,""21"":51,""22"":34,""23"":0,""6"":0,""7"":0,""8"":0,""9"":0},""Tuesday"":{""10"":9,""11"":13,""12"":18,""13"":21,""14"":23,""15"":24,""16"":29,""17"":37,""18"":49,""19"":58,""20"":60,""21"":50,""22"":33,""23"":0,""6"":0,""7"":0,""8"":0,""9"":0},""Wednesday"":{""10"":9,""11"":13,""12"":17,""13"":20,""14"":20,""15"":23,""16"":26,""17"":34,""18"":46,""19"":57,""20"":60,""21"":52,""22"":36,""23"":0,""6"":0,""7"":0,""8"":0,""9"":0}}",303,4.7,"{""1"":7,""2"":2,""3"":8,""4"":48,""5"":238}",-3.323977,114.617519,14875659694122780216,0x2de423e5015c83eb:0xce70f5ad5bc8c638,ChIJ64NcAeUj5C0ROMbIW631cM4,"[{""title"":""All"",""image"":""https://lh3.googleusercontent.com/gps-cs-s/AHRPTWm242RwpXi4F_t0dwrBRslgiVUPLq0NSqX3Lc9usDqwfZR9DNVWFUCmEja7bUETpfj2Qdi4KZ4_n_gU2pqfoiJnT7kst0yIC2b7s3-dnAodn3GdbtMt2xP4q5z0p8IGJ5BAp8oNawpDu08=w224-h298-k-no""},{""title"":""Latest"",""image"":""https://lh3.googleusercontent.com/gps-cs-s/AHRPTWlx5FFAxxsgf8QKWxQwlxqJGgEb97S3COQTiJtQXlwFOd88ZxCZ8q9EsUXMXwOxh8vOk5Fx3t1H53O_PvJVu6Rh0yxFifQfeeUuxRDWKCbAZwiTu0-pZQ59w92eaxefIYfyZhyPzzSTQAOB=w279-h298-k-no""},{""title"":""Videos"",""image"":""https://lh3.googleusercontent.com/gps-cs-s/AHRPTWmC6YGEp4IniMAEgAv_Tg4RhSbQIxDBN8uPWOvUdrAovZjSYhrXx4Ub8vdc-M93CsasQ8rX1CN8rg2oiI1N6u2LlpJA73bPtPFcqx0VMjOWISQVe0S8mxUwtZJnW69stwU0nXoAkg=w224-h398-k-no""},{""title"":""Menu"",""image"":""https://lh3.googleusercontent.com/gps-cs-s/AHRPTWkn5pKi5iopwupjVKzgeahsBQiixIb0QC_DCMinJgDmCkT1y8o6a66o2FwNc17ZP_FTi6IYBEiVHYeTlgjZ_6Vr4B4NfqXYUjP38nEly6MAdJyGSj7u-logsZxkRAp63Hxam6y82A=w224-h310-k-no""},{""title"":""Food \u0026 drink"",""image"":""https://lh3.googleusercontent.com/gps-cs-s/AHRPTWkytO_9DwyDRfF7DpAaPzgwq2OHLwFTwkSdPMnG_wtxhIXdqZozgblWwxyLA904jaYSw2UA-GiWAv_jxigtlAhUC3SreZHS7a1n2KI4I2Avd3s4wDkbR_BK-ixzhtCPiQhPK6RR=w224-h336-k-no""},{""title"":""Vibe"",""image"":""https://lh3.googleusercontent.com/gps-cs-s/AHRPTWk38nNW4H7PT1naEIBfCu4N5HAHG8Ku9OCTfa1XbDDd7ovD2tdGmKsUdLwAhpBEc3GkPjTmY5nj4t47k_KMk8clNZzTYEHTPnkCnviVU6BPNN07tA1dPIYFh4RxR5rOlJ-bDXKQyejWYpt9=w395-h298-k-no""},{""title"":""Cortado"",""image"":""https://lh3.googleusercontent.com/gps-cs-s/AHRPTWmQ_434akjJxAIqBtBfv7gaWAdoEgtf46Z1Kk1zd918l06tvdBqpdKzxwf_nwxbzPQElN8z2LgxhID-x6Ddwm1HgWxkOII0A4qx70_7HjWJLH8uGwcZU83XW367pG_cyT2il9C3Jw=w397-h298-k-no""},{""title"":""Tiramisu"",""image"":""https://lh3.googleusercontent.com/gps-cs-s/AHRPTWmdUluExiKHUwIqrTAgRoGVsdKbUdJDCRoqdKzyAkhSxBYlMJKjWhI6MiHquYSXQHq4FxhOgzLW7CVFynKzNXsEFh9KFk7RI8wU6lV_xVlegtpNZc_VsqB5il9M4kcHGR6aiHl3wnzxQudb=w224-h397-k-no""},{""title"":""Steak"",""image"":""https://lh3.googleusercontent.com/gps-cs-s/AHRPTWl4HfcPkjN-AFSonnaQ16BIh8fRJgKO99X7OELhGJr6TeGWB2k7xtHrMVGrCDRjlf0pB7PTakkUtag_0HkBtN1XegYQNBQWgrXGrcBKEe4Au5m2_n-5tOkqiJsI-pCc1TATX5ux=w224-h336-k-no""},{""title"":""Sirloin steak"",""image"":""https://lh3.googleusercontent.com/gps-cs-s/AHRPTWkhAQFed_7QFE1IHspVwxY0GUUJCgrCg_xq7Anyfo0Pat21v2c2YzCFKX6iABmiDpllwM_uNaL7-OcdYwqIyLQ-gcPGef7FT5xRBqVP1uH0B3aay94l3ChYokO_G4gAfgyzNo54jGTavsPy=w224-h298-k-no""},{""title"":""Iced tea"",""image"":""https://lh3.googleusercontent.com/gps-cs-s/AHRPTWn4UQaku0_a-X9AcomGoNDnxQlSfD461BY15CeQsXQQ4l8NvvGp0_d_9nDbQn_unHhKGkRXCNoOv_ia98EIGYWV66qCovtabOu8XnCxKfxzKri2VnA5Zm3ESBnkrP7wrrsFxXNtYaP4QDjl=w224-h298-k-no""},{""title"":""French fries"",""image"":""https://lh3.googleusercontent.com/gps-cs-s/AHRPTWmKNk4hjIM5gRtEhT9dC1c30GozFKSlwore9qkBq1imXY8PlXEZph7wEPeT7uh9b27z726Eln_fRAtDaUzYigc2JA3mEXkqe0jrMJWgk16iULJWbuo31RQbndITwZB708m5F4G6OmvsUZs=w224-h298-k-no""},{""title"":""By owner"",""image"":""https://lh3.googleusercontent.com/gps-cs-s/AHRPTWmhZ1_4gk76-r36IIIcjNfFTzg2hXWnuTMxwq1xUMRLJt-ZtCVI2y3NinqR7qC6m_K-hDeRg9zLUWcvKnQ-sYUmjXqxyD6giOxWkpunGhpZIePUagdZCQEwOaG0VwAI5roDJYcs-Q=w224-h336-k-no""},{""title"":""Street View \u0026 360°"",""image"":""https://streetviewpixels-pa.googleapis.com/v1/thumbnail?panoid=SvN4UlY-Eiyjlc3X6S7NSQ\u0026cb_client=maps_sv.tactile.gps\u0026w=224\u0026h=298\u0026yaw=321.1946\u0026pitch=0\u0026thumbfov=100""}]","{""link"":""https://drive.google.com/file/d/1Dr4IoYCEYI6lrKrK_Iy7si1nOxBN2iAZ/view?usp=drivesdk"",""source"":""drive.google.com""}"
d548dfdb-0e4c-4979-84ca-e29627511098,https://www.google.com/maps/place/0+Km+Coffee/data=!4m7!3m6!1s0x2de423c6d2609af7:0x9189b730515de91a!8m2!3d-3.3154353!4d114.5921995!16s%2Fg%2F11s4dplwtx!19sChIJ95pg0sYj5C0RGuldUTC3iZE?authuser=0&hl=en&g_ep=EgoyMDI2MDkwMi4wIJJjKgBIAVAD&rclk=1,0 Km Coffee,Coffee shop,"Jl. Jend Sudirman No.4, Antasan Besar, Banjarmasin Tengah, Banjarmasin City, South Kalimantan 70114","{""Friday"":[""8.00 am–12.00 am""],""Monday"":[""8.00 am–12.00 am""],""Saturday"":[""8.00 am–12.00 am""],""Sunday"":[""8.00 am–12.00 am""],""Thursday"":[""8.00 am–12.00 am""],""Tuesday"":[""8.00 am–12.00 am""],""Wednesday"":[""8.00 am–12.00 am""]}","{""Friday"":{""10"":20,""11"":25,""12"":26,""13"":25,""14"":21,""15"":23,""16"":31,""17"":46,""18"":65,""19"":78,""20"":85,""21"":78,""22"":76,""23"":57,""6"":0,""7"":0,""8"":21,""9"":18},""Monday"":{""10"":17,""11"":18,""12"":25,""13"":23,""14"":28,""15"":23,""16"":31,""17"":43,""18"":57,""19"":62,""20"":65,""21"":53,""22"":48,""23"":35,""6"":0,""7"":0,""8"":14,""9"":15},""Saturday"":{""10"":20,""11"":20,""12"":25,""13"":21,""14"":32,""15"":51,""16"":57,""17"":62,""18"":56,""19"":71,""20"":84,""21"":100,""22"":92,""23"":64,""6"":0,""7"":0,""8"":15,""9"":15},""Sunday"":{""10"":18,""11"":20,""12"":25,""13"":28,""14"":35,""15"":31,""16"":31,""17"":34,""18"":48,""19"":67,""20"":78,""21"":65,""22"":46,""23"":26,""6"":0,""7"":0,""8"":21,""9"":21},""Thursday"":{""10"":12,""11"":14,""12"":25,""13"":29,""14"":31,""15"":31,""16"":35,""17"":45,""18"":43,""19"":46,""20"":39,""21"":35,""22"":34,""23"":32,""6"":0,""7"":0,""8"":17,""9"":14},""Tuesday"":{""10"":20,""11"":18,""12"":26,""13"":28,""14"":28,""15"":28,""16"":29,""17"":42,""18"":56,""19"":75,""20"":79,""21"":75,""22"":65,""23"":48,""6"":0,""7"":0,""8"":21,""9"":21},""Wednesday"":{""10"":32,""11"":28,""12"":25,""13"":25,""14"":25,""15"":34,""16"":46,""17"":60,""18"":76,""19"":84,""20"":100,""21"":89,""22"":75,""23"":50,""6"":0,""7"":0,""8"":17,""9"":25}}",188,4.1,"{""1"":19,""2"":5,""3"":15,""4"":40,""5"":109}",-3.315435,114.592199,10487114625460332826,0x2de423c6d2609af7:0x9189b730515de91a,ChIJ95pg0sYj5C0RGuldUTC3iZE,"[{""title"":""All"",""image"":""https://lh3.googleusercontent.com/gps-cs-s/AHRPTWmnsnc8vnpHYRzHHMbCMMA3bqvBgbo1C1al0P2W01KxYruW-upvozd7MeHX-1Kf5Z1Lvk4eqKepeIGK6acUQcZV760fI04co-dENyss4OnjXkVn4N-1q5miXsFfxX1P6FpjJ0Qf7k-1enP0=w397-h298-k-no""},{""title"":""Menu"",""image"":""https://lh3.googleusercontent.com/gps-cs-s/AHRPTWnT412zKSEKhFHqwzOH1HvG5gADChcg9vbzt7wnVBKS2gliAB-MQYWbTa5KLUtmZB1OeE3MZfYxXNkBpFU4HwfjLPOcic85wAlwDd1NhP9mlBzDQ2wJOXE4oAbMOb6WbHsJsyJq=w224-h298-k-no""},{""title"":""Videos"",""image"":""https://lh3.googleusercontent.com/gps-cs-s/AHRPTWnetf16_BgGJqqznzw2ruRBHaesCwQcwG4VPJ5Fux-WXKFSVvSKGBl0pjmozA17KaOSOs11QA2yhiHm46zaUQa3L8WZ_GPps9xmZ1EBQEbK0oHcN-CYnBtmQF_ALiNvY4Eef3bL=w224-h398-k-no""},{""title"":""Food \u0026 drink"",""image"":""https://lh3.googleusercontent.com/gps-cs-s/AHRPTWnGppAB9aSuaLn11hBcK0xQXIfkwMtkfWH3EOcAb-jIndflGMtwAv155gyHriIwg4GSejP42e-_KNHvZTf710XzuQOTvt_GZzL4XbGRa-Vw1q0uOsgpc1SLQ5lNFAYNQInnrss67-2BQBU=w224-h298-k-no""},{""title"":""Vibe"",""image"":""https://lh3.googleusercontent.com/gps-cs-s/AHRPTWn1lRWAh3mnTRBIn6zUHqKCCJPiEpYbscCmbqVjryFvMZt2rmlxSgFHRMOpIBIVE2kLz1wgSDL6acj92eqGINSp6N0PeWjR0i03TWuIJivzkJW7QxN0hEWqmDcaIb9dZrkleRY5cHev1KY=w397-h298-k-no""},{""title"":""Iced coffee"",""image"":""https://lh3.googleusercontent.com/gps-cs-s/AHRPTWnMqbHLZcRVoaB-DdsUl7rOx8bxU5HQ23-wGvavgr0HjgRxGdsVZOM2rjFvIE24Zy10pln289BAkuCjy4w_s9uXs8PyFpBCAX8TTaCF5ZD00YMnz93g7LaCotj4FmHs-NqMqrY_D_Ce0ICU=w224-h398-k-no""},{""title"":""Nasi goreng"",""image"":""https://lh3.googleusercontent.com/gps-cs-s/AHRPTWkE-H1oI_4iZA_qnVxe28vW2gnjUylhhE7q654UltMp3FhLZfuGIQTAdkX573e52tj0InD4zL8j2MFRvRTFwP6RWm7tLvML6-CiFJVnZZ6Tf4uhgfxP17u0jG5bitkDjCtQY0KmU21kgyI-=w224-h298-k-no""},{""title"":""Coffee"",""image"":""https://lh3.googleusercontent.com/gps-cs-s/AHRPTWkP-KMapGnDfzAmU7yYchY9m8q-i01X2JQuCCwKG2pJOdekNMNQlT6Qen5a13envpkR9rzD-yPmae0QG4qI4O9Z-wCjPex5HSjUUNszw1HxLkBuRUCFOA5CI-3YH8-1Npg_Jx4=w224-h298-k-no""},{""title"":""Street View \u0026 360°"",""image"":""https://streetviewpixels-pa.googleapis.com/v1/thumbnail?panoid=S84_IjeMPU4BjP2R6-N0pA\u0026cb_client=maps_sv.tactile.gps\u0026w=224\u0026h=298\u0026yaw=288.8743\u0026pitch=0\u0026thumbfov=100""}]","{""link"":"""",""source"":""""}"
7b7b74fe-1364-4bd8-94a8-bf8df1501912,https://www.google.com/maps/place/TOKO+SOEDIMAMPIR+COFFEE.LAB/data=!4m7!3m6!1s0x2de4231fdef719f5:0x3b91f8bdae856531!8m2!3d-3.3235019!4d114.5943263!16s%2Fg%2F11s7z565xb!19sChIJ9Rn33h8j5C0RMWWFrr34kTs?authuser=0&hl=en&g_ep=EgoyMDI2MDkwMi4wIJJjKgBIAVAD&rclk=1,TOKO SOEDIMAMPIR COFFEE.LAB,Cafe,"Jl. Hasanuddin HM No.82, Kertak Baru Ulu, Banjarmasin Tengah, Banjarmasin City, South Kalimantan 70234","{""Friday"":[""9.00 am–11.00 pm""],""Monday"":[""9.00 am–11.00 pm""],""Saturday"":[""9.00 am–11.00 pm""],""Sunday"":[""9.00 am–11.00 pm""],""Thursday"":[""9.00 am–11.00 pm""],""Tuesday"":[""9.00 am–11.00 pm""],""Wednesday"":[""9.00 am–11.00 pm""]}","{""Friday"":{""10"":47,""11"":41,""12"":64,""13"":58,""14"":64,""15"":76,""16"":88,""17"":58,""18"":52,""19"":41,""20"":58,""21"":52,""22"":58,""23"":0,""6"":0,""7"":0,""8"":0,""9"":47},""Monday"":{""10"":41,""11"":52,""12"":76,""13"":88,""14"":82,""15"":76,""16"":64,""17"":52,""18"":47,""19"":58,""20"":41,""21"":35,""22"":41,""23"":0,""6"":0,""7"":0,""8"":0,""9"":47},""Saturday"":{""10"":64,""11"":58,""12"":58,""13"":76,""14"":100,""15"":82,""16"":70,""17"":47,""18"":52,""19"":41,""20"":41,""21"":29,""22"":17,""23"":0,""6"":0,""7"":0,""8"":0,""9"":58},""Sunday"":{""10"":29,""11"":29,""12"":35,""13"":41,""14"":47,""15"":47,""16"":41,""17"":47,""18"":47,""19"":52,""20"":29,""21"":23,""22"":35,""23"":0,""6"":0,""7"":0,""8"":0,""9"":23},""Thursday"":{""10"":70,""11"":64,""12"":76,""13"":58,""14"":76,""15"":76,""16"":82,""17"":70,""18"":47,""19"":58,""20"":64,""21"":82,""22"":64,""23"":0,""6"":0,""7"":0,""8"":0,""9"":47},""Tuesday"":{""10"":41,""11"":35,""12"":41,""13"":52,""14"":35,""15"":17,""16"":5,""17"":17,""18"":35,""19"":52,""20"":64,""21"":64,""22"":41,""23"":0,""6"":0,""7"":0,""8"":0,""9"":64},""Wednesday"":{""10"":52,""11"":47,""12"":47,""13"":52,""14"":52,""15"":52,""16"":35,""17"":17,""18"":11,""19"":23,""20"":41,""21"":52,""22"":64,""23"":0,""6"":0,""7"":0,""8"":0,""9"":47}}",27,4.8,"{""1"":1,""2"":0,""3"":0,""4"":2,""5"":24}",-3.323502,114.594326,4292485413421278513,0x2de4231fdef719f5:0x3b91f8bdae856531,ChIJ9Rn33h8j5C0RMWWFrr34kTs,"[{""title"":""All"",""image"":""https://lh3.googleusercontent.com/gps-cs-s/AHRPTWlaFXyPRM411yBcBsN2dEdarGBfUwuQ3HGqD28xrXb-8bVnHb3xqB8L19VfOCjVEeKaKzOSvZPZtGfHpJ0q_GnrF4EcqT6cW5gvCqqWZ9ChSB4ARGuQOPa7TCqEwyI7nLFMRoyUlA=w224-h298-k-no""},{""title"":""Food \u0026 drink"",""image"":""https://lh3.googleusercontent.com/gps-cs-s/AHRPTWn7TaqNgzeu1g9p2vZriIYdeqczT9LQaGOoSWfZfNtKPTXwhDdpa7Fk6eN40jJkK_EJE2Oa6r19lYqNEw_4e_UjGMJgSCBjd66VRqOaRUoLHj3WnktRfLdTP-qvH7UjTr-Q372f=w398-h298-k-no""},{""title"":""By owner"",""image"":""https://lh3.googleusercontent.com/gps-cs-s/AHRPTWkiToCkPVGFr-kJ4-ALOIB_iYipHWnaDm-nFeL0liwYqi1gAEgSdMOJU_ZRBk9GArkFFgCvFbwl3xWSOCnk1zsPoDmNhLS7GXX2d7P2KirSl7JB-3C6pmy6akNZqEzY26Ob0pKUbw=w298-h298-k-no""},{""title"":""Street View \u0026 360°"",""image"":""https://streetviewpixels-pa.googleapis.com/v1/thumbnail?panoid=863218Nma5EpLaKY7nOBSQ\u0026cb_client=maps_sv.tactile.gps\u0026w=224\u0026h=298\u0026yaw=91.13245\u0026pitch=0\u0026thumbfov=100""}]","{""link"":""/url?q=https://gofood.link/a/G3K6UJY\u0026opi=79508299\u0026sa=U\u0026ved=0ahUKEwjT9JGUyNyWAxUdcGwGHQTGMCgQqRkIJCgT\u0026usg=AOvVaw2oV5iHtvu77qmpyHJyikxQ"",""source"":""gofood.link""}"
7b7b74fe-1364-4bd8-94a8-bf8df1501912,https://www.google.com/maps/place/Hopes+Coffee/data=!4m7!3m6!1s0x2de42326ab11b8ed:0x64ce229d1f1ad20d!8m2!3d-3.3231566!4d114.5840274!16s%2Fg%2F11vr2kjwjh!19sChIJ7bgRqyYj5C0RDdIaH50izmQ?authuser=0&hl=en&g_ep=EgoyMDI2MDkwMi4wIJJjKgBIAVAD&rclk=1,Hopes Coffee,Coffee shop,"Jl. Mawar No.41, Kertak Baru Ilir, Banjarmasin Tengah, Banjarmasin City, South Kalimantan 70115","{""Friday"":[""9.00 am–11.00 pm""],""Monday"":[""9.00 am–11.00 pm""],""Saturday"":[""9.00 am–11.00 pm""],""Sunday"":[""9.00 am–11.00 pm""],""Thursday"":[""9.00 am–11.00 pm""],""Tuesday"":[""9.00 am–11.00 pm""],""Wednesday"":[""9.00 am–11.00 pm""]}","{""Friday"":{""10"":15,""11"":23,""12"":24,""13"":25,""14"":27,""15"":34,""16"":44,""17"":54,""18"":64,""19"":70,""20"":70,""21"":67,""22"":54,""23"":0,""6"":0,""7"":0,""8"":0,""9"":12},""Monday"":{""10"":12,""11"":18,""12"":25,""13"":28,""14"":23,""15"":25,""16"":33,""17"":47,""18"":63,""19"":71,""20"":71,""21"":61,""22"":43,""23"":0,""6"":0,""7"":0,""8"":0,""9"":7},""Saturday"":{""10"":14,""11"":17,""12"":19,""13"":27,""14"":33,""15"":42,""16"":49,""17"":59,""18"":79,""19"":92,""20"":100,""21"":98,""22"":87,""23"":0,""6"":0,""7"":0,""8"":0,""9"":10},""Sunday"":{""10"":17,""11"":17,""12"":20,""13"":22,""14"":28,""15"":31,""16"":39,""17"":50,""18"":68,""19"":78,""20"":78,""21"":70,""22"":57,""23"":0,""6"":0,""7"":0,""8"":0,""9"":14},""Thursday"":{""10"":10,""11"":14,""12"":21,""13"":26,""14"":32,""15"":35,""16"":40,""17"":45,""18"":57,""19"":62,""20"":62,""21"":60,""22"":48,""23"":0,""6"":0,""7"":0,""8"":0,""9"":7},""Tuesday"":{""10"":13,""11"":19,""12"":23,""13"":30,""14"":33,""15"":32,""16"":34,""17"":43,""18"":60,""19"":72,""20"":78,""21"":74,""22"":62,""23"":0,""6"":0,""7"":0,""8"":0,""9"":10},""Wednesday"":{""10"":12,""11"":17,""12"":22,""13"":28,""14"":35,""15"":38,""16"":45,""17"":54,""18"":69,""19"":78,""20"":82,""21"":74,""22"":60,""23"":0,""6"":0,""7"":0,""8"":0,""9"":10}}",322,4.9,"{""1"":6,""2"":0,""3"":4,""4"":11,""5"":301}",-3.323157,114.584027,7263781307222249997,0x2de42326ab11b8ed:0x64ce229d1f1ad20d,ChIJ7bgRqyYj5C0RDdIaH50izmQ,"[{""title"":""All"",""image"":""https://lh3.googleusercontent.com/gps-cs-s/AHRPTWlv4Po7HtEsryajakERCe3VK2yjKhU1s_MMsWCU7Q9gpTXqJ7p-6pq2H42ozjIAc_2AE6-uAJXwdlBlESyy68Y-3oKCBuvQ0rOYoMuMlfYigkQBXQYZ1pUjb1BHWgVoLKbdJgHX1Q=w224-h298-k-no""},{""title"":""Latest"",""image"":""https://lh3.googleusercontent.com/gps-cs-s/AHRPTWnlX0XgbIe3ydJIggL8216a-2-8hjRxGdsCrBdrxnnbmTSJi1wCYUyQ4rxcI0jrc1GypE2ZkpZf79RYnxQznhPntD9GHurm-Dqm8cMwH1G5q24pa1ak726sc402oMs7tVFv80k1sVvg5j0=w224-h298-k-no""},{""title"":""Videos"",""image"":""https://lh3.googleusercontent.com/gps-cs-s/AHRPTWlGlYnCyN1Q5OYy-L09YTKw2Lfe47zPtry5MgWptv7N3_1IqdiBNEBl5JMaBiJa8h5rNKGSud7qb3IauA0XsGAVwHXPk3RG-XiHJ8gKRs0DJMIc16Af4Ql3XSoTP9_ymB2wVgVu=w224-h398-k-no""},{""title"":""Menu"",""image"":""https://lh3.googleusercontent.com/gps-cs-s/AHRPTWmzZzTH3mf_HAt4Hw5KhOVZNjLAFQEhs8AQsyf07f8F66LGDMoP1XRqcWgQNGK-ZmOxcpf2T6a-3QFD-X1_b5ZoIL0DXvvKnmEE44JSbXyDcDOIGrLUMlx4ZKYlQzKwq10RJpF6d90cqQdA=w224-h398-k-no""},{""title"":""Food \u0026 drink"",""image"":""https://lh3.googleusercontent.com/gps-cs-s/AHRPTWk8TvpTyRYI6mhguHTULxHXIydFOMAZxyKEBeiHJc9kHJUZX76JbEY7UUuhW1vOJOjB1-ydL68vIgQnlL2EN4Rl3Vt7j_czmTbbuwJIEpu-ifSAi8lVPBr9tbSEsXgiutBHM3V4h4cCoGc=w224-h298-k-no""},{""title"":""Vibe"",""image"":""https://lh3.googleusercontent.com/gps-cs-s/AHRPTWkD4ldIWUeiNbiRTvFjtDU6EbP3Z5Wm2558v0-I55ctn57ikNBRe2O5TtN3JZLnOym2XtxBd83wODQ88Y5Xq-B-rOi0NO4Id2g-RXwASBjMjDr2UfQ9Q-7mXXo03p4Y0ZRK7Si65FqtEQYz=w397-h298-k-no""},{""title"":""By owner"",""image"":""https://lh3.googleusercontent.com/gps-cs-s/AHRPTWkUX8d5QNA96Wft0Zhs0yv1Q2_DKjRXwJ7Vni3seC3mIhg6kREh_UsJcQyhv0xjf5lUS3UMS0pdVRthcuF-goNwN3VR9As2kGvPZ0hbGK4wkF5VXvbcDYVWOhGLPiE8AXC2CkSg=w224-h298-k-no""},{""title"":""Street View \u0026 360°"",""image"":""https://streetviewpixels-pa.googleapis.com/v1/thumbnail?panoid=SvWx1CCUT8GQ_4_1m6FS9A\u0026cb_client=maps_sv.tactile.gps\u0026w=224\u0026h=298\u0026yaw=231.08067\u0026pitch=0\u0026thumbfov=100""}]","{""link"":"""",""source"":""""}"
7b7b74fe-1364-4bd8-94a8-bf8df1501912,https://www.google.com/maps/place/MXL+Coffee/data=!4m7!3m6!1s0x2de423baf7798ac7:0x197e85181f71c328!8m2!3d-3.3165772!4d114.5913183!16s%2Fg%2F11nbxk1wjc!19sChIJx4p597oj5C0RKMNxHxiFfhk?authuser=0&hl=en&g_ep=EgoyMDI2MDkwMi4wIJJjKgBIAVAD&rclk=1,MXL Coffee,Coffee shop,"Jl. D. I. Panjaitan No.4, Antasan Besar, Banjarmasin Tengah, Banjarmasin City, South Kalimantan 70114","{""Friday"":[""Open 24 hours""],""Monday"":[""Open 24 hours""],""Saturday"":[""Open 24 hours""],""Sunday"":[""Open 24 hours""],""Thursday"":[""Open 24 hours""],""Tuesday"":[""Open 24 hours""],""Wednesday"":[""Open 24 hours""]}",{},66,5.0,"{""1"":0,""2"":0,""3"":1,""4"":0,""5"":65}",-3.316577,114.591318,1837052036666999592,0x2de423baf7798ac7:0x197e85181f71c328,ChIJx4p597oj5C0RKMNxHxiFfhk,"[{""title"":""All"",""image"":""https://lh3.googleusercontent.com/gps-cs-s/AHRPTWnBSh5yFtwjGdvhJRp9DB75ztzEkFMWDSncOb5EEvsjycE7feUhwgOS9sh7PGeVVHueoHwshURtYP3INx-bqst7gF_FnXFYLBSHzlZ19n8kcpH_nhadG3CzrhD-noJDwbR8oIZWfT4yRwk=w298-h298-k-no""},{""title"":""Menu"",""image"":""https://lh3.googleusercontent.com/gps-cs-s/AHRPTWmW3eMkxzKDi_aKUM7r0fUyzKf_3dAjPSgaSLG8iAHdVR6ViVknYRoZNM4Xs4QVZ0F3ZhGANRAUFcWbics_STz0ealcGmh6_YN8lK3HFc1Pt5RMlE6CNR1oJhWPayylBcmyiGhRUJGSOks5=w224-h316-k-no""},{""title"":""Food \u0026 drink"",""image"":""https://lh3.googleusercontent.com/gps-cs-s/AHRPTWnpKaDmf5G6sQj-BMekF3NZ3YnO_eBaEXtFlPwB8o-PmE6U_pGNRQ2XR5fjey92HtiFAIkKpNj6yKI8d_EbMn18qUo2gGdIniMcY3gU8hoewxAEdsT_k9euKb6ReKrGGIS3DGsf4L3eUISJ=w224-h298-k-no""},{""title"":""Vibe"",""image"":""https://lh3.googleusercontent.com/gps-cs-s/AHRPTWkEGVTcm4ebHatas6wbMXMqt36A1NhUZZp9d-4qogUvJHYgBql0AD6Y8qVOga0Kk0qm9ABoaZh-4f3_iJhrJ6F7dvGiYFF8ZOjzTDV948W0tGn_ol76xl66XJypaqPCBF6YE2G4pxCdE6p-=w238-h298-k-no""},{""title"":""Iced coffee"",""image"":""https://lh3.googleusercontent.com/gps-cs-s/AHRPTWkVqMl5c_gTpTHcJoDQ-HiQhYZpstfQqDyMiFDPxyxvtlyGRpqgsSDtS9v3QiW75oHKw8O5HtOgt55_H-g1H_46qcY1aVQz6qFNXH3k0Ych4lkE6rbVsm4-4a6I4--ZFbpEjbGXwjriyXic=w224-h298-k-no""},{""title"":""Coffee"",""image"":""https://lh3.googleusercontent.com/gps-cs-s/AHRPTWnv7vgOnyR51U3Aki6Zg_c5BODIDxCOLzOvXfCdQcro_Mo1o9KokuM_9bdmucVi0oLsWmmsRKoOnuv1D2M8zIVkrHPyCMJ8r6acxgV0IbjDxEgkJxjjN-rtvyF3lhK8_AiXT7zPT6BIV_0=w224-h298-k-no""},{""title"":""By owner"",""image"":""https://lh3.googleusercontent.com/gps-cs-s/AHRPTWk1684X1en7MelYFHCn5yJfGVdp2axc2gqoShLhwLNi7XX6j2nmKKH9uZt2iqAgIJMuTQnLB8rP1iWXed62IwnXwHm0vpCtBQtjUhpIdta8bHJkZFy0OzdDaV15qrdGK4-iC81Z=w224-h298-k-no""},{""title"":""Street View \u0026 360°"",""image"":""https://streetviewpixels-pa.googleapis.com/v1/thumbnail?panoid=VVtvrfHdpf1SEXFrm2Bypw\u0026cb_client=maps_sv.tactile.gps\u0026w=224\u0026h=298\u0026yaw=80.194725\u0026pitch=0\u0026thumbfov=100""}]","{""link"":"""",""source"":""""}"
7b7b74fe-1364-4bd8-94a8-bf8df1501912,https://www.google.com/maps/place/Titik+tenang+coffee/data=!4m7!3m6!1s0x2de4275c816b6081:0x2eea46d71b1cbb30!8m2!3d-3.3486632!4d114.62521!16s%2Fg%2F11mkzwf6lq!19sChIJgWBrgVwn5C0RMLscG9dG6i4?authuser=0&hl=en&g_ep=EgoyMDI2MDkwMi4wIJJjKgBIAVAD&rclk=1,Titik tenang coffee,Coffee shop,"Jl. A. Yani No.km 5 8, Pemurus Dalam, Kec. Banjarmasin Sel., Kota Banjarmasin, Kalimantan Selatan 70243","{""Friday"":[""Open 24 hours""],""Monday"":[""Open 24 hours""],""Saturday"":[""Open 24 hours""],""Sunday"":[""Open 24 hours""],""Thursday"":[""Open 24 hours""],""Tuesday"":[""Open 24 hours""],""Wednesday"":[""Open 24 hours""]}","{""Friday"":{""0"":42,""1"":29,""10"":24,""11"":17,""12"":10,""13"":5,""14"":6,""15"":11,""16"":15,""17"":26,""18"":33,""19"":43,""2"":18,""20"":48,""21"":54,""22"":58,""23"":56,""3"":12,""4"":8,""5"":11,""6"":16,""7"":24,""8"":28,""9"":28},""Monday"":{""0"":26,""1"":20,""10"":11,""11"":11,""12"":15,""13"":17,""14"":23,""15"":22,""16"":28,""17"":32,""18"":35,""19"":33,""2"":15,""20"":35,""21"":39,""22"":34,""23"":32,""3"":13,""4"":11,""5"":10,""6"":9,""7"":12,""8"":11,""9"":13},""Saturday"":{""0"":74,""1"":51,""10"":9,""11"":9,""12"":13,""13"":15,""14"":17,""15"":16,""16"":18,""17"":22,""18"":33,""19"":43,""2"":24,""20"":58,""21"":75,""22"":90,""23"":100,""3"":14,""4"":9,""5"":10,""6"":11,""7"":12,""8"":11,""9"":9},""Sunday"":{""0"":31,""1"":25,""10"":13,""11"":13,""12"":12,""13"":9,""14"":10,""15"":14,""16"":16,""17"":19,""18"":19,""19"":22,""2"":22,""20"":27,""21"":35,""22"":38,""23"":39,""3"":18,""4"":19,""5"":15,""6"":15,""7"":15,""8"":12,""9"":11},""Thursday"":{""0"":34,""1"":25,""10"":11,""11"":16,""12"":21,""13"":19,""14"":16,""15"":14,""16"":17,""17"":24,""18"":24,""19"":28,""2"":17,""20"":31,""21"":42,""22"":47,""23"":46,""3"":14,""4"":11,""5"":8,""6"":9,""7"":12,""8"":14,""9"":13},""Tuesday"":{""0"":30,""1"":18,""10"":10,""11"":11,""12"":13,""13"":14,""14"":16,""15"":17,""16"":19,""17"":19,""18"":26,""19"":27,""2"":12,""20"":34,""21"":38,""22"":45,""23"":40,""3"":9,""4"":8,""5"":9,""6"":11,""7"":13,""8"":12,""9"":10},""Wednesday"":{""0"":27,""1"":18,""10"":24,""11"":22,""12"":21,""13"":15,""14"":16,""15"":13,""16"":17,""17"":24,""18"":28,""19"":35,""2"":11,""20"":35,""21"":38,""22"":40,""23"":39,""3"":10,""4"":8,""5"":8,""6"":11,""7"":15,""8"":19,""9"":22}}",46,4.8,"{""1"":0,""2"":0,""3"":3,""4"":5,""5"":38}",-3.348663,114.62521,3380592359981759280,0x2de4275c816b6081:0x2eea46d71b1cbb30,ChIJgWBrgVwn5C0RMLscG9dG6i4,"[{""title"":""All"",""image"":""https://lh3.googleusercontent.com/gps-cs-s/AHRPTWn9a3NQ0AsrRJihorG2oFTe2PwjH0NJvA46006laQBG1k5DomuPIvitJoqDMN_K79694b_aWWqhBDCsFy3MtwoSmo0cmCOGSwrtA30-ZbEoYRcwi9dKXB_xYhZA9mAsgnRHx3e5WerEhi8=w529-h298-k-no""},{""title"":""Menu"",""image"":""https://lh3.googleusercontent.com/gps-cs-s/AHRPTWklfVoBY4fSJL2ItK-w_5b2kuY-1sa2t5IRDHqgRHhAuCQshL7f_LKexUAT9bi6XYMH6pjAcDC5j00boQbBIADh68VqzzAJW-8ezt72ZPamuT9mdr0_4LNyuMNoP1C3nR7HMRq5fKiHmQ5U=w224-h398-k-no""},{""title"":""Videos"",""image"":""https://lh3.googleusercontent.com/gps-cs-s/AHRPTWmJfrPARBXBjy5hQaQyFM7PZcP3KlMpJxixqhYnBiq4bvRQ66FV0phdjH0GMWYG_oF7tTK-xZiuEuO1ebjz5gfdERgo9Vi8IGZPJQXTWGUDraGlWtidd4hUFjU4s1nqldwh_lkPT_rCmkWE=w224-h398-k-no""},{""title"":""Food \u0026 drink"",""image"":""https://lh3.googleusercontent.com/gps-cs-s/AHRPTWnnjhhNSpaAPKvap7TmXLPX7G5Ge_PwGpgiBft8GCnOMNSpfGg9Dup2_Z1GM4J-a8pKqrS3mtzl1g8fpM9f18RHsPwsxYVsy1U_QKoxq2lG6BTNdmfec3w16OUV63YhaNJz0J9VUdiG0UuY=w224-h298-k-no""},{""title"":""Vibe"",""image"":""https://lh3.googleusercontent.com/gps-cs-s/AHRPTWml6x6Iny7ZVf_3AMol-Br6hR6hWECnvLHJDaywaCibplc4qxCmhB-ffSx6hRz6a28-lBKcVMDMcx6wflvm-HKy4OhixGu4SfuXH6FC8AkRCqEyxhw4baKnkyCeNXkPkQSMFxt9i4dLWbg=w397-h298-k-no""},{""title"":""Nasi lemak"",""image"":""https://lh3.googleusercontent.com/gps-cs-s/AHRPTWni1KdWuPTmhVVfqiKLlzA3VK04NFAvIUhbn3pr38dCksAFr8i0JEmZo6FnjWv_Lc7LUyVSlDDxy7T_zZ_D_roX_MLNFwgqWjXn-LnME1EStk7vwh0YuEw7HEs70tyRy6Kgrc9osnHcG30F=w224-h398-k-no""},{""title"":""Coffee"",""image"":""https://lh3.googleusercontent.com/gps-cs-s/AHRPTWn3rjRYLRXxZ4pNdJStIzHnuCAvWY2B0vMZfHVgQl6BaH_vAfNpuDqaNZwsjdAWgtk9aaxLqvRgnt03UuKxMYI7NZqfALAVMuAi8w1MXpV-YvfcKjcxR7Epn11OKFz5zUGyhWwPEcflJffI=w224-h336-k-no""},{""title"":""By owner"",""image"":""https://lh3.googleusercontent.com/gps-cs-s/AHRPTWnF5ar0WxoGs_4Qqw3vGLhN38jQo6YhuZlrSNibUpR2a34DK1fSg9llcI04FxjqvVmIFLg8n5KywZppOf_9Ptr78SZ0R6UGeUesD0fUcb6SPAdoanfv_bEcpbmHfu7_s8OphFFXYFIjSRYw=w224-h298-k-no""},{""title"":""Street View \u0026 360°"",""image"":""https://streetviewpixels-pa.googleapis.com/v1/thumbnail?panoid=8fwVxZZ-l0kbjbIrvTvOxw\u0026cb_client=maps_sv.tactile.gps\u0026w=224\u0026h=298\u0026yaw=205.3241\u0026pitch=0\u0026thumbfov=100""}]","{""link"":"""",""source"":""""}"
7b7b74fe-1364-4bd8-94a8-bf8df1501912,https://www.google.com/maps/place/Kopi+1815/data=!4m7!3m6!1s0x2de427d4e813fac3:0x6a8032b3580decf1!8m2!3d-3.3335134!4d114.6242921!16s%2Fg%2F11lm423br5!19sChIJw_oT6NQn5C0R8ewNWLMygGo?authuser=0&hl=en&g_ep=EgoyMDI2MDkwMi4wIJJjKgBIAVAD&rclk=1,Kopi 1815,Coffee shop,"Jl. Mahat Kasan No.158, Kuripan, Banjarmasin Timur, Banjarmasin City, South Kalimantan 70236","{""Friday"":[""8.00 am–12.00 am""],""Monday"":[""8.00 am–12.00 am""],""Saturday"":[""8.00 am–12.00 am""],""Sunday"":[""8.00 am–12.00 am""],""Thursday"":[""8.00 am–12.00 am""],""Tuesday"":[""8.00 am–12.00 am""],""Wednesday"":[""8.00 am–12.00 am""]}","{""Friday"":{""10"":13,""11"":19,""12"":25,""13"":29,""14"":30,""15"":32,""16"":34,""17"":38,""18"":44,""19"":56,""20"":71,""21"":83,""22"":79,""23"":59,""6"":0,""7"":0,""8"":5,""9"":7},""Monday"":{""10"":14,""11"":20,""12"":25,""13"":29,""14"":31,""15"":31,""16"":31,""17"":33,""18"":39,""19"":48,""20"":61,""21"":67,""22"":60,""23"":44,""6"":0,""7"":0,""8"":6,""9"":10},""Saturday"":{""10"":15,""11"":20,""12"":27,""13"":33,""14"":37,""15"":37,""16"":37,""17"":39,""18"":46,""19"":61,""20"":84,""21"":100,""22"":98,""23"":75,""6"":0,""7"":0,""8"":9,""9"":13},""Sunday"":{""10"":14,""11"":18,""12"":24,""13"":27,""14"":30,""15"":32,""16"":36,""17"":43,""18"":54,""19"":68,""20"":81,""21"":86,""22"":77,""23"":57,""6"":0,""7"":0,""8"":8,""9"":10},""Thursday"":{""10"":12,""11"":17,""12"":23,""13"":27,""14"":29,""15"":30,""16"":31,""17"":34,""18"":37,""19"":44,""20"":54,""21"":61,""22"":60,""23"":46,""6"":0,""7"":0,""8"":6,""9"":8},""Tuesday"":{""10"":13,""11"":17,""12"":23,""13"":29,""14"":31,""15"":32,""16"":31,""17"":33,""18"":38,""19"":47,""20"":59,""21"":66,""22"":63,""23"":46,""6"":0,""7"":0,""8"":6,""9"":9},""Wednesday"":{""10"":15,""11"":20,""12"":26,""13"":30,""14"":30,""15"":30,""16"":30,""17"":34,""18"":41,""19"":52,""20"":64,""21"":71,""22"":70,""23"":54,""6"":0,""7"":0,""8"":7,""9"":10}}",733,4.5,"{""1"":41,""2"":14,""3"":23,""4"":107,""5"":548}",-3.333513,114.624292,7674189510897167601,0x2de427d4e813fac3:0x6a8032b3580decf1,ChIJw_oT6NQn5C0R8ewNWLMygGo,"[{""title"":""All"",""image"":""https://lh3.googleusercontent.com/gps-cs-s/AHRPTWnUtppOQShopicVJ3MgnUhmmOSzBnlIQwnNhkiqSDUtUglOHKAgjPNBF1lnb_x5UyL_tUA6b6fIIGHYPJ3Vo9ucu2HgaWK5fBKUcDvQ56xWenbdPq33E3cNMi775KVdOVHN6OzGVg=w397-h298-k-no""},{""title"":""Latest"",""image"":""https://lh3.googleusercontent.com/gps-cs-s/AHRPTWnQjQcjyWK4vn_s3KP1tmORE61Pd3jw3yahI4juAcsa9xGRGDZkHaLeGYmafkWgXqY_bpTU9TRhs_rNIBWX484v8W2NpCwwaCq_b_SgIewdiDjPj5trcYHosuJdPBc2zpFnm5McfhopQ9s=w224-h298-k-no""},{""title"":""Videos"",""image"":""https://lh3.googleusercontent.com/gps-cs-s/AHRPTWkt9mo6dYycvqG11wi8-QRs9DDFoKZuMkxD-WtF0iCJa0unjst6HG0pSiFXC-gD06FOpYSfpzAYVk_T-JcPSwdQdavKgEJx2wdETLjEnYaGvVD3JZHW113-5MByaKKIcx59T4qb=w224-h398-k-no""},{""title"":""Menu"",""image"":""https://lh3.googleusercontent.com/gps-cs-s/AHRPTWnq_Yfy-E-FQ-gw9j6GorNE6tUm3n7YzqtELi6frnwOcc6oeC4FFzXkQ5Fsavl-iNUkvG0_lCxmIN52KLrqwf_4E8Un0shhUYMSOnN3ZBc7KSErMZT1CWI6Ya_Pb2Q8WB-4v52W=w224-h298-k-no""},{""title"":""Food \u0026 drink"",""image"":""https://lh3.googleusercontent.com/gps-cs-s/AHRPTWmagV9m3Qq9_HogLzoLGZubDQHl4leVw4tQljseXSaAIVqIKFWS-JBy_JqPrqKnwttkYkCOqlhlvzxl_4lqAk7XD5QtV8T2ILu_cUUr684F3KlP5IVbKlGocNDQlJKBadoIuvViMQ=w446-h298-k-no""},{""title"":""Vibe"",""image"":""https://lh3.googleusercontent.com/gps-cs-s/AHRPTWkrJ8Ygr6BA7Z0dd6-JFv1WnNESthzXzAv_NpW4CgURLaEPks3nwFi3_KqzBPAxo7KPmfmgzc8Yc36vKo_QO3lJuiVX_aXkqoTBLZy2JpV4JSpCea38e2IP8Wx-12Ay2rWZKO3ZFg=w224-h398-k-no""},{""title"":""Cortado"",""image"":""https://lh3.googleusercontent.com/gps-cs-s/AHRPTWlQfNKW2IMR7B3-knwClwFpBAl42grKdwvUBOyBBQ2u2m1JXnoH9MeAsurw7G0HnkV_S8SXRy83uoqQAE0wJp0gh2H1BShinx4RpQOGuj_O0f-s-1_3hRFnwopRSb48hCiJZe8ZRmxvzoJp=w224-h398-k-no""},{""title"":""Milk tea"",""image"":""https://lh3.googleusercontent.com/gps-cs-s/AHRPTWnVDD_rq3hWabFh5emP_4HiXRAOZL7vlYmZWiMS4WM5wlPf_dqWgDTRBIDqPO6TwHslQZFDz-TVUQU6wSitr6_GGXNzI07nhHObVo1nmlzsRQLx_bNf2OlURr8XZQuJcTTWGNwHWw=w224-h298-k-no""},{""title"":""Coffee"",""image"":""https://lh3.googleusercontent.com/gps-cs-s/AHRPTWnqs5vL4BxB7BstHcv__gHCCOQmspHeAPYO4brS-jOABLksKPfNuZVYpBKr4Ec8qOPaNDRccC-SZ3P-9iD3c_lkBRAH9GGQC81Zi9fCKFK17xtkL9zvu8aUZ0g_pzqEhBunBQRp4w=w224-h336-k-no""},{""title"":""Iced tea"",""image"":""https://lh3.googleusercontent.com/gps-cs-s/AHRPTWkz3Oc7a99InDggvBrw9Ycx0yWqkPZQ7tx3ec_DzTJGTqueD6mk49psR0wOeNGG8ZK1Yu6X5p8Gw7F8cjzaawRPhnRZ48rVxbbl8XPyVuGulWdYIe9_MvLiEHmPDcDAYa_hIrwdQRIv0sOo=w224-h298-k-no""},{""title"":""By owner"",""image"":""https://lh3.googleusercontent.com/gps-cs-s/AHRPTWlb1PHfR7UNck_uzHVbVtVg1rqIassLBxI-83iGpwES4kYJh0mqmg24aagvMqe1bC2gicp1zBwrY7x0xrG5sjAAoD5QGG7VB6wcy-336CE2WPKIpTwc0wNdlPCf-W3q2axTNfiglw=w529-h298-k-no""},{""title"":""Street View \u0026 360°"",""image"":""https://streetviewpixels-pa.googleapis.com/v1/thumbnail?panoid=l8myC8vD4mSngyRR0zF0Yg\u0026cb_client=maps_sv.tactile.gps\u0026w=224\u0026h=298\u0026yaw=177.77684\u0026pitch=0\u0026thumbfov=100""}]","{""link"":""/url?q=https://kopi1815bdj.antarinmakan.com/menu-book/list\u0026opi=79508299\u0026sa=U\u0026ved=0ahUKEwiqsfaWyNyWAxVNS2cHHb9oK4EQqRkIICgP\u0026usg=AOvVaw0BhEsFgqjfj8cdwlF0bijk"",""source"":""kopi1815bdj.antarinmakan.com""}"
7b7b74fe-1364-4bd8-94a8-bf8df1501912,https://www.google.com/maps/place/SERENITY+COFFEE/data=!4m7!3m6!1s0x2de4230c749862a7:0xe1f1e8277c8778aa!8m2!3d-3.3230507!4d114.5924224!16s%2Fg%2F11vcvc7tvk!19sChIJp2KYdAwj5C0RqniHfCfo8eE?authuser=0&hl=en&g_ep=EgoyMDI2MDkwMi4wIJJjKgBIAVAD&rclk=1,SERENITY COFFEE,Coffee shop,"MHGR+PW9 SERENITY COFFEE, Kertak Baru Ulu, Banjarmasin Tengah, Banjarmasin City, South Kalimantan 70231","{""Friday"":[""9.00 am–11.00 pm""],""Monday"":[""9.00 am–11.00 pm""],""Saturday"":[""9.00 am–11.00 pm""],""Sunday"":[""9.00 am–11.00 pm""],""Thursday"":[""9.00 am–11.00 pm""],""Tuesday"":[""9.00 am–11.00 pm""],""Wednesday"":[""9.00 am–11.00 pm""]}","{""Friday"":{""10"":90,""11"":94,""12"":94,""13"":100,""14"":98,""15"":76,""16"":59,""17"":46,""18"":44,""19"":33,""20"":25,""21"":20,""22"":22,""23"":0,""6"":0,""7"":0,""8"":0,""9"":74},""Monday"":{""10"":77,""11"":83,""12"":83,""13"":81,""14"":70,""15"":56,""16"":45,""17"":40,""18"":37,""19"":33,""20"":25,""21"":20,""22"":21,""23"":0,""6"":0,""7"":0,""8"":0,""9"":60},""Saturday"":{""10"":15,""11"":21,""12"":26,""13"":26,""14"":22,""15"":18,""16"":16,""17"":17,""18"":22,""19"":29,""20"":35,""21"":40,""22"":40,""23"":0,""6"":0,""7"":0,""8"":0,""9"":16},""Sunday"":{""10"":5,""11"":8,""12"":10,""13"":11,""14"":12,""15"":11,""16"":17,""17"":16,""18"":17,""19"":17,""20"":17,""21"":21,""22"":18,""23"":0,""6"":0,""7"":0,""8"":0,""9"":3},""Thursday"":{""10"":80,""11"":84,""12"":89,""13"":95,""14"":87,""15"":67,""16"":51,""17"":47,""18"":37,""19"":33,""20"":25,""21"":25,""22"":20,""23"":0,""6"":0,""7"":0,""8"":0,""9"":65},""Tuesday"":{""10"":84,""11"":91,""12"":90,""13"":83,""14"":77,""15"":58,""16"":43,""17"":32,""18"":24,""19"":22,""20"":25,""21"":29,""22"":32,""23"":0,""6"":0,""7"":0,""8"":0,""9"":70},""Wednesday"":{""10"":92,""11"":97,""12"":92,""13"":87,""14"":72,""15"":49,""16"":38,""17"":27,""18"":25,""19"":26,""20"":27,""21"":35,""22"":33,""23"":0,""6"":0,""7"":0,""8"":0,""9"":75}}",14,4.8,"{""1"":0,""2"":0,""3"":1,""4"":1,""5"":12}",-3.323051,114.592422,16281049384211675306,0x2de4230c749862a7:0xe1f1e8277c8778aa,ChIJp2KYdAwj5C0RqniHfCfo8eE,"[{""title"":""All"",""image"":""https://lh3.googleusercontent.com/gps-cs-s/AHRPTWnyB5Z-RdR2Po0ErN_n7oUdLX6wzugGoB25jNEMMvBqdyChvagIBCU1iL_C3g4xx2Tq6I8aQ32FtE0koWiJQwlSlBkd2fRSL8YeCwMlkRPX_gdPRlQ2MdAp8uCk1woYBZLRG4g5wg=w224-h298-k-no""},{""title"":""Food \u0026 drink"",""image"":""https://lh3.googleusercontent.com/gps-cs-s/AHRPTWkTAVcEgtsOdkgPhbJayaAyBltqwDl23zjZtjx8WFVkbw6d5JM4_rfhIXexuR9FdYZ5IRnUUHBz4rwRWHe0BCdnxAtkx0iUW-0lqeO_oxY1c6YMVagbr1oCqPCriw73LB7GPA-E=w247-h298-k-no""},{""title"":""Street View \u0026 360°"",""image"":""https://streetviewpixels-pa.googleapis.com/v1/thumbnail?panoid=CQvNjAIvSdkpLnQLzpr4jA\u0026cb_client=maps_sv.tactile.gps\u0026w=224\u0026h=298\u0026yaw=298.00668\u0026pitch=0\u0026thumbfov=100""}]","{""link"":"""",""source"":""""}"
7b7b74fe-1364-4bd8-94a8-bf8df1501912,https://www.google.com/maps/place/Alenia+Coffee+%26+Eatery/data=!4m7!3m6!1s0x2de4230001f3c3f5:0x8f7469825edda0cb!8m2!3d-3.3094263!4d114.5887424!16s%2Fg%2F11vwfn2gm4!19sChIJ9cPzAQAj5C0Ry6DdXoJpdI8?authuser=0&hl=en&g_ep=EgoyMDI2MDkwMi4wIJJjKgBIAVAD&rclk=1,Alenia Coffee & Eatery,Coffee shop,"Jl. S. Parman No.89, Belitung Utara, Kec. Banjarmasin Bar., Kota Banjarmasin, Kalimantan Selatan 70114","{""Friday"":[""5.00 pm–12.00 am""],""Monday"":[""5.00 pm–12.00 am""],""Saturday"":[""5.00 pm–12.00 am""],""Sunday"":[""5.00 pm–12.00 am""],""Thursday"":[""5.00 pm–12.00 am""],""Tuesday"":[""5.00 pm–12.00 am""],""Wednesday"":[""5.00 pm–12.00 am""]}","{""Friday"":{""10"":0,""11"":0,""12"":0,""13"":0,""14"":0,""15"":0,""16"":0,""17"":31,""18"":48,""19"":63,""20"":84,""21"":96,""22"":100,""23"":80,""6"":0,""7"":0,""8"":0,""9"":0},""Monday"":{""10"":0,""11"":0,""12"":0,""13"":0,""14"":0,""15"":0,""16"":0,""17"":38,""18"":51,""19"":61,""20"":75,""21"":84,""22"":76,""23"":53,""6"":0,""7"":0,""8"":0,""9"":0},""Saturday"":{""10"":0,""11"":0,""12"":0,""13"":0,""14"":0,""15"":0,""16"":0,""17"":34,""18"":45,""19"":54,""20"":73,""21"":88,""22"":97,""23"":77,""6"":0,""7"":0,""8"":0,""9"":0},""Sunday"":{""10"":0,""11"":0,""12"":0,""13"":0,""14"":0,""15"":0,""16"":0,""17"":24,""18"":36,""19"":50,""20"":50,""21"":47,""22"":40,""23"":31,""6"":0,""7"":0,""8"":0,""9"":0},""Thursday"":{""10"":0,""11"":0,""12"":0,""13"":0,""14"":0,""15"":0,""16"":0,""17"":19,""18"":33,""19"":51,""20"":70,""21"":75,""22"":69,""23"":46,""6"":0,""7"":0,""8"":0,""9"":0},""Tuesday"":{""10"":0,""11"":0,""12"":0,""13"":0,""14"":0,""15"":0,""16"":0,""17"":29,""18"":48,""19"":58,""20"":68,""21"":72,""22"":69,""23"":46,""6"":0,""7"":0,""8"":0,""9"":0},""Wednesday"":{""10"":0,""11"":0,""12"":0,""13"":0,""14"":0,""15"":0,""16"":0,""17"":30,""18"":46,""19"":60,""20"":74,""21"":83,""22"":73,""23"":47,""6"":0,""7"":0,""8"":0,""9"":0}}",24,5.0,"{""1"":0,""2"":0,""3"":0,""4"":0,""5"":24}",-3.309426,114.588742,10337003053380378827,0x2de4230001f3c3f5:0x8f7469825edda0cb,ChIJ9cPzAQAj5C0Ry6DdXoJpdI8,"[{""title"":""All"",""image"":""https://lh3.googleusercontent.com/gps-cs-s/AHRPTWkKPThgL3S64zdrq6MbfIsiyj-aZbtH6e21RD0UFkmGYgylbVhsT3bcGbyLDx6fzslnFLsWAGIfx5un_3MbfMndHFzAAcUAAa4-kJelW0eEe5yHvJjQLRRqY24zY1sI2B_WZILJYmWkrDE=w224-h398-k-no""},{""title"":""Food \u0026 drink"",""image"":""https://lh3.googleusercontent.com/gps-cs-s/AHRPTWnQC8MldAbfsrsnAcwehsqBZTz8EPpQYc6Aly7PFsX7oSxdlbfQJElWUc2eGQfB-5n-cwCwS4MdKrUHjWyevsy4iF1dBexk-yUj-8_g6R1fK2WlF3brIThsb07rZF0DxamBS7Z2UFkT-gGc=w224-h398-k-no""},{""title"":""Videos"",""image"":""https://lh3.googleusercontent.com/gps-cs-s/AHRPTWmWOHnygPsO2KUf-hmiYxTjqmug5pDMuGQYhr0d8YjZsP2pGkQucbqmpFSOynyKqhpSv9by8YLBs6xmSS61TyAeUN9waoakHfQ_cRb2TDN34_AOwABniqo1r8e6ADFzpuoNaHJV=w224-h398-k-no""},{""title"":""Street View \u0026 360°"",""image"":""https://streetviewpixels-pa.googleapis.com/v1/thumbnail?panoid=L9joqW0RyVxBIUkA_49zow\u0026cb_client=maps_sv.tactile.gps\u0026w=224\u0026h=298\u0026yaw=270.3577\u0026pitch=0\u0026thumbfov=100""}]","{""link"":"""",""source"":""""}"
7b7b74fe-1364-4bd8-94a8-bf8df1501912,https://www.google.com/maps/place/TUSUK+KOFFEE/data=!4m7!3m6!1s0x2de42378fc2cddaf:0x28ad46e78b626948!8m2!3d-3.3235657!4d114.592448!16s%2Fg%2F11gmwwzbgs!19sChIJr90s_Hgj5C0RSGlii-dGrSg?authuser=0&hl=en&g_ep=EgoyMDI2MDkwMi4wIJJjKgBIAVAD&rclk=1,TUSUK KOFFEE,Coffee shop,"Jl. Bank Rakyat No.33, Kertak Baru Ulu, Banjarmasin Tengah, Banjarmasin City, South Kalimantan 70231","{""Friday"":[""7.00 am–1.00 am""],""Monday"":[""7.00 am–12.00 am""],""Saturday"":[""7.00 am–1.00 am""],""Sunday"":[""7.00 am–12.00 am""],""Thursday"":[""7.00 am–12.00 am""],""Tuesday"":[""7.00 am–12.00 am""],""Wednesday"":[""7.00 am–12.00 am""]}","{""Friday"":{""0"":30,""10"":21,""11"":22,""12"":22,""13"":25,""14"":26,""15"":25,""16"":22,""17"":22,""18"":28,""19"":39,""20"":53,""21"":67,""22"":70,""23"":57,""6"":0,""7"":8,""8"":13,""9"":17},""Monday"":{""10"":26,""11"":31,""12"":35,""13"":35,""14"":32,""15"":26,""16"":23,""17"":22,""18"":25,""19"":29,""20"":38,""21"":45,""22"":45,""23"":35,""6"":0,""7"":11,""8"":16,""9"":22},""Saturday"":{""0"":45,""10"":27,""11"":34,""12"":37,""13"":38,""14"":34,""15"":27,""16"":24,""17"":23,""18"":32,""19"":48,""20"":73,""21"":93,""22"":100,""23"":83,""6"":0,""7"":8,""8"":13,""9"":20},""Sunday"":{""10"":19,""11"":25,""12"":28,""13"":27,""14"":23,""15"":21,""16"":23,""17"":29,""18"":38,""19"":44,""20"":53,""21"":58,""22"":57,""23"":45,""6"":0,""7"":17,""8"":18,""9"":17},""Thursday"":{""10"":23,""11"":24,""12"":27,""13"":28,""14"":29,""15"":26,""16"":23,""17"":21,""18"":24,""19"":33,""20"":47,""21"":57,""22"":57,""23"":43,""6"":0,""7"":8,""8"":13,""9"":18},""Tuesday"":{""10"":24,""11"":31,""12"":34,""13"":34,""14"":29,""15"":26,""16"":22,""17"":23,""18"":25,""19"":32,""20"":41,""21"":50,""22"":52,""23"":43,""6"":0,""7"":8,""8"":12,""9"":18},""Wednesday"":{""10"":21,""11"":25,""12"":29,""13"":31,""14"":31,""15"":28,""16"":26,""17"":26,""18"":29,""19"":39,""20"":51,""21"":61,""22"":59,""23"":45,""6"":0,""7"":10,""8"":14,""9"":18}}",532,4.5,"{""1"":16,""2"":7,""3"":38,""4"":118,""5"":353}",-3.323566,114.592448,2931076892777933128,0x2de42378fc2cddaf:0x28ad46e78b626948,ChIJr90s_Hgj5C0RSGlii-dGrSg,"[{""title"":""All"",""image"":""https://lh3.googleusercontent.com/gps-cs-s/AHRPTWmP3QLqLvoBY_1onhWGgQHfOTCfoTdqGSv_Q_mZo2s72Eju_nBjBkwZlbmskLE2Wfio8JTquI4-QC0zS0VaHjYyu4PidDzxxwdK57AF5mU9beuUsEcij1znkLxkx5GJnvm5l9CCXA=w303-h298-k-no""},{""title"":""Latest"",""image"":""https://lh3.googleusercontent.com/gps-cs-s/AHRPTWl4RluAsFOHl_UVy32dZl6Al2DJz3lQpLscKqFI-0WVuaem3yKjCKGiJpmxe7oN8uYfQ8JmFOUQ4v-rmO6JdVRYLkrKmDws_fE0jDeGvy_GgWMkHqcy8JohY6tHhUWRvy6ILp0INUBkJf_8=w298-h298-k-no""},{""title"":""Videos"",""image"":""https://lh3.googleusercontent.com/gps-cs-s/AHRPTWmL11khkhIJsuSujVsv-xvwe9Em7cLEeGxquvcOSJNtAP3_2vEtvIhViT_DDbjUFgLgmHHrYiqr505hGw-oRZfEQDdg09rgW_ys61z04WzjmyftExukJnjOAT0agqOWe4OU21sAnkfAXyA=w224-h398-k-no""},{""title"":""Menu"",""image"":""https://lh3.googleusercontent.com/gps-cs-s/AHRPTWmhMKjDRpPgwKgACkLT0-BApeFnxa1Qm_LsUIFGPvGKY6KTdgbTV5-uj6LtFyxvxiqk4wK1iOFa2qZREBq43zUE5I_ui6IDhsg6l2-zf2TYxgVrPXwJ4cQGSrXpAKYBL9PIdaxR9ckKc3Q=w224-h298-k-no""},{""title"":""Food \u0026 drink"",""image"":""https://lh3.googleusercontent.com/gps-cs-s/AHRPTWlppZExxDf22b6ZmVNzr-BvPvS_GWht5BJeLEjf9hsJePyWQWVwq0ZQEAvjEAVEgXaEHUG56UyT4w02q_DKA-dPYgyOlNA7w_mf31cun9kKtsPQMgq-lTBW3Exj1jK93wOpCbCs=w224-h298-k-no""},{""title"":""Vibe"",""image"":""https://lh3.googleusercontent.com/gps-cs-s/AHRPTWll0K-LrJQcJBqf5bNha4K1IV1pG_fPAcWabGB0st7OdNQ0UMDua9ECR5jL9JpmIGz_UiNXGqXZCrmsLL1Nj67Yp6fCYafC5u7GLEJ3rMXkgjXG1jO2qRL6eA_94PJqLUYlK0Hk=w397-h298-k-no""},{""title"":""Coffee"",""image"":""https://lh3.googleusercontent.com/gps-cs-s/AHRPTWlvh-cY-bFsfsniH41h8eAY2wU2OZKg1yvW8tsEKJZLS9kQbhUsGUKqjjNP9YCXfu42Zau2c4dQQp9FLV816dEcIn5t8cmzpT5G6rtdfk6va1j38_-PaMKkHzs0b1qCP5CAIDiH7gNu0Gfg=w224-h298-k-no""},{""title"":""By owner"",""image"":""https://lh3.googleusercontent.com/gps-cs-s/AHRPTWkd5IpCqOR0g3mq1qrtkpDWhvwinQ10x9wX8C4Nq9OQ6y06s4FSTCABVjQxogeANAGd7O2OthZ94H30GLgSN-o7JCATKw1SxoG5Mz_U4eMGI_vZzJsO9ET-ZlHXHcJvcWTRSGPcbA=w525-h298-k-no""},{""title"":""Street View \u0026 360°"",""image"":""https://streetviewpixels-pa.googleapis.com/v1/thumbnail?panoid=qklGU_9UesqHK2IGBR4mmg\u0026cb_client=maps_sv.tactile.gps\u0026w=224\u0026h=298\u0026yaw=120.25413\u0026pitch=0\u0026thumbfov=100""}]","{""link"":"""",""source"":""""}"
7b7b74fe-1364-4bd8-94a8-bf8df1501912,https://www.google.com/maps/place/Aiakawa+Coffee+Kawan+4/data=!4m7!3m6!1s0x2de423adfe6c0dbb:0x37d949ceebdb0baa!8m2!3d-3.3017343!4d114.589262!16s%2Fg%2F11tbyhpb2z!19sChIJuw1s_q0j5C0Rqgvb685J2Tc?authuser=0&hl=en&g_ep=EgoyMDI2MDkwMi4wIJJjKgBIAVAD&rclk=1,Aiakawa Coffee Kawan 4,Coffee shop,"Jl. Brigjen H Jl. Brigjend H. Hasan Basri No.09, Sungai Miai, Kec. Banjarmasin Utara, Kota Banjarmasin, Kalimantan Selatan 70124","{""Friday"":[""8.00 am–11.30 pm""],""Monday"":[""8.00 am–11.30 pm""],""Saturday"":[""8.00 am–11.30 pm""],""Sunday"":[""8.00 am–11.30 pm""],""Thursday"":[""8.00 am–11.30 pm""],""Tuesday"":[""8.00 am–11.30 pm""],""Wednesday"":[""8.00 am–11.30 pm""]}","{""Friday"":{""10"":26,""11"":20,""12"":18,""13"":18,""14"":23,""15"":28,""16"":38,""17"":46,""18"":49,""19"":57,""20"":65,""21"":62,""22"":47,""23"":28,""6"":0,""7"":0,""8"":15,""9"":24},""Monday"":{""10"":44,""11"":38,""12"":28,""13"":27,""14"":31,""15"":37,""16"":47,""17"":55,""18"":58,""19"":58,""20"":57,""21"":46,""22"":32,""23"":19,""6"":0,""7"":0,""8"":26,""9"":41},""Saturday"":{""10"":37,""11"":35,""12"":28,""13"":27,""14"":28,""15"":33,""16"":38,""17"":47,""18"":60,""19"":83,""20"":100,""21"":97,""22"":80,""23"":55,""6"":0,""7"":0,""8"":19,""9"":31},""Sunday"":{""10"":7,""11"":8,""12"":9,""13"":10,""14"":13,""15"":15,""16"":18,""17"":22,""18"":27,""19"":35,""20"":43,""21"":47,""22"":41,""23"":29,""6"":0,""7"":0,""8"":8,""9"":8},""Thursday"":{""10"":29,""11"":29,""12"":25,""13"":27,""14"":30,""15"":35,""16"":45,""17"":53,""18"":57,""19"":60,""20"":59,""21"":47,""22"":33,""23"":20,""6"":0,""7"":0,""8"":14,""9"":26},""Tuesday"":{""10"":38,""11"":32,""12"":26,""13"":24,""14"":31,""15"":39,""16"":45,""17"":50,""18"":56,""19"":69,""20"":79,""21"":71,""22"":53,""23"":33,""6"":0,""7"":0,""8"":19,""9"":32},""Wednesday"":{""10"":35,""11"":31,""12"":26,""13"":22,""14"":24,""15"":31,""16"":43,""17"":52,""18"":55,""19"":58,""20"":58,""21"":52,""22"":42,""23"":30,""6"":0,""7"":0,""8"":16,""9"":30}}",184,4.6,"{""1"":5,""2"":3,""3"":8,""4"":22,""5"":146}",-3.301734,114.589262,4024328895101340586,0x2de423adfe6c0dbb:0x37d949ceebdb0baa,ChIJuw1s_q0j5C0Rqgvb685J2Tc,"[{""title"":""All"",""image"":""https://lh3.googleusercontent.com/gps-cs-s/AHRPTWn1nqPDRcxoiL-tTwf4CNnli4h2odeqJ_6locCIUFouRnu8Qjx5kv9i7imM_PDQJU54i2vxLqR-pODVCkMXnnxTXQM6JbxfkDQQtXMXt6A0o-trshxmCm3qNkaIroWxs6dXvXvIeSkOuegP=w224-h298-k-no""},{""title"":""Menu"",""image"":""https://lh3.googleusercontent.com/gps-cs-s/AHRPTWnUWngToTN1DEo-IASHdTuxHjaE8dw-BFzIpX73GJp9ripyfnrZ_OPPiaMQogNFBXHIsySSqPszMz3msQfwi0c8kzG-vP25HfOCoG-XKaB3xhm56sMq_KOpaoUHnLyX3QLLogA=w224-h298-k-no""},{""title"":""Videos"",""image"":""https://lh3.googleusercontent.com/gps-cs-s/AHRPTWnqpCspnD6MVDH0uPE-wEiRo5rF5lrGUihnGPDSP5EQLKUASQ0IJxwJeHP6ztfUljBU9mRKwRxWoqzR46m1Zfkdn9-phPiXDH3gnUe-GvDcgYzDjSHVl8CyU21WEXBNN-jPrZR_CRXPvrbh=w224-h401-k-no""},{""title"":""Food \u0026 drink"",""image"":""https://lh3.googleusercontent.com/gps-cs-s/AHRPTWnPlCoybVKcxR9t5Rb2jbv7l6wiT_pag0mBaXQNdfI6Qg8ViqXr1m1lwxl7sawREIPb0NLC-PWSfs94geImrBo41QrSjCIjTpmC7haAdwxDThgeoFlvlP39kubQWiGI4mPfK6wW01U64Mbv=w224-h336-k-no""},{""title"":""Vibe"",""image"":""https://lh3.googleusercontent.com/gps-cs-s/AHRPTWmIJVEGndsm3MyxJjtXfXdlmcQwmQfC29-ksZVo9taiWcZ3e5HhA7gYAfdeUXzCT4Fvpyf2yjSMA6c_3rriPtzmTL09rmtMO7nndx216MzYkmir6JhGtuz660zzkUynVWcmMT6AvPZ7d57a=w224-h298-k-no""},{""title"":""Coffee"",""image"":""https://lh3.googleusercontent.com/gps-cs-s/AHRPTWk9AFy9imLU4gCJJJHkATmTz9IeHIPeAM9UMSZ-nE32WUzsREF7qDSWdlO9g9CqOaHHT8yvUevB4PE7KnCJ0CAJV-rlKiLktHnW651OC02H19pDuXRR1NHGLvnXYKa7BB1LFH177ArAWgM=w224-h298-k-no""},{""title"":""Cold brew coffee"",""image"":""https://lh3.googleusercontent.com/gps-cs-s/AHRPTWkjzVb2L5s09ZhJiqbhYGtZxLkdMVvJDboeBi2OZMuolLPpP91SYnvEx97xri9o3T-lh6JDzofe3qjJUsZlQ-S8TVn0_OXQCxttt66kj8g1I9-f6pn6CJ5Dk2_biI5NnLXpyLrsU29p2iM=w224-h298-k-no""},{""title"":""By owner"",""image"":""https://lh3.googleusercontent.com/gps-cs-s/AHRPTWkJkHnK7NRBXhOmn_0EKqjgwvRxAgD8puomd_lT0PoB2LViWeHjznM_vY5LxjRASlzv0vbPtUM29cc0KtXJdGXpVIiU-pY3qV6oKRdcPJoqkrFnFXjVupI8b3LUGBQ6f5-HIbbCrVaQScIv=w224-h336-k-no""},{""title"":""Street View \u0026 360°"",""image"":""https://streetviewpixels-pa.googleapis.com/v1/thumbnail?panoid=6rG4i-gW6WL1TL00ttFGUg\u0026cb_client=maps_sv.tactile.gps\u0026w=224\u0026h=298\u0026yaw=288.74823\u0026pitch=0\u0026thumbfov=100""}]","{""link"":""/url?q=https://gofood.co.id/en/banjarmasin/restaurant/aiakawa-coffee-kawan-4-hasan-basry-d4c53dc5-3562-4607-8b08-282729338995\u0026opi=79508299\u0026sa=U\u0026ved=0ahUKEwiw7cSZyNyWAxWSbmwGHU2DM5AQqRkIJSgU\u0026usg=AOvVaw2C6KmG8TO6zOVQARAUawcP"",""source"":""gofood.co.id""}"
7b7b74fe-1364-4bd8-94a8-bf8df1501912,https://www.google.com/maps/place/Enchante+Bistro+%26+Cafe/data=!4m7!3m6!1s0x2de423004e92590f:0xf3f48e4fcca15201!8m2!3d-3.3257869!4d114.5882126!16s%2Fg%2F11wvgpm14z!19sChIJD1mSTgAj5C0RAVKhzE-O9PM?authuser=0&hl=en&g_ep=EgoyMDI2MDkwMi4wIJJjKgBIAVAD&rclk=1,Enchante Bistro & Cafe,Cafe,"Jl. M.T. Haryono, Kertak Baru Ilir, Banjarmasin Tengah, Banjarmasin City, South Kalimantan 70111","{""Friday"":[""10.00 am–10.30 pm""],""Monday"":[""10.00 am–10.30 pm""],""Saturday"":[""10.00 am–10.30 pm""],""Sunday"":[""10.00 am–10.30 pm""],""Thursday"":[""10.00 am–10.30 pm""],""Tuesday"":[""10.00 am–10.30 pm""],""Wednesday"":[""10.00 am–10.30 pm""]}","{""Friday"":{""10"":21,""11"":21,""12"":32,""13"":50,""14"":66,""15"":76,""16"":84,""17"":93,""18"":98,""19"":100,""20"":93,""21"":81,""22"":58,""23"":0,""6"":0,""7"":0,""8"":0,""9"":0},""Monday"":{""10"":27,""11"":43,""12"":50,""13"":57,""14"":60,""15"":69,""16"":69,""17"":66,""18"":60,""19"":59,""20"":55,""21"":50,""22"":41,""23"":0,""6"":0,""7"":0,""8"":0,""9"":0},""Saturday"":{""10"":40,""11"":54,""12"":59,""13"":63,""14"":69,""15"":70,""16"":76,""17"":76,""18"":77,""19"":76,""20"":68,""21"":56,""22"":35,""23"":0,""6"":0,""7"":0,""8"":0,""9"":0},""Sunday"":{""10"":16,""11"":18,""12"":25,""13"":31,""14"":37,""15"":41,""16"":52,""17"":58,""18"":69,""19"":70,""20"":58,""21"":44,""22"":30,""23"":0,""6"":0,""7"":0,""8"":0,""9"":0},""Thursday"":{""10"":23,""11"":35,""12"":48,""13"":57,""14"":66,""15"":66,""16"":75,""17"":78,""18"":81,""19"":77,""20"":72,""21"":58,""22"":40,""23"":0,""6"":0,""7"":0,""8"":0,""9"":0},""Tuesday"":{""10"":38,""11"":50,""12"":63,""13"":75,""14"":78,""15"":80,""16"":83,""17"":84,""18"":73,""19"":69,""20"":62,""21"":55,""22"":40,""23"":0,""6"":0,""7"":0,""8"":0,""9"":0},""Wednesday"":{""10"":32,""11"":44,""12"":55,""13"":62,""14"":69,""15"":75,""16"":78,""17"":79,""18"":78,""19"":70,""20"":59,""21"":45,""22"":30,""23"":0,""6"":0,""7"":0,""8"":0,""9"":0}}",322,4.7,"{""1"":16,""2"":2,""3"":1,""4"":10,""5"":293}",-3.325787,114.588213,17578831718920573441,0x2de423004e92590f:0xf3f48e4fcca15201,ChIJD1mSTgAj5C0RAVKhzE-O9PM,"[{""title"":""All"",""image"":""https://lh3.googleusercontent.com/gps-cs-s/AHRPTWk2BLbdzMNM4X-4g2XVttfdkvLmRW9C3v6lfcpLA1Hx3_kHX3DYmHXj83Pc7VD4u2pgcQLMGgj5AtY7HDSil0BHJ5a4SPugMU8NvS_QmjAlM4BUArOX3pInqkvUuLyXfwpIfI3bZ2vk_G9N=w224-h298-k-no""},{""title"":""Latest"",""image"":""https://lh3.googleusercontent.com/gps-cs-s/AHRPTWkvomG1bcXHDGxedZ-x1YDyvqb5EUYyU6A4PqQzT3X4zwakw1M9gNC4tQm-Af28WbL6oxMAVGZ27SSdArvh-JkK_PozgU3I9sTQ9B5YKR5C39ZT1Tug0CMcxAQUrpH4hSg8loFzIJuRKCWS=w224-h298-k-no""},{""title"":""Videos"",""image"":""https://lh3.googleusercontent.com/gps-cs-s/AHRPTWlBvOfQ2Tu40MVpYSvrkkgkQW0-2TOweaG4p2oVTF6bbEiBua-59H2Fo-JMgv911w6yijURf4gj48oPTBc-gsmemBWVRFXBnnQt7DtMlFtpNLPfLGIoi-JCpitAuXfwKQm3qcwNynb5BAqn=w224-h398-k-no""},{""title"":""Menu"",""image"":""https://lh3.googleusercontent.com/gps-cs-s/AHRPTWkHV0_TxCjHH9D4jx9QRBinm1_1c393qs9PXx7i8a7xN63jXzTEHjbrH-_RUDy0IMBQgypD3nhbcyFjMza7-ArQkx2SeYBK_2Mv8yrc6HQMZxs_ICb698d6UamHuZ8JwU6Bkcjpe0cU0eos=w224-h337-k-no""},{""title"":""Food \u0026 drink"",""image"":""https://lh3.googleusercontent.com/gps-cs-s/AHRPTWlyprfdu5wnsw_jHuTBFw_53XuKub3lIIu9KmE4KHtYSMataD3PxdGPEY_UAiJOq4KIVWwj5rcdwlWD_lm7TQdC3Td6rYT1AZjcI_C6LvELUyWAik-7fUCG_Gzt6WiRYY1JqYv-g9j4PZY7=w224-h497-k-no""},{""title"":""Vibe"",""image"":""https://lh3.googleusercontent.com/gps-cs-s/AHRPTWlhy-bsftQt5yFp9uawHCbBjOE5avMHaKJreqKFvQBeHT9StOdCB1UJnmmoxTMKx7P0fSkZBK-2ZfADfQdm2MGjYAJhkkyVxmWtYPF_YnZEHkjNSjN-q8Deq3HaJTBpS5ykERw_XpQWKful=w224-h298-k-no""},{""title"":""Carbonara"",""image"":""https://lh3.googleusercontent.com/gps-cs-s/AHRPTWk170i5NYFKuoderjrKccre-_FgqlcXCpxzku3CPmG3mLCCura0Ef89rmayf1EN78cITyf4Q0Sl3VBRmmQ-FF_5O2G_zWvBHGNHjyPLynQjCWaJ6OnhZyFKeeDBLhW_-hIQadCEDIdsavw=w224-h298-k-no""},{""title"":""Steak"",""image"":""https://lh3.googleusercontent.com/gps-cs-s/AHRPTWnz7w-7WrbidJyIFBtBgwYor2KasJ6JMloRoujNN2C8EZj0Eu2R0K9V7t0OsEBdJN9Vuis15U_UfRNDI2EZSphVsw4fZKJ0sgv3Z4bU8L3WqAsBNfJepyKXPIhl7W0qzPD_P-wwD-iR9W0=w224-h398-k-no""},{""title"":""By owner"",""image"":""https://lh3.googleusercontent.com/gps-cs-s/AHRPTWkUPiqLJiljeoV-D4b8ZvEUdlL4GJnqMe7sM615Qumc7yOSc80Ds0PE0vHccb8j2buW124hVQ3uwpUEef5BNmXCMAm1Ei3WFdzvhwHZV-eiw8OE-SQxsIXMiobrTwkGhUL1ozI-3YxARP04=w224-h298-k-no""},{""title"":""Street View \u0026 360°"",""image"":""https://streetviewpixels-pa.googleapis.com/v1/thumbnail?panoid=Ugnstz8I2ls6Jen_IHRskQ\u0026cb_client=maps_sv.tactile.gps\u0026w=224\u0026h=298\u0026yaw=109.9506\u0026pitch=0\u0026thumbfov=100""}]","{""link"":"""",""source"":""""}"
